<?xml version="1.0"?>

<config_definition>

<entry id="NTASKS_ATM"   value="32"  />    
<entry id="NTHRDS_ATM"   value="1"  />    
<entry id="ROOTPE_ATM"   value="0"  />    

<entry id="NTASKS_LND"   value="32"  />    
<entry id="NTHRDS_LND"   value="1"  />    
<entry id="ROOTPE_LND"   value="0"  />    

<entry id="NTASKS_ROF"   value="32"  />    
<entry id="NTHRDS_ROF"   value="1"  />    
<entry id="ROOTPE_ROF"   value="0"  />    

<entry id="NTASKS_ICE"   value="32"  />    
<entry id="NTHRDS_ICE"   value="1"  />    
<entry id="ROOTPE_ICE"   value="0"  />    

<entry id="NTASKS_OCN"   value="32"  />    
<entry id="NTHRDS_OCN"   value="1"  />    
<entry id="ROOTPE_OCN"   value="0"  />    

<entry id="NTASKS_GLC"   value="32"  />    
<entry id="NTHRDS_GLC"   value="1"  />    
<entry id="ROOTPE_GLC"   value="0"  />    

<entry id="NTASKS_WAV"   value="32"  />    
<entry id="NTHRDS_WAV"   value="1"  />    
<entry id="ROOTPE_WAV"   value="0"  />    

<entry id="NTASKS_CPL"   value="32"  />    
<entry id="NTHRDS_CPL"   value="1"  />    
<entry id="ROOTPE_CPL"   value="0"  />    

</config_definition>
