<?xml version= "1.0"?>

<expectedFails>
   <namelistTest> 
      <yellowstone>
         <INTEL>
            <compare>
               <entry testId="211" failType="xFail"> missing datasets for us20 </entry>
               <entry testId="213" failType="xFail"> missing datasets for us20 </entry>
               <entry testId="291" failType="xFail"> ne16 missing finidat file for 1850</entry>
               <entry testId="293" failType="xFail"> ne16 missing finidat file for 1850</entry>
            </compare>
            <generate>
               <entry testId="138" failType="xFail"> missing datasets for us20 </entry>
               <entry testId="186" failType="xFail"> ne16 missing finidat file for 1850</entry>
            </generate>
         </INTEL>
      </yellowstone>
      <frankfurt>
         <INTEL>
            <compare>
            </compare>
            <generate>
            </generate>
         </INTEL>
      </frankfurt>
   </namelistTest>

   <cesm> 
      <auxShortTests>
         <entry testID="PET.f10_f10.ICLM45BGC." failType="TFAIL">All compilers/platforms.  Once threading fixed, this should pass</entry>
         <yellowstone>
            <INTEL>
            </INTEL>
            <PGI>
               <entry testId="SMS_Ly1.f19_g16.ICLM45BGCCROP.yellowstone_pgi" failType="FAIL" >Water balance errors followed by "negative conc. in ch4tran", then tries "-10^-12 < smin_nh4 < 0. resetting to zero.", then it exits at approximately 9 months.  This same test passes with yellowstone_intel and frankfurt_intel</entry>
            </PGI>
         </yellowstone>
         <frankfurt>
            <INTEL>
            </INTEL>
            <NAG>
               <entry testId="SMS_Ly1.f19_g16.ICLM45BGCCROP.frankfurt_nag" failType="RUN" >Water balance errors followed by "negative conc. in ch4tran", then tries "-10^-12 < smin_nh4 < 0. resetting to zero.", then it exits at approximately 9 months.  This same test passes with yellowstone_intel and frankfurt_intel</entry>
            </NAG>
            <PGI>
               <entry testId="SMS_Ly1.f19_g16.ICLM45BGCCROP.frankfurt_pgi" failType="FAIL" >Water balance errors followed by "negative conc. in ch4tran", then tries "-10^-12 < smin_nh4 < 0. resetting to zero.", then it exits at approximately 9 months.  This same test passes with yellowstone_intel and frankfurt_intel</entry>
            </PGI>
         </frankfurt>
      </auxShortTests>
      <auxTests>
         <yellowstone>
            <INTEL>
               <entry testId="ERS_Ld211_D_P112x1.f10_f10.ICNCROP"                         failType="FAIL"  bugz="1696" >use before define in history.  runs with frankfurt_pgi, yellowstone_intel and yellowstone_pgi</entry>
               <entry testId="PET.f10_f10.ICLM45BGC.yellowstone_intel"                    failType="TFAIL">once threading fixed, this should pass</entry>
               <entry testId="PET_PT.f10_f10.ICLM45BGC.yellowstone_intel"                 failType="TFAIL">once threading fixed, this should pass</entry>
               <entry testId="SSP.f19_g16.I1850CLM45BGC.yellowstone_intel.clm-default"    failType="BFAIL" bugz="1728" >starting in clm4_5_07--The cpl.hi.nc file is not being copied on a generate like it should.</entry>
            </INTEL>
            <PGI>
               <entry testId="ERH_D.f19_g16.I1850CLM45CN.yellowstone_pgi.clm-default"     failType="FAIL" >Restart not BFB.  Runs as ERH_D.f19_g16.I1850CLM45CN.yellowstone_pgi</entry>
               <entry testId="PET.f10_f10.I1850CLM45BGC.yellowstone_pgi.clm-default"      failType="TFAIL" >once threading fixed, this should pass</entry>
               <entry testId="PET_PT_D.f10_f10.I1850CLM45BGC.yellowstone_pgi.clm-ciso"    failType="TFAIL" >once threading fixed, this should pass</entry>
               <entry testId="PET_PT_D.f19_g16.ICLM45BGCDVCROP.yellowstone_pgi.clm-crop"  failType="TFAIL" >once threading fixed, this should pass</entry>
            </PGI>
         </yellowstone>
         <frankfurt>
            <INTEL>
            </INTEL>
            <NAG>
               <entry testId="ERI_Mmpich.f19_g16.ICLM45BGC.frankfurt_nag"  failType="RUN"   >runs out of wallclock time</entry>
               <entry testId="ERI_D.f19_g16.ICLM45BGC.frankfurt_nag"       failType="RUN"   >Sometimes passes, sometimes runs out of wallclock time</entry>
               <entry testId="ERS_Lm3.f19_g16.IGRCP60CN.frankfurt_nag"     failType="CFAIL" >cism needs full NAG port</entry>
               <!-- Following test just seems to run out of wallclock for me sometimes (clm4_5_25), my final version actually passed -->
               <entry testId="SMS_Ly1.f19_g16.ICLM45BGCCROP.frankfurt_nag" failType="RUN"   >Water balance errors followed by "negative conc. in ch4tran", then tries "-10^-12 < smin_nh4 < 0. resetting to zero.", then it exits at approximately 9 months.  This same test passes with yellowstone_intel and frankfurt_intel</entry>
            </NAG>
            <PGI>
               <entry testId="ERS_D.f19_g16.IGRCP26CN.frankfurt_pgi"                     failType="CFAIL" >Problem with cism build</entry>
               <entry testId="ERI_D.f19_g16.ICLM45BGC.frankfurt_pgi"                     failType="FAIL"  >Fails after reading clmforc.Li_2012_hdm_0.5x0.5_AVHRR_simyr1850-2010_c130401.nc.  This same test passes with yellowstone_intel, yellowstone_pgi, frankfurt_intel and frankfurt_nag</entry>
               <entry testId="ERI.f19_g16.ICLM45BGC.frankfurt_pgi"                       failType="FAIL"  >Fails after reading clmforc.Li_2012_hdm_0.5x0.5_AVHRR_simyr1850-2010_c130401.nc.  This same test passes with yellowstone_intel, yellowstone_pgi, frankfurt_intel and frankfurt_nag</entry>
               <entry testId="SMS_Ld5.f19_g16.IRCP45CLM45BGC.frankfurt_pgi.clm-decStart" failType="FAIL"  >Fails after reading clmforc.Li_2012_hdm_0.5x0.5_AVHRR_simyr1850-2010_c130401.nc.  This same test passes with yellowstone_intel</entry>
            </PGI>
         </frankfurt>
     </auxTests>
   </cesm>

   <PTCLM>
         <yellowstone>
            <INTEL>
               <entry testId="0_US-UMB_I_1850_CLM45"          failType="FAIL"              ></entry>
               <entry testId="0_US-UMB_I20TRCLM45"            failType="FAIL"              ></entry>
               <entry testId="0_US-UMB_ICLM45CN"              failType="FAIL"              ></entry>
               <entry testId="0_US-UMB_I1850CLM45BGC"         failType="FAIL"              ></entry>
               <entry testId="0_US-UMB_ICLM45BGC"             failType="FAIL"              ></entry>
            </INTEL>
         </yellowstone>
         <frankfurt>
            <PGI>
            </PGI>
         </frankfurt>
   </PTCLM>

</expectedFails> 
