<?xml version="1.0"?>

<namelist_defaults>

<use_case_desc            >Simulate transient land-use, and aerosol deposition changes with historical data from 1850 to 2005 and then with the RCP2.6 scenario from IMAGE
</use_case_desc>
<use_case_desc bgc="cn"   >Simulate transient land-use, aerosol and Nitrogen deposition changes with historical data from 1850 to 2005 and then with the RCP2.6 scenario from IMAGE
</use_case_desc>
<use_case_desc bgc="cndv" >Simulate transient land-use, aerosol and Nitrogen deposition changes with historical data from 1850 to 2005 and then with the RCP2.6 scenario from IMAGE
</use_case_desc>

<sim_year>1850</sim_year>

<sim_year_range>1850-2100</sim_year_range>

<rcp>2.6</rcp>

<clm_demand >fpftdyn</clm_demand>

<clm_start_type>arb_ic</clm_start_type>

<stream_year_first_ndep bgc="cn"   >1850</stream_year_first_ndep>
<stream_year_last_ndep  bgc="cn"   >2100</stream_year_last_ndep>
<model_year_align_ndep  bgc="cn"   >1850</model_year_align_ndep>

<stream_year_first_ndep bgc="cndv" >1850</stream_year_first_ndep>
<stream_year_last_ndep  bgc="cndv" >2100</stream_year_last_ndep>
<model_year_align_ndep  bgc="cndv" >1850</model_year_align_ndep>

<stream_year_first_popdens  phys="clm4_5" bgc="cn"   >1850</stream_year_first_popdens>
<stream_year_last_popdens   phys="clm4_5" bgc="cn"   >2010</stream_year_last_popdens>
<model_year_align_popdens   phys="clm4_5" bgc="cn"   >1850</model_year_align_popdens>

<stream_year_first_popdens  phys="clm4_5" bgc="cndv" >1850</stream_year_first_popdens>
<stream_year_last_popdens   phys="clm4_5" bgc="cndv" >2010</stream_year_last_popdens>
<model_year_align_popdens   phys="clm4_5" bgc="cndv" >1850</model_year_align_popdens>

</namelist_defaults>
