<?xml version="1.0"?>

<namelist_defaults>

<use_case_desc>Standard Urban Point Namelist Settings</use_case_desc>

<hist_empty_htapes>.true.</hist_empty_htapes>

<hist_dov2xy>.true., .false., .true.</hist_dov2xy>

<hist_fincl1>'TBUILD','BUILDHEAT','TRAFFICFLUX','WASTEHEAT','SWup','LWup','Rnet','Qh','Qle','Qstor','Qtau','Qanth','Wind','Qair','Tair','PSurf','Rainf','SWdown','LWdown','COSZEN'</hist_fincl1>

<hist_fincl2>'TG','TBOT','FIRE','FIRA','FLDS','FSDS','FSR','FSA','FGEV','FSH','FGR','TSOI','ERRSOI','BUILDHEAT','SABV','SABG','FSDSVD','FSDSND','FSDSVI','FSDSNI','FSRVD','FSRND','FSRVI','FSRNI','TSA','FCTR','FCEV','QBOT','Q2M','H2OSOI','H2OSNO','SOILLIQ','SOILICE','SWup','LWup','Rnet','Qh','Qle','Qstor','Qtau','Qanth','Wind','Qair','Tair','PSurf','Rainf','SWdown','LWdown','SoilAlpha_U','ZWT','WA'
</hist_fincl2>

<hist_fincl3>'SWup','LWup','Rnet','Qh','Qle','Qstor','Qtau','Qanth','Wind','Qair','Tair','PSurf','Rainf','SWdown','LWdown','FSA','FIRA','TG','COSZEN','SoilAlpha_U','TBUILD','BUILDHEAT'
</hist_fincl3>

<urban_hac>'OFF'</urban_hac>

</namelist_defaults>
