<?xml version="1.0"?>

<namelist_defaults>

<!-- Timestep size (this is the dynamics/physics coupling interval) -->
<dtime dyn="eul"                   >1200</dtime>
<dtime dyn="eul"   hgrid="256x512" >300 </dtime>
<dtime dyn="eul"   hgrid="128x256" >600 </dtime>
<dtime dyn="eul"   hgrid="64x128"  >1200</dtime>
<dtime dyn="eul"   hgrid="48x96"   >1800</dtime>
<dtime dyn="eul"   hgrid="32x64"   >1800</dtime>
<dtime dyn="eul"   hgrid="8x16"    >1800</dtime>

<dtime dyn="fv"                    >1800</dtime>
<dtime dyn="fv"    waccmx="1"      >300 </dtime>

<dtime dyn="se"                    >1800</dtime>
<dtime dyn="se"    hgrid="ne11np4" >1800</dtime>
<dtime dyn="se"    hgrid="ne16np4" >1800</dtime>
<dtime dyn="se"    hgrid="ne30np4" >1800</dtime>
<dtime dyn="se"    hgrid="ne60np4" >1800</dtime>
<dtime dyn="se"    hgrid="ne120np4">900 </dtime>
<dtime dyn="se"    hgrid="ne240np4">600 </dtime>

<dtime dyn="sld"                   >3600</dtime>

<!-- Initial conditions -->
<ncdata dyn="fv"  hgrid="0.23x0.31" nlev="26" ic_ymd="101"      >atm/cam/inic/fv/cami_0000-01-01_0.23x0.31_L26_c100513.nc</ncdata>
<ncdata dyn="fv"  hgrid="0.23x0.31" nlev="26" ic_ymd="901"      >atm/cam/inic/fv/cami_0000-09-01_0.23x0.31_L26_c061106.nc</ncdata>
<ncdata dyn="fv"  hgrid="0.47x0.63" nlev="26" ic_ymd="101"      >atm/cam/inic/fv/cami_1980-01-01_0.47x0.63_L26_c071226.nc</ncdata>
<ncdata dyn="fv"  hgrid="0.47x0.63" nlev="26" ic_ymd="901"      >atm/cam/inic/fv/cami_0000-09-01_0.47x0.63_L26_c061106.nc</ncdata>
<ncdata dyn="fv"  hgrid="0.5x0.625" nlev="26" ic_ymd="1001"     >atm/cam/inic/fv/cami_0000-10-01_0.5x0.625_L26_c031204.nc</ncdata>
<ncdata dyn="fv"  hgrid="0.9x1.25"  nlev="26" ic_ymd="101"      >atm/cam/inic/fv/cami_1987-01-01_0.9x1.25_L26_c060703.nc</ncdata>
<ncdata dyn="fv"  hgrid="0.9x1.25"  nlev="26" ic_ymd="901"      >atm/cam/inic/fv/cami_0000-09-01_0.9x1.25_L26_c051205.nc</ncdata>
<ncdata dyn="fv"  hgrid="1.9x2.5"   nlev="26" ic_ymd="101"      >atm/cam/inic/fv/cami_0000-01-01_1.9x2.5_L26_c070408.nc</ncdata>
<ncdata dyn="fv"  hgrid="1.9x2.5"   nlev="26" ic_ymd="901"      >atm/cam/inic/fv/cami_0000-09-01_1.9x2.5_L26_c040809.nc</ncdata>
<ncdata dyn="fv"  hgrid="2.5x3.33"  nlev="26" ic_ymd="101"      >atm/cam/inic/fv/cami_0000-01-01_2.5x3.33_L26_c110309.nc</ncdata>
<ncdata dyn="fv"  hgrid="2.5x3.33"  nlev="26" ic_ymd="901"      >atm/cam/inic/fv/cami_0000-09-01_2.5x3.33_L26_c091007.nc</ncdata>
<ncdata dyn="fv"  hgrid="4x5"       nlev="26" ic_ymd="101"      >atm/cam/inic/fv/cami_0001-01-01_4x5_L26_c060608.nc</ncdata>
<ncdata dyn="fv"  hgrid="10x15"     nlev="26" ic_ymd="101"      >atm/cam/inic/fv/cami_0000-01-01_10x15_L26_c030918.nc</ncdata>

<ncdata dyn="fv"  hgrid="0.23x0.31" nlev="30"  ic_ymd="101"     >atm/cam/inic/fv/cami-mam3_0000-01-01_0.23x0.31_L30_c110527.nc</ncdata>
<ncdata dyn="fv"  hgrid="0.47x0.63" nlev="30"  ic_ymd="101"     >atm/cam/inic/fv/cami-mam3_0000-01-01_0.47x0.63_L30_c100929.nc</ncdata>
<ncdata dyn="fv"  hgrid="0.9x1.25"  nlev="30"  ic_ymd="101"     >atm/cam/inic/fv/cami-mam3_0000-01-01_0.9x1.25_L30_c100618.nc</ncdata>
<ncdata dyn="fv"  hgrid="1.9x2.5"   nlev="30"  ic_ymd="101"     >atm/cam/inic/fv/cami_0000-01-01_1.9x2.5_L30_c070703.nc</ncdata>
<ncdata dyn="fv"  hgrid="1.9x2.5"   nlev="30"  ic_ymd="901"     >atm/cam/inic/fv/cami_0000-09-01_1.9x2.5_L30_c070109.nc</ncdata>
<ncdata dyn="fv"  hgrid="2.5x3.33"  nlev="30"  ic_ymd="101"     >atm/cam/inic/fv/cami_0000-01-01_2.5x3.33_L30_c110309.nc </ncdata>
<ncdata dyn="fv"  hgrid="2.5x3.33"  nlev="30"  ic_ymd="901"     >atm/cam/inic/fv/cami_0000-09-01_2.5x3.33_L30_c100831.nc</ncdata>
<ncdata dyn="fv"  hgrid="4x5"       nlev="30"  ic_ymd="101"     >atm/cam/inic/fv/cami_0000-01-01_4x5_L30_c090108.nc</ncdata>
<ncdata dyn="fv"  hgrid="10x15"     nlev="30"  ic_ymd="101"     >atm/cam/inic/fv/cami_0000-01-01_10x15_L30_c081013.nc</ncdata>

<ncdata dyn="fv"  hgrid="1.9x2.5"   nlev="64"  ic_ymd="101"     >atm/cam/inic/fv/cami_0000-01-01_1.9x2.5_L64_c070703.nc</ncdata>
<ncdata dyn="fv"  hgrid="4x5"       nlev="64"  ic_ymd="101"     >atm/cam/inic/fv/cami_0000-01-01_4x5_L64_c090108.nc</ncdata>
<ncdata dyn="fv"  hgrid="10x15"     nlev="64"  ic_ymd="101"     >atm/cam/inic/fv/cami_0000-01-01_10x15_L64_c081013.nc</ncdata>

<ncdata dyn="fv"  hgrid="1.9x2.5"   nlev="30"  chem="trop_mam3" ic_ymd="101">atm/cam/inic/fv/cami-mam3_0000-01-01_1.9x2.5_L30_c090306.nc</ncdata>

<ncdata dyn="fv"  hgrid="0.47x0.63" nlev="26"  ocn="aquaplanet"  ic_ymd="101" >atm/cam/inic/fv/cami_0000-01-01_0.47x0.63_L26_APE_c080227.nc</ncdata>
<ncdata dyn="fv"  hgrid="1.9x2.5"   nlev="26"  ocn="aquaplanet"  ic_ymd="101" >atm/cam/inic/fv/cami_0000-01-01_1.9x2.5_L26_APE_c080203.nc</ncdata>

<ncdata dyn="fv"  hgrid="0.9x1.25"  nlev="30"  chem="trop_mozart" ic_ymd="19900101" >atm/cam/inic/fv/cami-chem_1990-01-01_0.9x1.25_L30_c080724.nc</ncdata>
<ncdata dyn="fv"  hgrid="1.9x2.5"   nlev="26"  chem="trop_mozart" ic_ymd="19900101" >atm/cam/inic/fv/cami-chem_1990-01-01_1.9x2.5_L26_c080114.nc</ncdata>
<ncdata dyn="fv"  hgrid="1.9x2.5"   nlev="30"  chem="trop_mozart" ic_ymd="19900101" >atm/cam/inic/fv/cami-chem_1990-01-01_1.9x2.5_L30_c080215.nc</ncdata>

<ncdata dyn="fv" hgrid="10x15"   nlev="26" chem="trop_mozart" ic_ymd="101" >atm/cam/inic/fv/camchemi_0012-01-01_10x15_L26_c081104.nc</ncdata>
<ncdata dyn="fv" hgrid="10x15"   nlev="30" chem="trop_mozart" ic_ymd="101" >atm/cam/inic/fv/camchemi_0012-01-01_10x15_L30_c081104.nc</ncdata>
<ncdata dyn="fv" hgrid="4x5"     nlev="26" chem="trop_mozart" ic_ymd="101" >atm/cam/inic/fv/camchemi_0012-01-01_4x5_L26_c081104.nc</ncdata>
<ncdata dyn="fv" hgrid="4x5"     nlev="30" chem="trop_mozart" ic_ymd="101" >atm/cam/inic/fv/camchemi_0012-01-01_4x5_L30_c081104.nc</ncdata>
<ncdata dyn="fv" hgrid="1.9x2.5" nlev="26" chem="trop_mozart" ic_ymd="101" >atm/cam/inic/fv/camchemi_0012-01-01_1.9x2.5_L26_c081104.nc</ncdata>
<ncdata dyn="fv" hgrid="1.9x2.5" nlev="30" chem="trop_mozart" ic_ymd="101" >atm/cam/inic/fv/camchemi_0012-01-01_1.9x2.5_L30_c081104.nc</ncdata>

<ncdata dyn="fv" hgrid="10x15"   nlev="26" chem="trop_mozart_soa" ic_ymd="101" >atm/cam/inic/fv/camchemi_0012-01-01_10x15_L26_c081104.nc</ncdata>
<ncdata dyn="fv" hgrid="10x15"   nlev="30" chem="trop_mozart_soa" ic_ymd="101" >atm/cam/inic/fv/camchemi_0012-01-01_10x15_L30_c081104.nc</ncdata>
<ncdata dyn="fv" hgrid="4x5"     nlev="26" chem="trop_mozart_soa" ic_ymd="101" >atm/cam/inic/fv/camchemi_0012-01-01_4x5_L26_c081104.nc</ncdata>
<ncdata dyn="fv" hgrid="4x5"     nlev="30" chem="trop_mozart_soa" ic_ymd="101" >atm/cam/inic/fv/camchemi_0012-01-01_4x5_L30_c081104.nc</ncdata>
<ncdata dyn="fv" hgrid="1.9x2.5" nlev="26" chem="trop_mozart_soa" ic_ymd="101" >atm/cam/inic/fv/camchemi_0012-01-01_1.9x2.5_L26_c081104.nc</ncdata>
<ncdata dyn="fv" hgrid="1.9x2.5" nlev="30" chem="trop_mozart_soa" ic_ymd="101" >atm/cam/inic/fv/camchemi_0012-01-01_1.9x2.5_L30_c081104.nc</ncdata>

<ncdata dyn="fv" hgrid="10x15"   nlev="30" chem="trop_mozart_mam3" ic_ymd="101" >atm/cam/inic/fv/trop_strat_mam3_chem_2000-01-01_10x15_L30_c120222.nc</ncdata>
<ncdata dyn="fv" hgrid="4x5"     nlev="30" chem="trop_mozart_mam3" ic_ymd="101" >atm/cam/inic/fv/trop_strat_mam3_chem_2000-01-01_4x5_L30_c120222.nc</ncdata>
<ncdata dyn="fv" hgrid="1.9x2.5" nlev="30" chem="trop_mozart_mam3" ic_ymd="101" >atm/cam/inic/fv/trop_strat_mam3_chem_2000-01-01_1.9x2.5_L30_c120222.nc</ncdata>

<ncdata dyn="fv" hgrid="10x15"   nlev="30" chem="trop_strat_mam3" ic_ymd="101" >atm/cam/inic/fv/trop_strat_mam3_chem_2000-01-01_10x15_L30_c121015.nc</ncdata>
<ncdata dyn="fv" hgrid="4x5"     nlev="30" chem="trop_strat_mam3" ic_ymd="101" >atm/cam/inic/fv/trop_strat_mam3_chem_2000-01-01_4x5_L30_c121015.nc</ncdata>
<ncdata dyn="fv" hgrid="1.9x2.5" nlev="30" chem="trop_strat_mam3" ic_ymd="101" >atm/cam/inic/fv/trop_strat_mam3_chem_2000-01-01_1.9x2.5_L30_c121015.nc</ncdata>

<ncdata dyn="fv" hgrid="10x15"   nlev="30" chem="trop_strat_mam7" ic_ymd="101" >atm/cam/inic/fv/trop_strat_mam7_chem_2000-01-01_10x15_L30_c121011.nc</ncdata>
<ncdata dyn="fv" hgrid="4x5"     nlev="30" chem="trop_strat_mam7" ic_ymd="101" >atm/cam/inic/fv/trop_strat_mam7_chem_2000-01-01_4x5_L30_c121011.nc</ncdata>
<ncdata dyn="fv" hgrid="1.9x2.5" nlev="30" chem="trop_strat_mam7" ic_ymd="101" >atm/cam/inic/fv/trop_strat_mam7_chem_2000-01-01_1.9x2.5_L30_c121011.nc</ncdata>

<ncdata dyn="fv" hgrid="10x15"   nlev="26" chem="super_fast_llnl" ic_ymd="101" >atm/cam/inic/fv/camchemi_0012-01-01_10x15_L26_c081104.nc</ncdata>
<ncdata dyn="fv" hgrid="10x15"   nlev="30" chem="super_fast_llnl" ic_ymd="101" >atm/cam/inic/fv/camchemi_0012-01-01_10x15_L30_c081104.nc</ncdata>
<ncdata dyn="fv" hgrid="4x5"     nlev="26" chem="super_fast_llnl" ic_ymd="101" >atm/cam/inic/fv/camchemi_0012-01-01_4x5_L26_c081104.nc</ncdata>
<ncdata dyn="fv" hgrid="4x5"     nlev="30" chem="super_fast_llnl" ic_ymd="101" >atm/cam/inic/fv/camchemi_0012-01-01_4x5_L30_c081104.nc</ncdata>
<ncdata dyn="fv" hgrid="1.9x2.5" nlev="26" chem="super_fast_llnl" ic_ymd="101" >atm/cam/inic/fv/camchemi_0012-01-01_1.9x2.5_L26_c081104.nc</ncdata>
<ncdata dyn="fv" hgrid="1.9x2.5" nlev="30" chem="super_fast_llnl" ic_ymd="101" >atm/cam/inic/fv/camchemi_0012-01-01_1.9x2.5_L30_c081104.nc</ncdata>

<ncdata dyn="fv"  hgrid="4x5"       nlev="26"  chem="trop_mozart" ic_ymd="901" >atm/cam/chem/trop_mozart/ic/cami_0000-09-01_4x5_L26_c060217.nc</ncdata>
<ncdata dyn="fv"  hgrid="10x15"     nlev="26"  chem="trop_mozart" ic_ymd="901" >atm/cam/chem/trop_mozart/ic/cami_0000-09-01_10x15_L26_c060216.nc</ncdata>

<ncdata dyn="fv"  hgrid="0.9x1.25"  nlev="66"   ic_ymd="20000201" >atm/waccm/ic/cami_2000-02-01_0.9x1.25_L66_c040928.nc</ncdata>
<ncdata dyn="fv"  hgrid="0.9x1.25"  nlev="103"  ic_ymd="20000201" >atm/waccm/ic/cami_2000-02-01_0.9x1.25_L103_c041005.nc</ncdata>
<ncdata dyn="fv"  hgrid="1.9x2.5"   nlev="66"   ic_ymd="20000701" >atm/waccm/ic/cami_2000-07-01_1.9x2.5_L66_c040928.nc</ncdata>
<ncdata dyn="fv"  hgrid="1.9x2.5"   nlev="70"   ic_ymd="20000101" >atm/waccm/ic/f2000.waccm-mam3_1.9x2.5_L70.cam2.i.0017-01-01.c120410.nc</ncdata>
<ncdata dyn="fv"  hgrid="4x5"       nlev="70"   ic_ymd="20000101" >atm/waccm/ic/f2000.waccm-mam3_4x5_L70.cam2.i.0017-01-01.c121113.nc</ncdata>
<ncdata dyn="fv"  hgrid="1.9x2.5"   nlev="70"   ic_ymd="18500101" >atm/waccm/ic/b1850.waccm-mam3_1.9x2.5_L70.cam2.i.0156-01-01.c120523.nc</ncdata>
<ncdata dyn="fv"  hgrid="1.9x2.5"   nlev="103"  ic_ymd="20000501" >atm/waccm/ic/cami_2000-05-01_1.9x2.5_L103_c040928.nc</ncdata>
<ncdata dyn="fv"  hgrid="1.9x2.5"   nlev="125"  ic_ymd="20000701" >atm/waccm/ic/cami_2000-07-01_1.9x2.5_L125_c040928.nc</ncdata>
<ncdata dyn="fv"  hgrid="4x5"       nlev="66"   ic_ymd="19600101" >atm/waccm/ic/wa3_4x5_1950_spinup.cam2.i.1960-01-01-00000.nc</ncdata>
<ncdata dyn="fv"  hgrid="10x15"     nlev="66"   ic_ymd="20000101" >atm/waccm/ic/cami_2000-01-01_10x15_L66_c041121.nc</ncdata>
<ncdata dyn="fv"  hgrid="4x5"       nlev="66"  chem="waccm_mozart_sulfur"   ic_ymd="20000101" >atm/waccm/ic/f40.2000.4deg.wcm.carma.sulf.004.cam2.i.0008-01-01-00000.nc</ncdata>

<ncdata dyn="fv"  hgrid="1.9x2.5"   nlev="81"  waccmx="1"  ic_ymd="20000101" >atm/waccm/ic/WAX3548T08CO_2003top_f2000.waccm_0017bottom_L81_c110906.nc</ncdata>

<ncdata dyn="eul" hgrid="512x1024"  nlev="26"              ic_ymd="101" >atm/cam/inic/gaus/T341clim01.cam2.i.0024-01-01-00000.nc</ncdata>
<ncdata dyn="eul" hgrid="256x512"   nlev="26"              ic_ymd="101" >atm/cam/inic/gaus/cami_0000-01-01_256x512_L26_c030918.nc</ncdata>

<ncdata dyn="eul" hgrid="128x256"   nlev="26"              ic_ymd="101" >atm/cam/inic/gaus/cami_0000-01-01_128x256_L26_c030918.nc</ncdata>
<ncdata dyn="eul" hgrid="128x256"   nlev="26"              ic_ymd="901" >atm/cam/inic/gaus/cami_0000-09-01_128x256_L26_c040422.nc</ncdata>

<ncdata           hgrid="64x128"    nlev="26"              ic_ymd="101" >atm/cam/inic/gaus/cami_0000-01-01_64x128_T42_L26_c031110.nc</ncdata>
<ncdata           hgrid="64x128"    nlev="26"              ic_ymd="901" >atm/cam/inic/gaus/cami_0000-09-01_64x128_L26_c030918.nc</ncdata>
<ncdata           hgrid="64x128"    nlev="30"              ic_ymd="101" >atm/cam/inic/gaus/cami_0000-01-01_64x128_L30_c090102.nc</ncdata>
<ncdata           hgrid="64x128"    nlev="30"              ic_ymd="901" >atm/cam/inic/gaus/cami_0000-09-01_64x128_L30_c031210.nc</ncdata>
<ncdata           hgrid="48x96"     nlev="26"              ic_ymd="101" >atm/cam/inic/gaus/cami_0000-01-01_48x96_L26_c091218.nc</ncdata>
<ncdata dyn="eul" hgrid="48x96"     nlev="26"              ic_ymd="901" >atm/cam/inic/gaus/cami_0000-09-01_48x96_L26_c040420.nc</ncdata>
<ncdata           hgrid="48x96"     nlev="30"              ic_ymd="101" >atm/cam/inic/gaus/cami_0000-01-01_48x96_L30_c100426.nc</ncdata>
<ncdata           hgrid="32x64"     nlev="26"              ic_ymd="901" >atm/cam/inic/gaus/cami_0000-09-01_32x64_L26_c030918.nc</ncdata>
<ncdata           hgrid="32x64"     nlev="30"              ic_ymd="101" >atm/cam/inic/gaus/cami_0000-01-01_32x64_L30_c090107.nc</ncdata>
<ncdata           hgrid="8x16"      nlev="26"              ic_ymd="101" >atm/cam/inic/gaus/cami_0000-01-01_8x16_L26_c030228.nc</ncdata>
<ncdata           hgrid="8x16"      nlev="26"              ic_ymd="901" >atm/cam/inic/gaus/cami_0000-09-01_8x16_L26_c030918.nc</ncdata>
<ncdata           hgrid="8x16"      nlev="30"              ic_ymd="101" >atm/cam/inic/gaus/cami_0000-01-01_8x16_L30_c090102.nc</ncdata>


<ncdata dyn="se" hgrid="ne2np4"   nlev="30"             ic_ymd="101" >atm/cam/inic/homme/cami-mam3_0000-01_ne2np4_L30.140707.nc</ncdata>
<ncdata dyn="se" hgrid="ne5np4"   nlev="30"             ic_ymd="101" >atm/cam/inic/homme/cami-mam3_0000-01_ne5np4_L30.140707.nc</ncdata>
<ncdata dyn="se" hgrid="ne16np4"  nlev="26"             ic_ymd="101" >atm/cam/inic/homme/cami_0000-01-01_ne16np4_L26_c120525.nc</ncdata>
<ncdata dyn="se" hgrid="ne16np4"  nlev="30"             ic_ymd="101" >atm/cam/inic/homme/cami-mam3_0000-01-ne16np4_L30_c090306.nc</ncdata>
<ncdata dyn="se" hgrid="ne30np4"  nlev="26"             ic_ymd="101" >atm/cam/inic/homme/cami_0000-01-01_ne30np4_L26_c100108.nc</ncdata>
<ncdata dyn="se" hgrid="ne30np4"  nlev="26"             ic_ymd="901" >atm/cam/inic/homme/cami_0000-09-01_ne30np4_L26_c040422.nc</ncdata>
<ncdata dyn="se" hgrid="ne30np4"  nlev="30"             ic_ymd="101" >atm/cam/inic/homme/cami-mam3_0000-01-01_ne30np4_L30_c130424.nc</ncdata>
<ncdata dyn="se" hgrid="ne60np4"  nlev="30"             ic_ymd="101" >atm/cam/inic/homme/cami-mam3_0000-01-ne60np4_L30_c090306.nc</ncdata>
<ncdata dyn="se" hgrid="ne120np4" nlev="26"             ic_ymd="901" >atm/cam/inic/homme/cami_0000-09-01_ne120np4_L26_c061106.nc</ncdata>
<ncdata dyn="se" hgrid="ne120np4" nlev="26"             ic_ymd="101" >atm/cam/inic/homme/cami_0000-01-01_ne120np4_L26_c110304.nc</ncdata>
<ncdata dyn="se" hgrid="ne120np4" nlev="30"             ic_ymd="101" >atm/cam/inic/homme/cami-mam3_0000-01-ne120np4_L30_c110928.nc</ncdata>
<ncdata dyn="se" hgrid="ne240np4" nlev="26"             ic_ymd="101" >atm/cam/inic/homme/cami_1850-01-01_ne240np4_L26_c110314.nc</ncdata>
<ncdata dyn="se" hgrid="ne240np4" nlev="26"             ic_ymd="901" >atm/cam/inic/homme/cami_0000-09-01_ne240np4_L26_c061106.nc</ncdata>

<ncdata dyn="se" hgrid="ne240np4" nlev="30"             ic_ymd="101" >atm/cam/inic/homme/cami-mam3_0000-01-ne240np4_L30_c111004.nc</ncdata>

<ncdata dyn="se" hgrid="ne5np8"   nlev="26"  ocn="aquaplanet" ic_ymd="101" >atm/cam/inic/homme/cami_0000-01-01_ne5np8_L26_ape_c061102.nc</ncdata>
<ncdata dyn="se" hgrid="ne16np4"  nlev="26"  ocn="aquaplanet" ic_ymd="101" >atm/cam/inic/homme/cami_0000-01-01_ne16np4_L26_ape_c071213.nc</ncdata>
<ncdata dyn="se" hgrid="ne16np8"  nlev="26"  ocn="aquaplanet" ic_ymd="101" >atm/cam/inic/homme/cami_0000-01-01_ne16np8_L26_ape_c110222.nc</ncdata>
<ncdata dyn="se" hgrid="ne21np4"  nlev="26"  ocn="aquaplanet" ic_ymd="101" >atm/cam/inic/homme/cami_0000-01-01_ne21np4_L26_ape_c071210.nc</ncdata>
<ncdata dyn="se" hgrid="ne30np4"  nlev="26"  ocn="aquaplanet" ic_ymd="101" >atm/cam/inic/homme/cami_0000-01-01_ne30np4_L26_ape_c071210.nc</ncdata>
<ncdata dyn="se" hgrid="ne120np4" nlev="26"  ocn="aquaplanet" ic_ymd="101" >atm/cam/inic/homme/cami_0003-01-01_ne120np4_L26_ape_c140519.nc</ncdata>

<ncdata dyn="se" hgrid="ne5np4"   nlev="30"  ocn="aquaplanet" ic_ymd="101" >atm/cam/inic/homme/cami_0000-01-01_ne5np4_L30_ape_c101201.nc</ncdata>
<ncdata dyn="se" hgrid="ne16np4"  nlev="30"  ocn="aquaplanet" ic_ymd="101" >atm/cam/inic/homme/cami_0000-01-01_ne16np4_L30_ape_c101201.nc</ncdata>
<ncdata dyn="se" hgrid="ne30np4"  nlev="30"  ocn="aquaplanet" ic_ymd="101" >atm/cam/inic/homme/cami_0000-01-01_ne30np4_L30_ape_c111020.nc</ncdata>
<ncdata dyn="se" hgrid="ne120np4" nlev="30"  ocn="aquaplanet" ic_ymd="101" >atm/cam/inic/homme/cami_0003-01-01_ne120np4_L30_ape_c140519.nc</ncdata>

<!-- Topography -->
<bnd_topo hgrid="256x512" >atm/cam/topo/topo-from-cami_0000-01-01_256x512_L26_c030918.nc</bnd_topo>
<bnd_topo hgrid="128x256" >atm/cam/topo/USGS-gtopo30_128x256_c050520.nc</bnd_topo>
<bnd_topo hgrid="64x128"  >atm/cam/topo/USGS-gtopo30_64x128_c050520.nc</bnd_topo>
<bnd_topo hgrid="48x96"   >atm/cam/topo/USGS-gtopo30_48x96_c050520.nc</bnd_topo>
<bnd_topo hgrid="32x64"   >atm/cam/topo/USGS-gtopo30_32x64_c050520.nc</bnd_topo>
<bnd_topo hgrid="8x16"    >atm/cam/topo/USGS-gtopo30_8x16_c050520.nc</bnd_topo>

<bnd_topo hgrid="0.23x0.31" >atm/cam/topo/USGS_gtopo30_0.23x0.31_remap_c061107.nc</bnd_topo>
<bnd_topo hgrid="0.47x0.63" >atm/cam/topo/USGS_gtopo30_0.47x0.63_remap_c061106.nc</bnd_topo>
<bnd_topo hgrid="0.5x0.625" >atm/cam/topo/topo-from-cami_0000-10-01_0.5x0.625_L26_c031204.nc</bnd_topo>
<bnd_topo hgrid="0.9x1.25"  >atm/cam/topo/USGS-gtopo30_0.9x1.25_remap_c051027.nc</bnd_topo>
<bnd_topo hgrid="1.9x2.5"   >atm/cam/topo/USGS-gtopo30_1.9x2.5_remap_c050602.nc</bnd_topo>
<bnd_topo hgrid="2.5x3.33"  >atm/cam/topo/USGS-gtopo30_2.5x3.33_remap_c100204.nc</bnd_topo>
<bnd_topo hgrid="4x5"       >atm/cam/topo/USGS-gtopo30_4x5_remap_c050520.nc</bnd_topo>
<bnd_topo hgrid="10x15"     >atm/cam/topo/USGS-gtopo30_10x15_remap_c050520.nc</bnd_topo>

<bnd_topo hgrid="ne5np4"    >atm/cam/topo/USGS-gtopo30_ne5np4_c140808.nc</bnd_topo>
<bnd_topo hgrid="ne16np4"   >atm/cam/topo/USGS-gtopo30_1.9x2.5_smooth500-50_ne16np4_c050602.nc</bnd_topo>
<bnd_topo hgrid="ne30np4"   >atm/cam/topo/USGS-gtopo30_ne30np4_16xdel2-PFC-consistentSGH.nc</bnd_topo>
<bnd_topo hgrid="ne60np4"   >atm/cam/topo/USGS_gtopo30_0.47x0.63_smooth2000-100_ne60np4_c061106.nc</bnd_topo>
<bnd_topo hgrid="ne120np4"  >atm/cam/topo/USGS-gtopo30_ne120np4_16xdel2-PFC-consistentSGH.nc</bnd_topo>
<bnd_topo hgrid="ne240np4"  >atm/cam/topo/USGS_gtopo30_0.23x0.31_smooth1000-50_ne240np4_c061107.nc</bnd_topo>


<!-- Bulk aerosol physical properties (includes optics) -->

<!-- CAM3 Bulk aerosols.  Optics for CAM-RT -->
<bam_cam3_sul   rad="camrt">atm/cam/physprops/sul_cam3_c080918.nc</bam_cam3_sul>
<bam_cam3_dust1 rad="camrt">atm/cam/physprops/dustv1b1_cam3_c080918.nc</bam_cam3_dust1>
<bam_cam3_dust2 rad="camrt">atm/cam/physprops/dustv1b2_cam3_c080918.nc</bam_cam3_dust2>
<bam_cam3_dust3 rad="camrt">atm/cam/physprops/dustv1b3_cam3_c080918.nc</bam_cam3_dust3>
<bam_cam3_dust4 rad="camrt">atm/cam/physprops/dustv1b4_cam3_c080918.nc</bam_cam3_dust4>
<bam_cam3_bcpho rad="camrt">atm/cam/physprops/bcpho_cam3_c080918.nc</bam_cam3_bcpho>
<bam_cam3_bcphi rad="camrt">atm/cam/physprops/bcphi_cam3_c080918.nc</bam_cam3_bcphi>
<bam_cam3_ocpho rad="camrt">atm/cam/physprops/ocpho_cam3_c080918.nc</bam_cam3_ocpho>
<bam_cam3_ocphi rad="camrt">atm/cam/physprops/ocphi_cam3_c080918.nc</bam_cam3_ocphi>
<bam_cam3_ssam  rad="camrt">atm/cam/physprops/ssam_cam3_c080918.nc</bam_cam3_ssam>
<bam_cam3_sscm  rad="camrt">atm/cam/physprops/sscm_cam3_c080918.nc</bam_cam3_sscm>

<!-- CAM-Chem bulk aerosols (different aerosol names used in prescribed and prognostic modes) -->
<!-- Optics for CAM-RT -->
<bam_sulf  rad="camrt">atm/cam/physprops/sulfate_camrt_c080918.nc</bam_sulf>
<bam_SO4   rad="camrt">atm/cam/physprops/sulfate_camrt_c080918.nc</bam_SO4>
<bam_dust1 rad="camrt">atm/cam/physprops/dust1_camrt_c080918.nc</bam_dust1>
<bam_DST01 rad="camrt">atm/cam/physprops/dust1_camrt_c080918.nc</bam_DST01>
<bam_dust2 rad="camrt">atm/cam/physprops/dust2_camrt_c080918.nc</bam_dust2>
<bam_DST02 rad="camrt">atm/cam/physprops/dust2_camrt_c080918.nc</bam_DST02>
<bam_dust3 rad="camrt">atm/cam/physprops/dust3_camrt_c080918.nc</bam_dust3>
<bam_DST03 rad="camrt">atm/cam/physprops/dust3_camrt_c080918.nc</bam_DST03>
<bam_dust4 rad="camrt">atm/cam/physprops/dust4_camrt_c080918.nc</bam_dust4>
<bam_DST04 rad="camrt">atm/cam/physprops/dust4_camrt_c080918.nc</bam_DST04>
<bam_bcar1 rad="camrt">atm/cam/physprops/bcpho_camrt_c080918.nc</bam_bcar1>
<bam_CB1   rad="camrt">atm/cam/physprops/bcpho_camrt_c080918.nc</bam_CB1>
<bam_bcar2 rad="camrt">atm/cam/physprops/bcphi_camrt_c080918.nc</bam_bcar2>
<bam_CB2   rad="camrt">atm/cam/physprops/bcphi_camrt_c080918.nc</bam_CB2>
<bam_ocar1 rad="camrt">atm/cam/physprops/ocpho_camrt_c080918.nc</bam_ocar1>
<bam_OC1   rad="camrt">atm/cam/physprops/ocpho_camrt_c080918.nc</bam_OC1>
<bam_ocar2 rad="camrt">atm/cam/physprops/ocphi_camrt_c080918.nc</bam_ocar2>
<bam_OC2   rad="camrt">atm/cam/physprops/ocphi_camrt_c080918.nc</bam_OC2>
<bam_SSLTA rad="camrt">atm/cam/physprops/ssam_camrt_c080918.nc</bam_SSLTA>
<bam_SSLTC rad="camrt">atm/cam/physprops/sscm_camrt_c080918.nc</bam_SSLTC>

<!-- CAM-Chem bulk aerosols (different names used in prescribed and prognostic modes) -->
<!-- Optics for RRTMG -->
<bam_sulf   rad="rrtmg">atm/cam/physprops/sulfate_rrtmg_c080918.nc</bam_sulf>
<bam_SO4    rad="rrtmg">atm/cam/physprops/sulfate_rrtmg_c080918.nc</bam_SO4>
<bam_dust1  rad="rrtmg">atm/cam/physprops/dust1_rrtmg_c080918.nc</bam_dust1>
<bam_DST01  rad="rrtmg">atm/cam/physprops/dust1_rrtmg_c080918.nc</bam_DST01>
<bam_dust2  rad="rrtmg">atm/cam/physprops/dust2_rrtmg_c080918.nc</bam_dust2>
<bam_DST02  rad="rrtmg">atm/cam/physprops/dust2_rrtmg_c080918.nc</bam_DST02>
<bam_dust3  rad="rrtmg">atm/cam/physprops/dust3_rrtmg_c080918.nc</bam_dust3>
<bam_DST03  rad="rrtmg">atm/cam/physprops/dust3_rrtmg_c080918.nc</bam_DST03>
<bam_dust4  rad="rrtmg">atm/cam/physprops/dust4_rrtmg_c080918.nc</bam_dust4>
<bam_DST04  rad="rrtmg">atm/cam/physprops/dust4_rrtmg_c080918.nc</bam_DST04>
<bam_bcar1  rad="rrtmg">atm/cam/physprops/bcpho_rrtmg_c080918.nc</bam_bcar1>
<bam_CB1    rad="rrtmg">atm/cam/physprops/bcpho_rrtmg_c080918.nc</bam_CB1>
<bam_bcar2  rad="rrtmg">atm/cam/physprops/bcphi_rrtmg_c080918.nc</bam_bcar2>
<bam_CB2    rad="rrtmg">atm/cam/physprops/bcphi_rrtmg_c080918.nc</bam_CB2>
<bam_ocar1  rad="rrtmg">atm/cam/physprops/ocpho_rrtmg_c080918.nc</bam_ocar1>
<bam_OC1    rad="rrtmg">atm/cam/physprops/ocpho_rrtmg_c080918.nc</bam_OC1>
<bam_ocar2  rad="rrtmg">atm/cam/physprops/ocphi_rrtmg_c080918.nc</bam_ocar2>
<bam_OC2    rad="rrtmg">atm/cam/physprops/ocphi_rrtmg_c080918.nc</bam_OC2>
<bam_sslt1  rad="rrtmg">atm/cam/physprops/seasalt1_rrtmg_c080918.nc</bam_sslt1>
<bam_SSLT01 rad="rrtmg">atm/cam/physprops/seasalt1_rrtmg_c080918.nc</bam_SSLT01>
<bam_sslt2  rad="rrtmg">atm/cam/physprops/seasalt2_rrtmg_c080918.nc</bam_sslt2>
<bam_SSLT02 rad="rrtmg">atm/cam/physprops/seasalt2_rrtmg_c080918.nc</bam_SSLT02>
<bam_sslt3  rad="rrtmg">atm/cam/physprops/seasalt3_rrtmg_c080918.nc</bam_sslt3>
<bam_SSLT03 rad="rrtmg">atm/cam/physprops/seasalt3_rrtmg_c080918.nc</bam_SSLT03>
<bam_sslt4  rad="rrtmg">atm/cam/physprops/seasalt4_rrtmg_c080918.nc</bam_sslt4>
<bam_SSLT04 rad="rrtmg">atm/cam/physprops/seasalt4_rrtmg_c080918.nc</bam_SSLT04>
<bam_SSLTA  rad="rrtmg">atm/cam/physprops/ssam_rrtmg_c080918.nc</bam_SSLTA>
<bam_SSLTC  rad="rrtmg">atm/cam/physprops/sscm_rrtmg_c080918.nc</bam_SSLTC>

<!-- CAM-Chem modal aerosols (different names used in prescribed and prognostic modes) -->
<!-- Optics for RRTMG -->
<!-- modal aerosol properties files -->
<mam_so4  rad="rrtmg">atm/cam/physprops/sulfate_rrtmg_c080918.nc</mam_so4>
<mam_pom  rad="rrtmg" mam="3mode">atm/cam/physprops/ocpho_rrtmg_c101112.nc</mam_pom>
<mam_pom  rad="rrtmg">atm/cam/physprops/ocpho_rrtmg_c130709.nc</mam_pom>
<mam_soa  rad="rrtmg">atm/cam/physprops/ocphi_rrtmg_c100508.nc</mam_soa>
<mam_bc   rad="rrtmg">atm/cam/physprops/bcpho_rrtmg_c100508.nc</mam_bc>
<mam_ncl  rad="rrtmg">atm/cam/physprops/ssam_rrtmg_c100508.nc</mam_ncl>
<mam_dst  rad="rrtmg">atm/cam/physprops/dust4_rrtmg_c090521.nc</mam_dst>
<mam_nh4  rad="rrtmg">atm/cam/physprops/sulfate_rrtmg_c080918.nc</mam_nh4>

<!-- Eruptive volcanic aerosols  -->
<VOLC_MMR                        rad="camrt">atm/cam/physprops/volc_camRT_byradius_sigma1.6_c130724.nc</VOLC_MMR>
<VOLC_MMR chem="none"            rad="camrt">atm/cam/physprops/sulfuricacid_cam3_c080918.nc</VOLC_MMR>
<VOLC_MMR chem="super_fast_llnl" rad="camrt">atm/cam/physprops/sulfuricacid_cam3_c080918.nc</VOLC_MMR>
<VOLC_MMR rad="rrtmg">atm/cam/physprops/volc_camRRTMG_byradius_sigma1.6_c130724.nc</VOLC_MMR>

<!-- Modal optics calculations -->
<mam3_mode1_file rad="rrtmg">atm/cam/physprops/mam3_mode1_rrtmg_c110318.nc</mam3_mode1_file>
<mam3_mode2_file rad="rrtmg">atm/cam/physprops/mam3_mode2_rrtmg_c110318.nc</mam3_mode2_file>
<mam3_mode3_file rad="rrtmg">atm/cam/physprops/mam3_mode3_rrtmg_c110318.nc</mam3_mode3_file>

<mam4_mode1_file rad="rrtmg">atm/cam/physprops/mam4_mode1_rrtmg_c130628.nc</mam4_mode1_file>
<mam4_mode2_file rad="rrtmg">atm/cam/physprops/mam4_mode2_rrtmg_c140805.nc</mam4_mode2_file>
<mam4_mode3_file rad="rrtmg">atm/cam/physprops/mam4_mode3_rrtmg_c130628.nc</mam4_mode3_file>
<mam4_mode4_file rad="rrtmg">atm/cam/physprops/mam4_mode4_rrtmg_c130628.nc</mam4_mode4_file>

<mam7_mode1_file rad="rrtmg">atm/cam/physprops/mam7_mode1_rrtmg_c120904.nc</mam7_mode1_file>
<mam7_mode2_file rad="rrtmg">atm/cam/physprops/mam7_mode2_rrtmg_c120904.nc</mam7_mode2_file>
<mam7_mode3_file rad="rrtmg">atm/cam/physprops/mam7_mode3_rrtmg_c120904.nc</mam7_mode3_file>
<mam7_mode4_file rad="rrtmg">atm/cam/physprops/mam7_mode4_rrtmg_c120904.nc</mam7_mode4_file>
<mam7_mode5_file rad="rrtmg">atm/cam/physprops/mam7_mode5_rrtmg_c120904.nc</mam7_mode5_file>
<mam7_mode6_file rad="rrtmg">atm/cam/physprops/mam7_mode6_rrtmg_c120904.nc</mam7_mode6_file>
<mam7_mode7_file rad="rrtmg">atm/cam/physprops/mam7_mode7_rrtmg_c120904.nc</mam7_mode7_file>

<water_refindex_file>atm/cam/physprops/water_refindex_rrtmg_c080910.nc</water_refindex_file>

<!-- Cloud optics for RRTMG -->
<liqcldoptics  rad="rrtmg" microphys="rk">slingo</liqcldoptics>
<icecldoptics  rad="rrtmg" microphys="rk">ebertcurry</icecldoptics>
<liqcldoptics  rad="rrtmg">gammadist</liqcldoptics>
<icecldoptics  rad="rrtmg">mitchell</icecldoptics>
<iceopticsfile rad="rrtmg">atm/cam/physprops/iceoptics_c080917.nc</iceopticsfile>
<liqopticsfile rad="rrtmg">atm/cam/physprops/F_nwvl200_mu20_lam50_res64_t298_c080428.nc</liqopticsfile>

<!-- CAM-RT absorptivity/emissivity lookup table -->
<absems_data>atm/cam/rad/abs_ems_factors_fastvx.c030508.nc</absems_data>

<radiation_scheme rad="camrt">camrt</radiation_scheme>
<radiation_scheme rad="rrtmg">rrtmg</radiation_scheme>


<!-- CARMA file paths -->
<carma_emis_file        carma="meteor_smoke">atm/waccm/emis/meteor_smoke_kalashnikova.nc</carma_emis_file> 
<carma_escale_file      carma="meteor_smoke">atm/waccm/emis/smoke_grf_frentzke.nc</carma_escale_file> 
<carma_emis_file        carma="mixed_sulfate">atm/waccm/emis/meteor_smoke_kalashnikova.nc</carma_emis_file> 
<carma_escale_file      carma="mixed_sulfate">atm/waccm/emis/smoke_grf_frentzke.nc</carma_escale_file> 
<carma_emis_file        carma="pmc">atm/waccm/emis/meteor_smoke_kalashnikova.nc</carma_emis_file> 
<carma_escale_file      carma="pmc">atm/waccm/emis/smoke_grf_frentzke.nc</carma_escale_file> 
<carma_mice_file        carma="pmc">atm/cam/physprops/mice_warren_2008.nc</carma_mice_file> 
<carma_emis_file        carma="pmc_sulfate">atm/waccm/emis/meteor_smoke_kalashnikova.nc</carma_emis_file> 
<carma_escale_file      carma="pmc_sulfate">atm/waccm/emis/smoke_grf_frentzke.nc</carma_escale_file> 
<carma_mice_file        carma="pmc_sulfate">atm/cam/physprops/mice_warren_2008.nc</carma_mice_file> 
<carma_soilerosion_file carma="cirrus_dust">atm/cam/dst/soil_erosion_factor_1x1_c120907.nc</carma_soilerosion_file> 
<carma_soilerosion_file carma="dust">atm/cam/dst/soil_erosion_factor_1x1_c120907.nc</carma_soilerosion_file> 
<carma_emis_file        carma="tholin">atm/waccm/emis/early_earth_haze.nc</carma_emis_file> 

<!-- CAM-Chem ozone (2000 climatology) -->
<prescribed_ozone_datapath>atm/cam/ozone</prescribed_ozone_datapath>
<prescribed_ozone_file>ozone_1.9x2.5_L26_2000clim_c091112.nc</prescribed_ozone_file>
<prescribed_ozone_name>O3</prescribed_ozone_name>
<prescribed_ozone_type>CYCLICAL</prescribed_ozone_type>
<prescribed_ozone_cycle_yr>2000</prescribed_ozone_cycle_yr>

<prescribed_ozone_file chem="waccm_ghg">waccm_ozone_c121126.nc</prescribed_ozone_file>
<prescribed_ozone_cycle_yr chem="waccm_ghg">0</prescribed_ozone_cycle_yr>

<!-- CAM-Chem aerosols (2000 climatology) -->
<prescribed_aero_datapath  aer_model='bam'  >atm/cam/chem/trop_mozart_aero/aero</prescribed_aero_datapath>
<prescribed_aero_file      aer_model='bam'  >aero_1.9x2.5_L26_2000clim_c091112.nc</prescribed_aero_file>
<prescribed_aero_model     aer_model='bam'  >bulk</prescribed_aero_model>
<prescribed_aero_type      aer_model='bam'  >CYCLICAL</prescribed_aero_type>
<prescribed_aero_cycle_yr  aer_model='bam'  >2000</prescribed_aero_cycle_yr>
<prescribed_aero_filelist  aer_model='bam'  >aero_1.9x2.5_L26_list_c070514.txt</prescribed_aero_filelist>
<prescribed_aero_datapath  aer_model='mam'  >atm/cam/chem/trop_mam/aero</prescribed_aero_datapath>
<prescribed_aero_file      aer_model='mam'  >mam3_1.9x2.5_L30_2000clim_c130319.nc</prescribed_aero_file>
<prescribed_aero_model     aer_model='mam'  >modal</prescribed_aero_model>
<prescribed_aero_type      aer_model='mam'  >CYCLICAL</prescribed_aero_type>
<prescribed_aero_cycle_yr  aer_model='mam'  >2000</prescribed_aero_cycle_yr>
<prescribed_aero_filelist  aer_model='mam'  >aero_1.9x2.5_L26_list_c070514.txt</prescribed_aero_filelist>

<!-- aerosol deposition (2000 climatology) -->
<aerodep_flx_datapath  aer_model='bam'  >atm/cam/chem/trop_mozart_aero/aero</aerodep_flx_datapath>
<aerodep_flx_file      aer_model='bam'  >aerosoldep_monthly_1849-2006_1.9x2.5_c090803.nc</aerodep_flx_file>
<aerodep_flx_type      aer_model='bam'  >CYCLICAL</aerodep_flx_type>
<aerodep_flx_cycle_yr  aer_model='bam'  >2000</aerodep_flx_cycle_yr>
<aerodep_flx_datapath  aer_model='mam'  >atm/cam/chem/trop_mam/aero</aerodep_flx_datapath>
<aerodep_flx_file      aer_model='mam'  >mam3_1.9x2.5_L30_2000clim_c130319.nc</aerodep_flx_file>
<aerodep_flx_type      aer_model='mam'  >CYCLICAL</aerodep_flx_type>
<aerodep_flx_cycle_yr  aer_model='mam'  >2000</aerodep_flx_cycle_yr>

<!-- Volcanic Aerosol Mass -->
<bndtvvolc>atm/cam/rad/VolcanicMass_1870-1999_64x1_L18_c040115.nc</bndtvvolc>

<!-- Tropopause climatology -->
<tropopause_climo_file>atm/cam/chem/trop_mozart/ub/clim_p_trop.nc</tropopause_climo_file>


<!-- Solar constant from Judith Lean via Caspar Ammann for 1990 or 2000 -->
<solar_const>1361.27</solar_const>
<solar_data_file               >atm/cam/solar/solar_ave_sc19-sc23.c090810.nc</solar_data_file>
<solar_data_file waccm_phys="1">atm/cam/solar/spectral_irradiance_Lean_1610-2009_ann_c100405.nc</solar_data_file>
<solar_data_file chem="waccm_ghg">atm/cam/solar/spectral_irradiance_Lean_1610-2009_ann_c100405.nc</solar_data_file>

<!-- GHG values for 2000 from ghg_hist_1850-2005_c090419.nc -->
<co2vmr>367.0e-6</co2vmr>
<ch4vmr>1760.0e-9</ch4vmr>
<n2ovmr>316.0e-9</n2ovmr>
<f11vmr>653.45e-12</f11vmr>
<f12vmr>535.0e-12</f12vmr>

<!-- Time-variant chemistry surface values -->
<bndtvghg>atm/cam/ggas/ghg_hist_1765-2005_c091218.nc</bndtvghg>
<flbc_file>atm/waccm/lb/LBC_1765-2500_1.9x2.5_CMIP5_RCP45_za_c120127.nc</flbc_file>
<flbc_file chem="waccm_mozart_sulfur">atm/waccm/lb/LBC_1765-2005_1.9x2.5_CMIP5_za_c111110.nc</flbc_file>

<!-- Time-variant CO2 fossil fuel emissions -->
<co2flux_fuel_file hgrid="0.9x1.25" sim_year="1850-2000">atm/cam/ggas/co2flux_fossil_1751-2006-monthly_0.9x1.25_c20100204.nc</co2flux_fuel_file>

<!-- DMS surface emissions -->
<bndtvdms          hgrid="128x256"  >atm/cam/scyc/DMS_emissions_128x256_clim_c040122.nc</bndtvdms>
<bndtvdms          hgrid="64x128"   >atm/cam/scyc/DMS_emissions_64x128_c030722.nc</bndtvdms>
<bndtvdms          hgrid="32x64"    >atm/cam/scyc/DMS_emissions_32x64_c030722.nc</bndtvdms>
<bndtvdms dyn="fv" hgrid="4x5"      >atm/cam/scyc/DMS_emissions_4x5_noncon_c050306.nc</bndtvdms>

<!-- oxidant data for prognostic sulfur cycle -->
<bndtvoxid          hgrid="128x256" >atm/cam/scyc/oxid_128x256_L26_clim_c040112.nc</bndtvoxid>
<bndtvoxid          hgrid="64x128"  >atm/cam/scyc/oxid_3d_64x128_L26_c030722.nc</bndtvoxid>
<bndtvoxid          hgrid="32x64"   >atm/cam/scyc/oxid_3d_32x64_L26_c030722.nc</bndtvoxid>
<bndtvoxid dyn="fv" hgrid="4x5"     >atm/cam/scyc/oxid_4x5_L26_noncon_c050306.nc</bndtvoxid>

<!-- SOx surface emissions -->
<bndtvsox          hgrid="128x256"  >atm/cam/scyc/SOx_emissions_128x256_L2_1850-2000_c040321.nc</bndtvsox>
<bndtvsox          hgrid="64x128"   >atm/cam/scyc/SOx_emissions_64x128_L2_c030722.nc</bndtvsox>
<bndtvsox          hgrid="32x64"    >atm/cam/scyc/SOx_emissions_32x64_L2_c030722.nc</bndtvsox>
<bndtvsox dyn="fv" hgrid="4x5"      >atm/cam/scyc/SOx_emissions_4x5_noncon_c050306.nc</bndtvsox>

<!-- Greenhouse gas production/loss rates -->
<bndtvg>atm/cam/ggas/noaamisc.r8.nc</bndtvg>

<!-- WACCM_GHG H2O production/loss rates -->
<h2orates chem="waccm_ghg">atm/waccm/phot/xh2o_c080826.nc</h2orates>

<!-- Constituents for non-LTE calculations and heating rates below 200 nm -->
<waccm_forcing_datapath chem="waccm_ghg">atm/waccm/ub</waccm_forcing_datapath>
<waccm_forcing_file     chem="waccm_ghg">ghg_forcing_2000_c110321.nc</waccm_forcing_file>

<!-- Waccm electric field parameters -->
<efield_lflux_file >atm/waccm/efld/coeff_lflux.dat</efield_lflux_file>
<efield_hflux_file >atm/waccm/efld/coeff_hflux.dat</efield_hflux_file>
<efield_wei96_file >atm/waccm/efld/wei96.cofcnts</efield_wei96_file>

<!-- Waccm aurora and euv parameters -->
<euvacdat_file  >atm/waccm/phot/euvac.dat</euvacdat_file>
<photon_file                          >atm/waccm/phot/photon_c130710.dat</photon_file>
<electron_file  >atm/waccm/phot/electron.dat</electron_file>
<euvac_file     >atm/waccm/phot/euvac.nc</euvac_file>

<!-- Waccm solar variability parameters -->
<solar_parms_file               >atm/waccm/phot/wasolar_ave.nc</solar_parms_file>
<solar_parms_file waccm_phys="1">atm/waccm/solar/wasolar_c140408.nc</solar_parms_file>

<!-- Gravity wave settings for WACCM -->
<effgw_oro>0.125D0</effgw_oro>

<effgw_cm>1.D0</effgw_cm>
<frontgfc            >1.25D-15</frontgfc>
<frontgfc hgrid="4x5">7.5D-16</frontgfc>
<taubgnd             >1.5D-3</taubgnd>
<taubgnd  hgrid="4x5">1.0D-3</taubgnd>

<effgw_beres>0.1D0</effgw_beres>

<!-- Changes to default gravity wave settings for 60 layer CAM -->
<effgw_beres nlev="60">0.55D0</effgw_beres>
<effgw_oro   nlev="60">0.0625D0</effgw_oro>

<!-- Beres scheme gravity wave file -->
<gw_drag_file>atm/waccm/gw/newmfspectra40_dc25.nc</gw_drag_file>

<!-- Waccm-x runtime option -->
<waccmx_opt           >off</waccmx_opt>
<waccmx_opt waccmx="1">neutral</waccmx_opt>

<!-- For MEGAN VOCs -->
<megan_factors_file>atm/cam/chem/trop_mozart/emis/megan21_emis_factors_c20130304.nc</megan_factors_file>

<!-- Airplane emissions -->
<airpl_emis_file>atm/cam/chem/trop_mozart/emis/emissions.aircraft.T42LR.nc</airpl_emis_file>
<no2_aircraft_emis_file>atm/cam/chem/1850-2000_emis/IPCC_emissions_aircraft_NO2_1850-2000_1.9x2.5_c090729.nc</no2_aircraft_emis_file>
<bc_aircraft_emis_file>atm/cam/chem/1850-2000_emis/IPCC_emissions_aircraft_BC_1850-2000_1.9x2.5.c090729.nc</bc_aircraft_emis_file>

<co_aircraft_emis  >atm/cam/chem/trop_mozart/emis/extfrc.CO.1.9x2.5_c101206.nc</co_aircraft_emis>
<no_aircraft_emis  >atm/cam/chem/trop_mozart/emis/extfrc.NO.1.9x2.5_c101206.nc</no_aircraft_emis>
<so2_aircraft_emis >atm/cam/chem/trop_mozart/emis/extfrc.SO2.1.9x2.5_c101206.nc</so2_aircraft_emis>

<!-- Trop chem emissions (default emis files) -->
<bigalk_emis_file      >atm/cam/chem/emis/1992-2010/emissions.BIGALK.surface.1.9x2.5_c110426.nc</bigalk_emis_file>
<bigene_emis_file      >atm/cam/chem/emis/1992-2010/emissions.BIGENE.surface.1.9x2.5_c110426.nc</bigene_emis_file>
<c10h16_emis_file      >atm/cam/chem/emis/1992-2010/emissions.C10H16.surface.1.9x2.5_c110426.nc</c10h16_emis_file>
<c2h2_emis_file        >atm/cam/chem/emis/1992-2010/emissions.C2H2.surface.1.9x2.5_c110426.nc</c2h2_emis_file>
<c2h4_emis_file        >atm/cam/chem/emis/1992-2010/emissions.C2H4.surface.1.9x2.5_c110426.nc</c2h4_emis_file>
<c2h5oh_emis_file      >atm/cam/chem/emis/1992-2010/emissions.C2H5OH.surface.1.9x2.5_c110426.nc</c2h5oh_emis_file>
<c2h6_emis_file        >atm/cam/chem/emis/1992-2010/emissions.C2H6.surface.1.9x2.5_c110426.nc</c2h6_emis_file>
<c3h6_emis_file        >atm/cam/chem/emis/1992-2010/emissions.C3H6.surface.1.9x2.5_c110426.nc</c3h6_emis_file>
<c3h8_emis_file        >atm/cam/chem/emis/1992-2010/emissions.C3H8.surface.1.9x2.5_c110426.nc</c3h8_emis_file>
<cb1_emis_file         >atm/cam/chem/emis/1992-2010/emissions.CB1.surface.1.9x2.5_c110426.nc</cb1_emis_file>
<cb2_emis_file         >atm/cam/chem/emis/1992-2010/emissions.CB2.surface.1.9x2.5_c110426.nc</cb2_emis_file>
<ch2o_emis_file        >atm/cam/chem/emis/1992-2010/emissions.CH2O.surface.1.9x2.5_c110426.nc</ch2o_emis_file>
<ch3cho_emis_file      >atm/cam/chem/emis/1992-2010/emissions.CH3CHO.surface.1.9x2.5_c110426.nc</ch3cho_emis_file>
<ch3cn_emis_file       >atm/cam/chem/emis/1992-2010/emissions.CH3CN.surface.1.9x2.5_c110426.nc</ch3cn_emis_file>
<ch3coch3_emis_file    >atm/cam/chem/emis/1992-2010/emissions.CH3COCH3.surface.1.9x2.5_c110426.nc</ch3coch3_emis_file>
<acetone_emis_file     >atm/cam/chem/emis/1992-2010/emissions.CH3COCH3.surface.1.9x2.5_c110426.nc</acetone_emis_file>
<ch3cooh_emis_file     >atm/cam/chem/emis/1992-2010/emissions.CH3COOH.surface.1.9x2.5_c110426.nc</ch3cooh_emis_file>
<ch3oh_emis_file       >atm/cam/chem/emis/1992-2010/emissions.CH3OH.surface.1.9x2.5_c110426.nc</ch3oh_emis_file>
<co_emis_file          >atm/cam/chem/emis/1992-2010/emissions.CO.surface.1.9x2.5_c110426.nc</co_emis_file>
<dms_emis_file         >atm/cam/chem/emis/1992-2010/emissions.DMS.surface.1.9x2.5_c110426.nc</dms_emis_file>
<hcn_emis_file         >atm/cam/chem/emis/1992-2010/emissions.HCN.surface.1.9x2.5_c110426.nc</hcn_emis_file>
<hcooh_emis_file       >atm/cam/chem/emis/1992-2010/emissions.HCOOH.surface.1.9x2.5_c110426.nc</hcooh_emis_file>
<isop_emis_file        >atm/cam/chem/emis/1992-2010/emissions.ISOP.surface.1.9x2.5_c110426.nc</isop_emis_file>
<mek_emis_file         >atm/cam/chem/emis/1992-2010/emissions.MEK.surface.1.9x2.5_c110426.nc</mek_emis_file>
<nh3_emis_file         >atm/cam/chem/emis/1992-2010/emissions.NH3.surface.1.9x2.5_c110426.nc</nh3_emis_file>
<no_emis_file          >atm/cam/chem/emis/1992-2010/emissions.NO.surface.1.9x2.5_c110426.nc</no_emis_file>
<nox_emis_file         >atm/cam/chem/emis/1992-2010/emissions.NO.surface.1.9x2.5_c110426.nc</nox_emis_file>
<oc1_emis_file         >atm/cam/chem/emis/1992-2010/emissions.OC1.surface.1.9x2.5_c110426.nc</oc1_emis_file>
<oc2_emis_file         >atm/cam/chem/emis/1992-2010/emissions.OC1.surface.1.9x2.5_c110426.nc</oc2_emis_file>
<so2_emis_file         >atm/cam/chem/emis/1992-2010/emissions.SO2.surface.1.9x2.5_c110426.nc</so2_emis_file>
<toluene_emis_file     >atm/cam/chem/emis/1992-2010/emissions.TOLUENE.surface.1.9x2.5_c110426.nc</toluene_emis_file>
<soa_benzene_emis_file >atm/cam/chem/emis/1992-2010/emissions.SOA_BENZENE.surface.1.9x2.5_c120313.nc</soa_benzene_emis_file>
<soa_xylene_emis_file  >atm/cam/chem/emis/1992-2010/emissions.SOA_XYLENE.surface.1.9x2.5_c120313.nc</soa_xylene_emis_file>
<soa_toluene_emis_file >atm/cam/chem/emis/1992-2010/emissions.SOA_TOLUENE.surface.1.9x2.5_c120313.nc</soa_toluene_emis_file>
<benzene_emis_file     >atm/cam/chem/2000_emis/IPCC_emissions_houw_BENZENE_2000_1.9x2.5_c120227.nc</benzene_emis_file>
<xylene_emis_file      >atm/cam/chem/2000_emis/IPCC_emissions_houw_XYLENE_2000_1.9x2.5_c120227.nc</xylene_emis_file>

<!-- WACCM emissions -->
<nox_emis_file  chem="waccm_mozart">atm/cam/chem/1850-2000_emis/IPCC_emissions_houw_NOx_1850-2000_1.9x2.5.c090728.nc</nox_emis_file>
<co_emis_file   chem="waccm_mozart">atm/cam/chem/1850-2000_emis/IPCC_emissions_houw_CO_1850-2000_1.9x2.5.c090728.nc</co_emis_file>
<ch2o_emis_file chem="waccm_mozart">atm/cam/chem/1850-2000_emis/IPCC_emissions_houw_CH2O_1850-2000_1.9x2.5.c090728.nc</ch2o_emis_file>
<so2_emis_file  chem="waccm_mozart">atm/cam/chem/1850-2000_emis/IPCC_emissions_houw_SO2_1850-2000_1.9x2.5.c090522.nc</so2_emis_file> 

<nox_emis_file  chem="waccm_mozart_mam3">atm/cam/chem/emis/1992-2010/emissions.NO.surface.1.9x2.5_c110426.nc</nox_emis_file>
<co_emis_file   chem="waccm_mozart_mam3">atm/cam/chem/emis/1992-2010/emissions.CO.surface.1.9x2.5_c110426.nc</co_emis_file>
<ch2o_emis_file chem="waccm_mozart_mam3">atm/cam/chem/emis/1992-2010/emissions.CH2O.surface.1.9x2.5_c110426.nc</ch2o_emis_file>
<dms_emis_file	chem="waccm_mozart_mam3">atm/cam/chem/trop_mozart_aero/emis/aerocom_mam3_dms_surf_2000_c120315.nc</dms_emis_file>
<so2_emis_file	chem="waccm_mozart_mam3">atm/cam/chem/trop_mozart_aero/emis/ar5_mam3_so2_surf_2000_c120315.nc</so2_emis_file>

<nox_emis_file  chem="waccm_mozart_sulfur">atm/cam/chem/1850-2000_emis/IPCC_emissions_houw_NOx_1850-2000_1.9x2.5.c090728.nc</nox_emis_file>
<co_emis_file   chem="waccm_mozart_sulfur">atm/cam/chem/1850-2000_emis/IPCC_emissions_houw_CO_1850-2000_1.9x2.5.c090728.nc</co_emis_file>
<ch2o_emis_file chem="waccm_mozart_sulfur">atm/cam/chem/1850-2000_emis/IPCC_emissions_houw_CH2O_1850-2000_1.9x2.5.c090728.nc</ch2o_emis_file>
<so2_emis_file  chem="waccm_mozart_sulfur">atm/cam/chem/1850-2000_emis/IPCC_emissions_houw_SO2_1850-2000_1.9x2.5.c090522.nc</so2_emis_file> 

<!-- super_fast Chemistry emissions -->
<ch2o_emis_file	   chem="super_fast_llnl">atm/cam/chem/trop_mozart/emis/emissions.CH2O.surface.T42LR.nc</ch2o_emis_file>
<co_emis_file      chem="super_fast_llnl">atm/cam/chem/trop_mozart/emis/emissions.CO.surface.T42LR.nc</co_emis_file>
<dms_emis_file     chem="super_fast_llnl">atm/cam/chem/trop_mozart/emis/emissions.DMS.surface.T42LR.nc</dms_emis_file>
<nox_emis_file     chem="super_fast_llnl">atm/cam/chem/trop_mozart/emis/emissions.NO.surface.T42LR.nc</nox_emis_file>
<so2_emis_file     chem="super_fast_llnl">atm/cam/chem/trop_mozart/emis/emissions.SO2.surface.T42LR.nc</so2_emis_file>
<isop_emis_file    chem="super_fast_llnl">atm/cam/chem/trop_mozart/emis/emissions.ISOP.surface.T42LR.nc</isop_emis_file>

<!-- BAM and MAM aerosol emissions -->
<dms_emis_bam      >atm/cam/chem/trop_mozart_aero/emis/aerocom_DMS_2000.c080417.nc</dms_emis_bam>
<cb1_emis_bam      >atm/cam/chem/trop_mozart_aero/emis/aerocom_CB1_2000.c080807.nc</cb1_emis_bam>
<oc1_emis_bam      >atm/cam/chem/trop_mozart_aero/emis/aerocom_OC1_2000.nosoa.c080807.nc</oc1_emis_bam>
<so2_emis_bam      >atm/cam/chem/trop_mozart_aero/emis/aerocom_SO2_surface_2000.c080807.nc</so2_emis_bam>
<so4_emis_bam      >atm/cam/chem/trop_mozart_aero/emis/aerocom_SO4_surface_2000.c080807.nc</so4_emis_bam>

<so2_vrt_emis_file >atm/cam/chem/trop_mozart_aero/emis/aerocom_SO2_vertical_2000.c080807.nc</so2_vrt_emis_file>
<so4_vrt_emis_file >atm/cam/chem/trop_mozart_aero/emis/aerocom_SO4_vertical_2000.c080807.nc</so4_vrt_emis_file>

<!-- modal aerosol emissions -->
<nh3_emis_file     ver="mam">atm/cam/chem/trop_mozart_aero/emis/emis_NH3_2000_c111014.nc</nh3_emis_file>
<dms_emis_file	   ver="mam">atm/cam/chem/trop_mozart_aero/emis/aerocom_mam3_dms_surf_2000_c120315.nc</dms_emis_file>
<so2_emis_file	   ver="mam">atm/cam/chem/trop_mozart_aero/emis/ar5_mam3_so2_surf_2000_c120315.nc</so2_emis_file>
<soag_emis_file	   ver="mam">atm/cam/chem/trop_mozart_aero/emis/ar5_mam3_soag_1.5_surf_2000_c130422.nc</soag_emis_file>
<bc_a1_emis_file   ver="mam">atm/cam/chem/trop_mozart_aero/emis/ar5_mam3_bc_surf_2000_c120315.nc</bc_a1_emis_file>
<bc_a3_emis_file   ver="mam">atm/cam/chem/trop_mozart_aero/emis/ar5_mam3_bc_surf_2000_c120315.nc</bc_a3_emis_file>
<bc_a4_emis_file   ver="mam">atm/cam/chem/trop_mozart_aero/emis/ar5_mam3_bc_surf_2000_c120315.nc</bc_a4_emis_file>
<pom_a1_emis_file  ver="mam">atm/cam/chem/trop_mozart_aero/emis/ar5_mam3_pom_surf_2000_c130422.nc</pom_a1_emis_file>
<pom_a3_emis_file  ver="mam">atm/cam/chem/trop_mozart_aero/emis/ar5_mam3_pom_surf_2000_c130422.nc</pom_a3_emis_file>
<pom_a4_emis_file  ver="mam">atm/cam/chem/trop_mozart_aero/emis/ar5_mam3_pom_surf_2000_c130422.nc</pom_a4_emis_file>
<so4_a1_emis_file  ver="mam">atm/cam/chem/trop_mozart_aero/emis/ar5_mam3_so4_a1_surf_2000_c120315.nc</so4_a1_emis_file>
<so4_a2_emis_file  ver="mam">atm/cam/chem/trop_mozart_aero/emis/ar5_mam3_so4_a2_surf_2000_c120315.nc</so4_a2_emis_file>
<num_a1_emis_file  ver="mam">atm/cam/chem/trop_mozart_aero/emis/ar5_mam3_num_a1_surf_2000_c120315.nc</num_a1_emis_file>
<num_a2_emis_file  ver="mam">atm/cam/chem/trop_mozart_aero/emis/ar5_mam3_num_a2_surf_2000_c120315.nc</num_a2_emis_file>

<so2_ext_file      ver="mam">atm/cam/chem/trop_mozart_aero/emis/ar5_mam3_so2_elev_2000_c120315.nc </so2_ext_file>
<so4_a1_ext_file   ver="mam">atm/cam/chem/trop_mozart_aero/emis/ar5_mam3_so4_a1_elev_2000_c120315.nc</so4_a1_ext_file>
<so4_a2_ext_file   ver="mam">atm/cam/chem/trop_mozart_aero/emis/ar5_mam3_so4_a2_elev_2000_c120315.nc</so4_a2_ext_file>
<num_a1_ext_file   ver="mam">atm/cam/chem/trop_mozart_aero/emis/ar5_mam3_num_a1_elev_2000_c120315.nc</num_a1_ext_file>
<num_a2_ext_file   ver="mam">atm/cam/chem/trop_mozart_aero/emis/ar5_mam3_num_a2_elev_2000_c120315.nc</num_a2_ext_file>
<pom_a1_ext_file   ver="mam">atm/cam/chem/trop_mozart_aero/emis/ar5_mam3_pom_elev_2000_c130422.nc </pom_a1_ext_file>
<pom_a3_ext_file   ver="mam">atm/cam/chem/trop_mozart_aero/emis/ar5_mam3_pom_elev_2000_c130422.nc </pom_a3_ext_file>
<pom_a4_ext_file   ver="mam">atm/cam/chem/trop_mozart_aero/emis/ar5_mam3_pom_elev_2000_c130422.nc </pom_a4_ext_file>
<bc_a1_ext_file    ver="mam">atm/cam/chem/trop_mozart_aero/emis/ar5_mam3_bc_elev_2000_c120315.nc </bc_a1_ext_file>
<bc_a3_ext_file    ver="mam">atm/cam/chem/trop_mozart_aero/emis/ar5_mam3_bc_elev_2000_c120315.nc </bc_a3_ext_file>
<bc_a4_ext_file    ver="mam">atm/cam/chem/trop_mozart_aero/emis/ar5_mam3_bc_elev_2000_c120315.nc </bc_a4_ext_file>

<mam7_num_a1_emis_file >atm/cam/chem/trop_mozart_aero/emis/ar5_mam7_num_a1_surf_2000_c120716.nc</mam7_num_a1_emis_file>
<mam7_num_a3_emis_file >atm/cam/chem/trop_mozart_aero/emis/ar5_mam7_num_a3_surf_2000_c120716.nc</mam7_num_a3_emis_file>
<mam7_num_a1_ext_file  >atm/cam/chem/trop_mozart_aero/emis/ar5_mam7_num_a1_elev_2000_c120716.nc</mam7_num_a1_ext_file>
<mam7_num_a3_ext_file  >atm/cam/chem/trop_mozart_aero/emis/ar5_mam7_num_a3_elev_2000_c120716.nc</mam7_num_a3_ext_file>

<!-- prescribed oxidants for prognostic aerosol chemistry -->
<tracer_cnst_file     ver="fixed_ox">oxid_1.9x2.5_L26_1850-2005_c091123.nc</tracer_cnst_file>
<tracer_cnst_datapath ver="fixed_ox">atm/cam/chem/trop_mozart_aero/oxid</tracer_cnst_datapath>
<tracer_cnst_type     ver="fixed_ox">CYCLICAL</tracer_cnst_type>
<tracer_cnst_cycle_yr ver="fixed_ox">2000</tracer_cnst_cycle_yr>
<tracer_cnst_filelist ver="fixed_ox">oxid_1.9x2.5_L26_clim_list.c090805.txt</tracer_cnst_filelist>

<!-- prescribed methane  -->
<tracer_cnst_file     ver="fixed_ch4">CH4_1990-1999_clim_c090605.nc</tracer_cnst_file>
<tracer_cnst_filelist ver="fixed_ch4">filelist_c090605.txt</tracer_cnst_filelist>
<tracer_cnst_datapath ver="fixed_ch4">atm/cam/chem/methane</tracer_cnst_datapath>
<tracer_cnst_type     ver="fixed_ch4">CYCLICAL</tracer_cnst_type>
<tracer_cnst_cycle_yr ver="fixed_ch4">1995</tracer_cnst_cycle_yr>

<prescribed_ghg_file      ver="fixed_ch4">CH4_1990-1999_clim_c090605.nc</prescribed_ghg_file>
<prescribed_ghg_filelist  ver="fixed_ch4">filelist_c090605.txt</prescribed_ghg_filelist>
<prescribed_ghg_datapath  ver="fixed_ch4">atm/cam/chem/methane</prescribed_ghg_datapath>
<prescribed_ghg_type      ver="fixed_ch4">CYCLICAL</prescribed_ghg_type>
<prescribed_ghg_cycle_yr  ver="fixed_ch4">1995</prescribed_ghg_cycle_yr>

<!-- SAD data -->
<prescribed_strataero_file>CESM_1949_2100_sad_V2_c130627.nc</prescribed_strataero_file>
<prescribed_strataero_datapath>atm/waccm/sulf</prescribed_strataero_datapath>
<prescribed_strataero_type>SERIAL</prescribed_strataero_type>

<!-- sulfate data -->
<sulf_file>atm/waccm/sulf/sulfate.ar5_camchem_c130304.nc</sulf_file>

<!-- rain out method -->
<gas_wetdep_method>NEU</gas_wetdep_method>

<!-- dry deposition method for gas-phase species -->
<drydep_method>xactive_lnd</drydep_method>

<!-- Dry Dep surface data file needed by prognostic MAM on unstructured grid only. -->
<drydep_srf_file hgrid="ne5np4"  >atm/cam/chem/trop_mam/atmsrf_ne5np4_110920.nc</drydep_srf_file>
<drydep_srf_file hgrid="ne16np4" >atm/cam/chem/trop_mam/atmsrf_ne16np4_110920.nc</drydep_srf_file>
<drydep_srf_file hgrid="ne30np4" >atm/cam/chem/trop_mam/atmsrf_ne30np4_110920.nc</drydep_srf_file>
<drydep_srf_file hgrid="ne60np4" >atm/cam/chem/trop_mam/atmsrf_ne60np4_110920.nc</drydep_srf_file>
<drydep_srf_file hgrid="ne120np4">atm/cam/chem/trop_mam/atmsrf_ne120np4_110920.nc</drydep_srf_file>
<drydep_srf_file hgrid="ne240np4">atm/cam/chem/trop_mam/atmsrf_ne240np4_110920.nc</drydep_srf_file>

<!-- depvel data -->
<depvel_file    >atm/cam/chem/trop_mozart/dvel/depvel_monthly.nc</depvel_file>
<depvel_lnd_file>atm/cam/chem/trop_mozart/dvel/regrid_vegetation.nc</depvel_lnd_file>
<clim_soilw_file>atm/cam/chem/trop_mozart/dvel/clim_soilw.nc</clim_soilw_file>
<season_wes_file>atm/cam/chem/trop_mozart/dvel/season_wes.nc</season_wes_file>

<!-- photolysis inputs -->
<xs_coef_file>atm/waccm/phot/effxstex.txt</xs_coef_file>
<tuv_xsect_file>atm/cam/chem/trop_mozart/phot/tuv_xsect.nc</tuv_xsect_file>
<o2_xsect_file>atm/cam/chem/trop_mozart/phot/o2src.nc</o2_xsect_file>
<xs_short_file>atm/waccm/phot/xs_short_jpl10_c140303.nc</xs_short_file>
<xs_long_file >atm/waccm/phot/temp_prs_GT200nm_JPL10_c140303.nc</xs_long_file>
<rsf_file                     >atm/waccm/phot/RSF_GT200nm_v3.0_c080811.nc</rsf_file>
<rsf_file     chem="trop_mam3">atm/waccm/phot/RSF_GT200nm_v3.0_c080416.nc</rsf_file>
<rsf_file     chem="trop_mam4">atm/waccm/phot/RSF_GT200nm_v3.0_c080416.nc</rsf_file>
<exo_coldens_file>atm/cam/chem/trop_mozart/phot/exo_coldens.nc</exo_coldens_file>

<!-- WACCM Upper boundary conditions -->
<tgcm_ubc_file>atm/waccm/ub/tgcm_ubc_1993_c100204.nc</tgcm_ubc_file>
<snoe_ubc_file>atm/waccm/ub/snoe_eof.nc</snoe_ubc_file>

<!-- Boundary data for Tropopheric Chemistry -->
<fstrat_file    >atm/cam/chem/trop_mozart/ub/ubvals_b40.20th.track1_1996-2005_c110315.nc</fstrat_file>
<linoz_data_path>atm/cam/chem/trop_mozart/ub</linoz_data_path>
<linoz_data_file>linoz2004_2006jpl_c081216.nc</linoz_data_file>
<chlorine_loading_file>atm/cam/chem/trop_mozart/ub/EESC_1850-2100_c090603.nc</chlorine_loading_file>

<!-- Fossil fuel carbon aerosol surface emissions-->
  <!-- standard 4 species carbon --> 
<caer_emis          hgrid="64x128"  >atm/cam/rad/carbon_penner_cooke_doubled_64x128_c021120.nc</caer_emis>
<caer_emis          hgrid="32x64"   >atm/cam/rad/carbon_penner_cooke_doubled_32x64_c021120.nc</caer_emis>
<caer_emis dyn="fv" hgrid="4x5"     >atm/cam/rad/carbon_penner_cooke_doubled_4x5_c021120.nc</caer_emis>
  <!-- 'alternative' 16 species carbon from Tami Bond. --> 
<caer_emis          hgrid="64x128" nspecies="16" >atm/cam/rad/ftbc-btbc-oct03-64x128_c050929.nc</caer_emis>


<!-- soil erodibility factors -->
<soil_erod_file                  >atm/cam/dst/dst_1.9x2.5_c090203.nc</soil_erod_file>
<!-- Maintain FV 1-deg version since production model tuned with it. -->
<soil_erod_file  hgrid="0.9x1.25">atm/cam/dst/dst_0.9x1.25_c100121.nc</soil_erod_file>
<!-- Use some special files at low resolutions for backwards compatibility only -->
<soil_erod_file  hgrid="4x5"     >atm/cam/dst/dst_4x5_c090203.nc</soil_erod_file>
<soil_erod_file  hgrid="10x15"   >atm/cam/dst/dst_10x15_c090203.nc</soil_erod_file>
<soil_erod_file  hgrid="8x16"    >atm/cam/dst/dst_8x16_c090203.nc</soil_erod_file>
<soil_erod_file  hgrid="32x64"   >atm/cam/dst/dst_32x64_c090203.nc</soil_erod_file>
<soil_erod_file  hgrid="48x96"   >atm/cam/dst/dst_48x96_c090203.nc</soil_erod_file>
<soil_erod_file  hgrid="64x128"  >atm/cam/dst/dst_64x128_c090203.nc</soil_erod_file>
<soil_erod_file  hgrid="128x256" >atm/cam/dst/dst_128x256_c090203.nc</soil_erod_file>

<!-- Turbulent Mountain Stress -->
<do_tms                                                     > .false. </do_tms>
<do_tms    hgrid="48x96"                                    > .true.  </do_tms>
<do_tms                   waccm_phys="1"                    > .true.  </do_tms>
<do_tms                                       phys="cam5"   > .true.  </do_tms>

<tms_z0fac                                                  > 0.075D0 </tms_z0fac>
<tms_z0fac hgrid="48x96"                                    > 0.100D0 </tms_z0fac>
<tms_z0fac                waccm_phys="1"                    > 0.100D0 </tms_z0fac>

<tms_orocnst                                                > 1.0D0   </tms_orocnst>

<!-- Implicit Turbulent Surface Stress -->
<do_iss                 > .false. </do_iss>
<do_iss phys="cam5"      > .true.  </do_iss>

<!-- Use convective water in radiation calculation -->
<conv_water_in_rad                 > 0 </conv_water_in_rad>
<conv_water_in_rad phys="cam5"      > 1 </conv_water_in_rad>

<conv_water_frac_limit            > 0.01d0  </conv_water_frac_limit>
<conv_water_frac_limit unicon="1" > 0.001d0 </conv_water_frac_limit>

<!-- CLUBB_SGS -->
<do_clubb_sgs                > .false. </do_clubb_sgs>
<do_clubb_sgs  clubb_sgs="1" > .true.  </do_clubb_sgs>


<!-- CLUBB_history -->
<clubb_history               > .false. </clubb_history>
<clubb_rad_history           > .false. </clubb_rad_history>


<!-- Microphysics scheme -->
<microp_scheme microphys="rk">RK</microp_scheme>
<microp_scheme microphys="mg1">MG</microp_scheme>
<microp_scheme microphys="mg1.5">MG</microp_scheme>

<micro_mg_version microphys="mg1">1</micro_mg_version>
<micro_mg_sub_version microphys="mg1">0</micro_mg_sub_version>

<micro_mg_version microphys="mg1.5">1</micro_mg_version>
<micro_mg_sub_version microphys="mg1.5">5</micro_mg_sub_version>

<microp_uniform>.false.</microp_uniform>

<!-- Macrophysics scheme -->
<macrop_scheme                       >none</macrop_scheme>
<macrop_scheme macrophys="rk"        >rk</macrop_scheme>
<macrop_scheme macrophys="park"      >park</macrop_scheme>
<macrop_scheme macrophys="clubb_sgs" >CLUBB_SGS</macrop_scheme>

<!-- Vertical limit on troposphere cloud physics -->

<trop_cloud_top_press>      1.D2 </trop_cloud_top_press>

<!-- Vertical limit for modal aerosol processes -->

<clim_modal_aero_top_press> 1.D-4 </clim_modal_aero_top_press>

<!-- Scaling eddy diffusivities -->
  <!-- NOTE: the kv and eddy values are alternate ways of trying to -->
  <!-- limit high diffusivities with diag_TKE. -->
<kv_top_pressure                      >0.D0</kv_top_pressure>

<kv_top_scale                            >1.D0</kv_top_scale>
<kv_top_scale phys="cam5" waccm_phys="1" >0.D0</kv_top_scale>

<kv_freetrop_scale                    >1.D0</kv_freetrop_scale>

<eddy_lbulk_max                       >40.D3</eddy_lbulk_max>

<eddy_leng_max                            >40.D3</eddy_leng_max>
<eddy_leng_max carma="cirrus"             >30.D0</eddy_leng_max>
<eddy_leng_max phys="cam5" waccm_phys="1" >100.D0</eddy_leng_max>

<eddy_max_bot_pressure                            >100.D3</eddy_max_bot_pressure>
<eddy_max_bot_pressure phys="cam5" waccm_phys="1" >100.D0</eddy_max_bot_pressure>

<eddy_moist_entrain_a2l           >30.D0</eddy_moist_entrain_a2l>
<eddy_moist_entrain_a2l unicon="1">40.D0</eddy_moist_entrain_a2l>

<diff_cnsrv_mass_check                > .false. </diff_cnsrv_mass_check>

<!-- Molecular diffusion limits -->

<do_molec_press> 0.1D0 </do_molec_press>
<molec_diff_bot_press> 50.D0 </molec_diff_bot_press>

<!-- dust emission tuning factor -->
<dust_emis_fact                                                         >2.76D0</dust_emis_fact>
<dust_emis_fact                                         chem="trop_bam"	>4.2D0 </dust_emis_fact>
<dust_emis_fact                            phys="cam5"                  >0.35D0</dust_emis_fact>
<dust_emis_fact          hgrid="0.47x0.63" phys="cam5"                  >0.45D0</dust_emis_fact>
<dust_emis_fact          hgrid="0.23x0.31" phys="cam5"                  >0.45D0</dust_emis_fact>

<dust_emis_fact dyn="se"                   phys="cam5"                  >0.55D0</dust_emis_fact>
<dust_emis_fact dyn="fv"                   phys="cam5" clubb_sgs="1"    >0.13D0</dust_emis_fact>

<!-- Wet scavenging of modal aerosols -->
<sol_facti_cloud_borne                 >1.0D0</sol_facti_cloud_borne>
<sol_facti_cloud_borne clubb_sgs="1"   >0.6D0</sol_facti_cloud_borne>

<sol_factb_interstitial                >0.1D0</sol_factb_interstitial>
<sol_factb_interstitial unicon="1"     >1.0D0</sol_factb_interstitial>

<sol_factic_interstitial                >0.4D0</sol_factic_interstitial>
<sol_factic_interstitial unicon="1"     >1.0D0</sol_factic_interstitial>

<!-- sub-column switches for physics packages -->
<use_subcol_microp>.false.</use_subcol_microp>
<subcol_scheme    >off    </subcol_scheme>

<!-- sub-column tstcp switches for testing purposes -->
<subcol_tstcp_noAvg  >.false.</subcol_tstcp_noAvg>
<subcol_tstcp_filter >.false.</subcol_tstcp_filter>
<subcol_tstcp_weight >.false.</subcol_tstcp_weight>
<subcol_tstcp_perturb>.false.</subcol_tstcp_perturb>

<!-- sub-column vamp switches  -->
<subcol_vamp_ctyp  > 3 </subcol_vamp_ctyp>
<subcol_vamp_otyp  > 1 </subcol_vamp_otyp>
<subcol_vamp_nsubc > 10 </subcol_vamp_nsubc>

<!-- sub-column SILHS switches -->
<subcol_silhs_weight >.true.</subcol_silhs_weight>
<subcol_silhs_numsubcol >4</subcol_silhs_numsubcol>

<!-- Deep convection scheme -->
<deep_scheme           >ZM    </deep_scheme>
<deep_scheme unicon="1">UNICON</deep_scheme>

<!-- PBL scheme -->
<eddy_scheme pbl="uw"             >diag_TKE </eddy_scheme>
<eddy_scheme pbl="hb"             >HB       </eddy_scheme>
<eddy_scheme pbl="hbr"            >HBR      </eddy_scheme>
<eddy_scheme pbl="clubb_sgs"      >CLUBB_SGS</eddy_scheme>

<shallow_scheme pbl="uw"           >UW       </shallow_scheme>
<shallow_scheme pbl="uw" unicon="1">UNICON   </shallow_scheme>
<shallow_scheme pbl="hb"           >Hack     </shallow_scheme>
<shallow_scheme pbl="hbr"          >Hack     </shallow_scheme>
<shallow_scheme pbl="clubb_sgs"    >CLUBB_SGS</shallow_scheme>

<!-- Surface flux averaging -->
<srf_flux_avg eddy_scheme="HB"       >0</srf_flux_avg>
<srf_flux_avg eddy_scheme="HBR"      >0</srf_flux_avg>
<srf_flux_avg eddy_scheme="diag_TKE" >0</srf_flux_avg>
<srf_flux_avg eddy_scheme="CLUBB_SGS">0</srf_flux_avg>

<!-- Cloud fraction -->
<cldfrc_freeze_dry             >.true.</cldfrc_freeze_dry>

<cldfrc_ice            >.false.</cldfrc_ice>
<cldfrc_ice phys="cam5" >.true.</cldfrc_ice>

<cldfrc_rhminl                                                        > 0.900D0 </cldfrc_rhminl>
<cldfrc_rhminl                   phys="cam5" carma="cirrus"           > 0.910D0 </cldfrc_rhminl>
<cldfrc_rhminl dyn="fv"          phys="cam5" unicon="1"               > 0.850D0 </cldfrc_rhminl>
<cldfrc_rhminl dyn="se"          phys="cam5" unicon="1"               > 0.850D0 </cldfrc_rhminl>
<cldfrc_rhminl                   phys="cam5"                          > 0.8975D0 </cldfrc_rhminl>
<cldfrc_rhminl hgrid="1.9x2.5"   phys="cam5" microphys="mg1.5"        > 0.9125D0 </cldfrc_rhminl>
<cldfrc_rhminl hgrid="1.9x2.5"   phys="cam5"                          > 0.8875D0 </cldfrc_rhminl>

<cldfrc_rhminl hgrid="1.9x2.5"   phys="cam4"                          > 0.910D0 </cldfrc_rhminl>
<cldfrc_rhminl hgrid="0.9x1.25"  phys="cam4"                          > 0.920D0 </cldfrc_rhminl>
<cldfrc_rhminl hgrid="0.47x0.63" phys="cam4"                          > 0.920D0 </cldfrc_rhminl>
<!-- Note: the ocn attribute allows coupled and uncoupled configurations to have different tunings -->
<cldfrc_rhminl hgrid="0.47x0.63" phys="cam4" ocn="docn"               > 0.913D0 </cldfrc_rhminl>
<cldfrc_rhminl hgrid="512x1024"  phys="cam4"                          > 0.903D0 </cldfrc_rhminl>
<cldfrc_rhminl hgrid="128x256"   phys="cam4"                          > 0.905D0 </cldfrc_rhminl>
<cldfrc_rhminl hgrid="48x96"     phys="cam4"                          > 0.880D0 </cldfrc_rhminl>
<cldfrc_rhminl dyn="se"          phys="cam4"                          > 0.910D0 </cldfrc_rhminl>

<cldfrc_rhminl_adj_land                                               > 0.100D0 </cldfrc_rhminl_adj_land>
<cldfrc_rhminl_adj_land                      carma="cirrus"           > 0.000D0 </cldfrc_rhminl_adj_land>

<cldfrc_rhminh                                                        > 0.800D0 </cldfrc_rhminh>
<cldfrc_rhminh hgrid="0.23x0.31" phys="cam4"                          > 0.770D0 </cldfrc_rhminh>
<cldfrc_rhminh hgrid="0.47x0.63" phys="cam4"                          > 0.700D0 </cldfrc_rhminh>
<cldfrc_rhminh hgrid="0.9x1.25"  phys="cam4"                          > 0.770D0 </cldfrc_rhminh>
<cldfrc_rhminh hgrid="48x96"     phys="cam4"                          > 0.500D0 </cldfrc_rhminh>
<cldfrc_rhminh hgrid="4x5"       phys="cam4" waccm_phys="1"           > 0.900D0 </cldfrc_rhminh>
<cldfrc_rhminh hgrid="10x15"     phys="cam4" waccm_phys="1"           > 0.900D0 </cldfrc_rhminh>
<cldfrc_rhminh hgrid="128x256"                                        > 0.680D0 </cldfrc_rhminh>
<cldfrc_rhminh hgrid="128x256"                                        > 0.680D0 </cldfrc_rhminh>
<cldfrc_rhminh hgrid="512x1024"                                       > 0.650D0 </cldfrc_rhminh>

<cldfrc_sh1                                                           > 0.07D0 </cldfrc_sh1>
<cldfrc_sh1 dyn="fv"                                                  > 0.04D0 </cldfrc_sh1>
<cldfrc_sh1 dyn="fv"     hgrid="0.47x0.63"  phys="cam4"               > 0.10D0 </cldfrc_sh1>
<cldfrc_sh1 dyn="se"                                                  > 0.04D0 </cldfrc_sh1>

<cldfrc_sh2                                                           > 500.0D0 </cldfrc_sh2>

<cldfrc_dp1                                                           > 0.14D0 </cldfrc_dp1>
<cldfrc_dp1             phys="cam5"                                   > 0.10D0 </cldfrc_dp1>
<cldfrc_dp1 dyn="fv"    phys="cam4"                                   > 0.10D0 </cldfrc_dp1>
<cldfrc_dp1 dyn="se"    phys="cam4"                                   > 0.10D0 </cldfrc_dp1>

<cldfrc_dp2                                                           > 500.0D0 </cldfrc_dp2>
<cldfrc_dp2          phys="cam5"                                      > 500.0D0 </cldfrc_dp2>

<cldfrc_premit                                                        > 75000.0D0 </cldfrc_premit>
<cldfrc_premit dyn="fv"  hgrid="0.23x0.31"                            > 25000.0D0 </cldfrc_premit>
<cldfrc_premit dyn="fv"  hgrid="0.47x0.63"                            > 25000.0D0 </cldfrc_premit>
<cldfrc_premit dyn="fv"  hgrid="0.5x0.625"                            > 25000.0D0 </cldfrc_premit>
<cldfrc_premit dyn="eul" hgrid="128x256"                              > 25000.0D0 </cldfrc_premit>
<cldfrc_premit dyn="eul" hgrid="256x512"                              > 25000.0D0 </cldfrc_premit>
<cldfrc_premit dyn="eul" hgrid="512x1024"                             > 25000.0D0 </cldfrc_premit>
<cldfrc_premit dyn="se"                                               > 25000.0D0 </cldfrc_premit>
<cldfrc_premit                                      pbl="uw"          > 40000.0D0 </cldfrc_premit>
<cldfrc_premit dyn="fv"  hgrid="0.23x0.31"          pbl="uw"          > 40000.0D0 </cldfrc_premit>
<cldfrc_premit dyn="fv"  hgrid="0.47x0.63"          pbl="uw"          > 40000.0D0 </cldfrc_premit>
<cldfrc_premit dyn="fv"  hgrid="0.5x0.625"          pbl="uw"          > 40000.0D0 </cldfrc_premit>
<cldfrc_premit dyn="eul" hgrid="128x256"            pbl="uw"          > 40000.0D0 </cldfrc_premit>
<cldfrc_premit dyn="eul" hgrid="256x512"            pbl="uw"          > 40000.0D0 </cldfrc_premit>
<cldfrc_premit dyn="eul" hgrid="512x1024"           pbl="uw"          > 40000.0D0 </cldfrc_premit>
<cldfrc_premit dyn="se"                             pbl="uw"          > 40000.0D0 </cldfrc_premit>

<cldfrc_premib              > 750.0D2 </cldfrc_premib>
<cldfrc_premib  phys="cam5" > 700.0D2 </cldfrc_premib>

<cldfrc_iceopt                             > 1 </cldfrc_iceopt>
<cldfrc_iceopt  phys="cam5"                > 5 </cldfrc_iceopt>
<cldfrc_iceopt  phys="cam4" carma="cirrus" > 4 </cldfrc_iceopt>
<cldfrc_iceopt  phys="cam5" carma="cirrus" > 4 </cldfrc_iceopt>

<cldfrc_icecrit                            > 0.95D0 </cldfrc_icecrit>
<cldfrc_icecrit phys="cam5"                > 0.93D0 </cldfrc_icecrit>
<cldfrc_icecrit             carma="cirrus" > 0.70D0 </cldfrc_icecrit>
<cldfrc_icecrit phys="cam5" carma="cirrus" > 0.70D0 </cldfrc_icecrit>

<!-- Cldwat -->
<cldwat_icritc                                                        >  5.0e-6  </cldwat_icritc>
<cldwat_icritc  dyn="fv"           unicon="1"                         >  9.5e-6  </cldwat_icritc>
<cldwat_icritc  hgrid="0.23x0.31"                                     > 45.0e-6  </cldwat_icritc>
<cldwat_icritc  hgrid="0.47x0.63"                                     > 45.0e-6  </cldwat_icritc>
<cldwat_icritc  hgrid="0.5x0.625"                                     > 45.0e-6  </cldwat_icritc>
<cldwat_icritc  hgrid="0.9x1.25"                                      > 18.0e-6  </cldwat_icritc>
<cldwat_icritc  hgrid="1x1.25"                                        > 18.0e-6  </cldwat_icritc>
<cldwat_icritc  hgrid="1.9x2.5"                                       >  9.5e-6  </cldwat_icritc>
<cldwat_icritc  hgrid="2x2.5"                                         >  9.5e-6  </cldwat_icritc>
<cldwat_icritc  hgrid="4x5"                                           >  9.5e-6  </cldwat_icritc>
<cldwat_icritc  hgrid="10x15"                                         >  9.5e-6  </cldwat_icritc>

<cldwat_icritc  hgrid="512x1024"                                      > 30.0e-6  </cldwat_icritc>
<cldwat_icritc  hgrid="256x512"                                       > 20.0e-6  </cldwat_icritc>
<cldwat_icritc  hgrid="128x256"                                       > 16.0e-6  </cldwat_icritc>
<cldwat_icritc  hgrid="48x96"                                         >  1.0e-6  </cldwat_icritc>
<cldwat_icritc  dyn="se"                                              > 18.0e-6  </cldwat_icritc>

<cldwat_icritw                                                        >  4.0e-4  </cldwat_icritw>
<cldwat_icritw  dyn="fv"                                              >  2.0e-4  </cldwat_icritw>
<cldwat_icritw  dyn="fv"  hgrid="0.47x0.63"   phys="cam4"             >  2.0e-6  </cldwat_icritw>
<cldwat_icritw  dyn="se"                                              >  2.0e-4  </cldwat_icritw>

<cldwat_conke                                                        >  10.0e-6 </cldwat_conke>
<cldwat_conke dyn="fv"                                               >  5.0e-6  </cldwat_conke>
<cldwat_conke dyn="eul"  hgrid="512x1024"                            >  5.0e-6  </cldwat_conke>
<cldwat_conke dyn="eul"  hgrid="256x512"                             >  5.0e-6  </cldwat_conke>
<cldwat_conke dyn="eul"  hgrid="128x256"                             >  5.0e-6  </cldwat_conke>
<cldwat_conke dyn="se"                                               >  5.0e-6  </cldwat_conke>

<cldwat_r3lcrit                                                      >  10.0e-6  </cldwat_r3lcrit>
<cldwat_r3lcrit  hgrid="48x96"                                       >   1.0e-6  </cldwat_r3lcrit>

<!-- hkconv Moist Convection -->
<hkconv_cmftau> 1800.0D0 </hkconv_cmftau>
<hkconv_c0 dyn="fv"                                                >  1.0e-4 </hkconv_c0>
<hkconv_c0 dyn="fv"   hgrid="0.23x0.31"                            >  5.0e-5 </hkconv_c0>
<hkconv_c0 dyn="fv"   hgrid="0.47x0.63"                            >  5.0e-5 </hkconv_c0>
<hkconv_c0 dyn="fv"   hgrid="0.5x0.625"                            >  5.0e-5 </hkconv_c0>
<hkconv_c0 dyn="fv"   hgrid="4x5"                                  >  2.0e-4 </hkconv_c0>

<hkconv_c0                                                         >  2.0e-4 </hkconv_c0>
<hkconv_c0   hgrid="512x1024"                                      >  1.0e-5 </hkconv_c0>
<hkconv_c0   hgrid="256x512"                                       >  1.0e-5 </hkconv_c0>
<hkconv_c0   hgrid="48x96"                                         >  1.0e-4 </hkconv_c0>
<hkconv_c0   hgrid="128x256"                                       >  1.0e-4 </hkconv_c0>
<hkconv_c0   dyn="se"                                              >  1.0e-4 </hkconv_c0>

<!-- uwshcu Moist Convection -->
<uwshcu_rpen                                                       >  10.0 </uwshcu_rpen>
<uwshcu_rpen hgrid="1.9x2.5"                                       >   5.0 </uwshcu_rpen>
<uwshcu_rpen hgrid="1.9x2.5"  microphys="mg1.5"                    >  10.0 </uwshcu_rpen>

<uwshcu_rpen dyn="se"                                              >   5.0 </uwshcu_rpen>

<!-- zm conv -->
<zmconv_c0_lnd                                                        > 0.0030D0 </zmconv_c0_lnd>
<zmconv_c0_lnd                                    phys="cam5"         > 0.0059D0 </zmconv_c0_lnd>
<zmconv_c0_lnd                   hgrid="ne120np4" phys="cam5"         > 0.0035D0 </zmconv_c0_lnd>

<zmconv_c0_lnd  dyn="fv"                          phys="cam4"         > 0.0035D0 </zmconv_c0_lnd>
<zmconv_c0_lnd  dyn="se"                          phys="cam4"         > 0.0035D0 </zmconv_c0_lnd>
<zmconv_c0_lnd                   hgrid="48x96"    phys="cam4"         > 0.0020D0 </zmconv_c0_lnd>
<zmconv_c0_lnd                   hgrid="128x256"  phys="cam4"         > 0.0040D0 </zmconv_c0_lnd>
<zmconv_c0_lnd                   hgrid="256x512"  phys="cam4"         > 0.0040D0 </zmconv_c0_lnd>
<zmconv_c0_lnd                   hgrid="512x1024" phys="cam4"         > 0.0040D0 </zmconv_c0_lnd>

<zmconv_c0_ocn                                                        > 0.0030D0 </zmconv_c0_ocn>
<zmconv_c0_ocn                                    phys="cam5"         > 0.0450D0 </zmconv_c0_ocn>
<zmconv_c0_ocn                   hgrid="ne120np4" phys="cam5"         > 0.0035D0 </zmconv_c0_ocn>

<zmconv_c0_ocn  dyn="fv"                          phys="cam4"         > 0.0035D0 </zmconv_c0_ocn>
<zmconv_c0_ocn  dyn="se"                          phys="cam4"         > 0.0035D0 </zmconv_c0_ocn>
<zmconv_c0_ocn                   hgrid="48x96"    phys="cam4"         > 0.0020D0 </zmconv_c0_ocn>
<zmconv_c0_ocn                   hgrid="128x256"  phys="cam4"         > 0.0040D0 </zmconv_c0_ocn>
<zmconv_c0_ocn                   hgrid="256x512"  phys="cam4"         > 0.0040D0 </zmconv_c0_ocn>
<zmconv_c0_ocn                   hgrid="512x1024" phys="cam4"         > 0.0040D0 </zmconv_c0_ocn>

<zmconv_ke                                                            > 3.0E-6 </zmconv_ke>
<zmconv_ke      dyn="fv"                                              > 1.0E-6 </zmconv_ke>
<zmconv_ke      dyn="se"                                              > 1.0E-6 </zmconv_ke>
<zmconv_ke                       hgrid="128x256"                      > 1.0E-6 </zmconv_ke>
<zmconv_ke                       hgrid="256x512"                      > 1.0E-6 </zmconv_ke>
<zmconv_ke                       hgrid="512x1024"                     > 1.0E-6 </zmconv_ke>


<!-- Cloud sedimentation -->

<cldsed_ice_stokes_fac                                    > 1.0D0 </cldsed_ice_stokes_fac>
<cldsed_ice_stokes_fac waccm_phys="1"                     > 0.5D0 </cldsed_ice_stokes_fac>
<cldsed_ice_stokes_fac hgrid="1.9x2.5"   phys="cam4"      > 0.5D0 </cldsed_ice_stokes_fac>


<!-- Gravity wave drag parameters -->
<fcrit2              >1.0</fcrit2>

<!-- FV dycore -->
<fft_flt phys="cam3"  >0</fft_flt>
<fft_flt              >1</fft_flt>

<div24del2flag                              > 2</div24del2flag>
<div24del2flag                   phys="cam5"> 4</div24del2flag>
<div24del2flag hgrid="0.23x0.31" phys="cam4">42</div24del2flag>
<div24del2flag hgrid="0.47x0.63" phys="cam4">42</div24del2flag>
<div24del2flag hgrid="0.23x0.31" phys="cam5">42</div24del2flag>
<div24del2flag hgrid="0.47x0.63" phys="cam5">42</div24del2flag>

<nspltvrm                  >1</nspltvrm>
<nspltvrm hgrid="0.9x1.25" >2</nspltvrm>
<nspltvrm hgrid="0.47x0.63">2</nspltvrm>
<nspltvrm hgrid="0.23x0.31">2</nspltvrm>
<nspltvrm    waccm_phys="1">2</nspltvrm>
<nspltrac    waccm_phys="1">2</nspltrac>

<nsplit      waccm_phys="1">8</nsplit>

<del2coef                >3.e+5</del2coef>

<filtcw                  >0</filtcw>
<filtcw hgrid="0.23x0.31">1</filtcw>

<!--for subcycling spectral-->
<eul_nsplit dyn="eul"> 1 </eul_nsplit>
<eul_nsplit dyn="eul" hgrid="512x1024"> 12 </eul_nsplit>

<!-- iop dataset for SCAM mode -->
<iopfile dyn="eul">atm/cam/scam/iop/ARM95_4scam.nc</iopfile>

<!-- physics loadbalance -->
<phys_loadbalance dyn="se"> 0 </phys_loadbalance>
<phys_loadbalance dyn="eul"> 3 </phys_loadbalance>

<!-- Control output to history file(s) -->
<history_amwg>                 .true.   </history_amwg>
<history_vdiag>                .false.  </history_vdiag>
<history_aerosol>              .false.  </history_aerosol>
<history_aero_optics>          .false.  </history_aero_optics>
<history_eddy>                 .false.  </history_eddy>
<history_budget>               .false.  </history_budget>
<history_waccm>                .false.  </history_waccm>
<history_waccm waccm_phys="1"> .true.   </history_waccm>
<history_waccmx>     .false.  </history_waccmx>
<history_waccmx waccmx="1"> .true. </history_waccmx>
<history_chemistry>  .true.   </history_chemistry>
<history_carma>      .true.   </history_carma>
<history_clubb>      .true.   </history_clubb>


<!-- ================================================================== -->
<!-- Defaults for SE                                                    -->
<!-- ================================================================== -->

<se_partmethod> 4 </se_partmethod>
<se_topology> "cube" </se_topology>
<statefreq> 480 </statefreq>
<integration> "explicit" </integration>

<nu_top> 2.5e5 </nu_top>
<nu_top hgrid="ne240np4"> 1.0e5 </nu_top>

<nu>                   1.0e15 </nu>
<nu hgrid="ne11np4" >  2.0e16 </nu>
<nu hgrid="ne16np4" >  7.0e15 </nu>
<nu hgrid="ne30np4" >  1.0e15 </nu>
<nu hgrid="ne60np4" >  1.0e14 </nu>
<nu hgrid="ne120np4">  1.0e13 </nu>
<nu hgrid="ne240np4">  1.1e12 </nu>

<!-- This will set nu_q to nu internally. -->
<nu_q> -1.0 </nu_q>

<nu_p>                   1.0e15 </nu_p>
<nu_p hgrid="ne11np4" >  2.0e16 </nu_p>
<nu_p hgrid="ne16np4" >  7.0e15 </nu_p>
<nu_p hgrid="ne30np4" >  1.0e15 </nu_p>
<nu_p hgrid="ne60np4" >  1.0e14 </nu_p>
<nu_p hgrid="ne120np4">  1.0e13 </nu_p>
<nu_p hgrid="ne240np4">  1.1e12 </nu_p>


<nu_div>                   2.5e15 </nu_div>
<nu_div hgrid="ne11np4" >  5.0e16 </nu_div>
<nu_div hgrid="ne16np4" > 15.5e15 </nu_div>
<nu_div hgrid="ne30np4" >  2.5e15 </nu_div>
<nu_div hgrid="ne60np4" >  2.5e14 </nu_div>
<nu_div hgrid="ne120np4">  2.5e13 </nu_div>
<nu_div hgrid="ne240np4">  2.5e12 </nu_div>

<hypervis_order >     2 </hypervis_order>

<hypervis_subcycle>                   3 </hypervis_subcycle>
<hypervis_subcycle hgrid="ne11np4" >  3 </hypervis_subcycle>
<hypervis_subcycle hgrid="ne16np4" >  3 </hypervis_subcycle>
<hypervis_subcycle hgrid="ne30np4" >  3 </hypervis_subcycle>
<hypervis_subcycle hgrid="ne60np4" >  4 </hypervis_subcycle>
<hypervis_subcycle hgrid="ne120np4">  4 </hypervis_subcycle>
<hypervis_subcycle hgrid="ne240np4">  4 </hypervis_subcycle>
<hypervis_subcycle dyn="se" waccm_phys="1">  1 </hypervis_subcycle>

<hypervis_subcycle_q> 1 </hypervis_subcycle_q>

<tstep_type > 5 </tstep_type>

<qsplit > 1 </qsplit>

<rsplit >                  3 </rsplit>
<rsplit hgrid="ne11np4" >  2 </rsplit>
<rsplit hgrid="ne16np4" >  3 </rsplit>
<rsplit hgrid="ne30np4" >  3 </rsplit>
<rsplit hgrid="ne60np4" >  3 </rsplit>
<rsplit hgrid="ne120np4">  3 </rsplit>
<rsplit hgrid="ne240np4">  3 </rsplit>

<se_nsplit>                   2 </se_nsplit>
<se_nsplit hgrid="ne11np4" >  1 </se_nsplit>
<se_nsplit hgrid="ne16np4" >  1 </se_nsplit>
<se_nsplit hgrid="ne30np4" >  2 </se_nsplit>
<se_nsplit hgrid="ne60np4" >  4 </se_nsplit>
<se_nsplit hgrid="ne120np4">  4 </se_nsplit>
<se_nsplit hgrid="ne240np4">  5 </se_nsplit>

<se_nsplit hgrid="ne11np4"  waccm_phys="1">  5 </se_nsplit>
<se_nsplit hgrid="ne16np4"  waccm_phys="1">  5 </se_nsplit>
<se_nsplit hgrid="ne30np4"  waccm_phys="1">  10 </se_nsplit>
<se_nsplit hgrid="ne60np4"  waccm_phys="1">  20 </se_nsplit>
<se_nsplit hgrid="ne120np4" waccm_phys="1">  20 </se_nsplit>
<se_nsplit hgrid="ne240np4" waccm_phys="1">  25 </se_nsplit>


<se_ftype> 0 </se_ftype>

<se_phys_tscale> 0 </se_phys_tscale>
<se_limiter_option> 8 </se_limiter_option>
<vert_remap_q_alg> 1 </vert_remap_q_alg>

<interpolate_analysis> .false. </interpolate_analysis>
<interp_nlon> 0 </interp_nlon>
<interp_nlat> 0 </interp_nlat>
<interp_type> 1 </interp_type>
<interp_gridtype> 1 </interp_gridtype>

<!-- ================================================================== -->
<!-- Defaults for driver namelist seq_infodata_inparm                   -->
<!-- ================================================================== -->

<!-- Case name -->
<case_name>camrun</case_name>

<!-- Run-type of simulation -->
<start_type>startup</start_type>

<!-- ================================================================== -->
<!-- Defaults for driver namelist seq_timemgr_inparm                    -->
<!-- ================================================================== -->

<!-- Length of run -->
<stop_option>ndays</stop_option>
<stop_n>1</stop_n>

<!-- Length of time for restarts -->
<restart_option>'monthly'</restart_option>

<!-- Starting date.  The value of start_ymd is used to match the ic_ymd    -->
<!-- attribute of the ncdata files -->
<start_ymd>101</start_ymd>

<!-- Orbit -->
<orb_iyear >1990</orb_iyear>

<cpl_seq_option >'CESM1_MOD_TIGHT'</cpl_seq_option>

<!-- ================================================================== -->
<!-- Defaults for clm_inparm                                            -->
<!-- ================================================================== -->

<!-- Urban air conditioning/heating and wasteheat -->
<urban_hac>ON_WASTEHEAT</urban_hac>

<!-- Urban traffic flux -->
<urban_traffic>.false.</urban_traffic>

<!-- Plant function types (relative to {csmdata}) -->
<fpftcon>lnd/clm2/pftdata/pft-physiology.clm40.c130424.nc</fpftcon>

<!-- Initial condition datasets (relative to {csmdata}) -->
<!-- The year has been removed from the ic_ymd attribute for the climatology files -->
<!-- so that they will be used when the default 101 climatology start date -->
<!-- is used.  The sim_year attribute defaults to 2000 in build-namelist, -->
<!-- and is set explicitly in the use case files -->
<finidat hgrid="0.9x1.25"  ic_ymd="101" sim_year="2000">lnd/clm2/initdata/clmi.BCN.2000-01-01_0.9x1.25_gx1v6_simyr2000_c100303.nc</finidat>
<finidat hgrid="1.9x2.5"   ic_ymd="101" sim_year="2000">lnd/clm2/initdata/clmi.BCN.2000-01-01_1.9x2.5_gx1v6_simyr2000_c100309.nc</finidat>
<finidat hgrid="48x96"     ic_ymd="101" sim_year="2000">lnd/clm2/initdata/clmi.BCN_0051-01-01_48x96_gx3v7_simyr2000_c110509.nc</finidat>

<finidat hgrid="0.9x1.25"  ic_ymd="101" sim_year="1850">ccsm4_init/b40.1850.track1.1deg.006/0863-01-01/b40.1850.track1.1deg.006.clm2.r.0863-01-01-00000.nc</finidat>
<finidat hgrid="1.9x2.5"   ic_ymd="101" sim_year="1850">ccsm4_init/b40.1850.track1.2deg.003/year_401/b40.1850.track1.2deg.003.clm2.r.0401-01-01-00000.nc</finidat>
<finidat hgrid="48x96"     ic_ymd="101" sim_year="1850">lnd/clm2/initdata/clmi.BCN.1850-01-01_48x96_gx3v7_simyr1850_c110421.nc</finidat>
<finidat hgrid="ne30np4"  ic_ymd="101" sim_year="2000">lnd/clm2/initdata/clmi.BCN.2000-01-01_ne30np4_gx1v6_simyr2000_c110328.nc</finidat>

<!-- Surface datasets (relative to {csmdata}) -->
<!-- for present day simulations - year 2000 -->
<fsurdat hgrid="128x256"   sim_year="2000">lnd/clm2/surfdata/surfdata_128x256_simyr2000_c100406.nc</fsurdat>
<fsurdat hgrid="64x128"    sim_year="2000">lnd/clm2/surfdata/surfdata_64x128_simyr2000_c090928.nc</fsurdat>
<fsurdat hgrid="48x96"     sim_year="2000">lnd/clm2/surfdata/surfdata_48x96_simyr2000_c100505.nc</fsurdat>
<fsurdat hgrid="32x64"     sim_year="2000">lnd/clm2/surfdata/surfdata_32x64_simyr2000_c090928.nc</fsurdat>
<fsurdat hgrid="8x16"      sim_year="2000">lnd/clm2/surfdata/surfdata_8x16_simyr2000_c090928.nc</fsurdat>

<fsurdat hgrid="0.23x0.31" sim_year="2000">lnd/clm2/surfdata/surfdata_0.23x0.31_simyr2000_c100406.nc</fsurdat>
<fsurdat hgrid="0.47x0.63" sim_year="2000">lnd/clm2/surfdata/surfdata_0.47x0.63_simyr2000_c091023.nc</fsurdat>
<fsurdat hgrid="0.9x1.25"  sim_year="2000">lnd/clm2/surfdata/surfdata_0.9x1.25_simyr2000_c091006.nc</fsurdat>
<fsurdat hgrid="1.9x2.5"   sim_year="2000">lnd/clm2/surfdata/surfdata_1.9x2.5_simyr2000_c091005.nc</fsurdat>
<fsurdat hgrid="2.5x3.33"  sim_year="2000">lnd/clm2/surfdata/surfdata_2.5x3.33_simyr2000_c091023.nc</fsurdat>
<fsurdat hgrid="4x5"       sim_year="2000">lnd/clm2/surfdata/surfdata_4x5_simyr2000_c090928.nc</fsurdat>
<fsurdat hgrid="10x15"     sim_year="2000">lnd/clm2/surfdata/surfdata_10x15_simyr2000_c090928.nc</fsurdat>

<fsurdat hgrid="ne5np4"    sim_year="2000">lnd/clm2/surfdata_map/surfdata_ne5np4_simyr2000_c140716.nc</fsurdat>
<fsurdat hgrid="ne16np4"   sim_year="2000">lnd/clm2/surfdata_map/surfdata_ne16np4_simyr2000_c120126.nc</fsurdat>
<fsurdat hgrid="ne30np4"   sim_year="2000">lnd/clm2/surfdata_map/surfdata_ne30np4_simyr2000_c110801.nc</fsurdat>
<fsurdat hgrid="ne60np4"   sim_year="2000">lnd/clm2/surfdata_map/surfdata_ne60np4_simyr2000_c120416.nc</fsurdat>
<fsurdat hgrid="ne120np4"  sim_year="2000">lnd/clm2/surfdata_map/surfdata_ne120np4_simyr2000_c120711.nc</fsurdat>
<fsurdat hgrid="ne240np4"  sim_year="2000">lnd/clm2/surfdata_map/surfdata_ne240np4_simyr2000_c110801.nc</fsurdat>

<!-- for pre-industrial simulations - year 1850 -->
<fsurdat hgrid="512x1024"  sim_year="1850">lnd/clm2/surfdata/surfdata_512x1024_simyr1850_c100315.nc</fsurdat>
<fsurdat hgrid="128x256"   sim_year="1850">lnd/clm2/surfdata/surfdata_128x256_simyr1850_c100406.nc</fsurdat>
<fsurdat hgrid="64x128"    sim_year="1850">lnd/clm2/surfdata/surfdata_64x128_simyr1850_c090928.nc</fsurdat>
<fsurdat hgrid="48x96"     sim_year="1850">lnd/clm2/surfdata/surfdata_48x96_simyr1850_c110114.nc</fsurdat>
<fsurdat hgrid="32x64"     sim_year="1850">lnd/clm2/surfdata/surfdata_32x64_simyr1850_c090928.nc</fsurdat>
<fsurdat hgrid="8x16"      sim_year="1850">lnd/clm2/surfdata/surfdata_8x16_simyr1850_c090928.nc</fsurdat>

<fsurdat hgrid="0.23x0.31" sim_year="1850">lnd/clm2/surfdata/surfdata_0.23x0.31_simyr1850_c100404.nc</fsurdat>
<fsurdat hgrid="0.47x0.63" sim_year="1850">lnd/clm2/surfdata/surfdata_0.47x0.63_simyr1850_c100826.nc</fsurdat>
<fsurdat hgrid="0.9x1.25"  sim_year="1850">lnd/clm2/surfdata/surfdata_0.9x1.25_simyr1850_c091006.nc</fsurdat>
<fsurdat hgrid="1.9x2.5"   sim_year="1850">lnd/clm2/surfdata/surfdata_1.9x2.5_simyr1850_c091108.nc</fsurdat>
<fsurdat hgrid="2.5x3.33"  sim_year="1850">lnd/clm2/surfdata/surfdata_2.5x3.33_simyr1850_c091109.nc</fsurdat>
<fsurdat hgrid="4x5"       sim_year="1850">lnd/clm2/surfdata/surfdata_4x5_simyr1850_c090928.nc</fsurdat>
<fsurdat hgrid="10x15"     sim_year="1850">lnd/clm2/surfdata/surfdata_10x15_simyr1850_c100202.nc</fsurdat>

<fsurdat hgrid="ne16np4"   sim_year="1850">lnd/clm2/surfdata/surfdata_ne16np4_simyr1850_c120126.nc</fsurdat>
<fsurdat hgrid="ne30np4"   sim_year="1850">lnd/clm2/surfdata/surfdata_ne30np4_simyr1850_c110727.nc</fsurdat>
<fsurdat hgrid="ne60np4"   sim_year="1850">lnd/clm2/surfdata/surfdata_ne60np4_simyr1850_c120416.nc</fsurdat>
<fsurdat hgrid="ne120np4"  sim_year="1850">lnd/clm2/surfdata/surfdata_ne120np4_simyr1850_c110817.nc</fsurdat>
<fsurdat hgrid="ne240np4"  sim_year="1850">lnd/clm2/surfdata/surfdata_ne240np4_simyr1850_c120127.nc</fsurdat>

<!-- Dynamic PFT surface datasets (relative to {csmdata}) -->
<flanduse_timeseries hgrid="48x96"         sim_year="1850-2000" >lnd/clm2/surfdata/surfdata.pftdyn_48x96_hist_simyr1850-2005_c110114.nc</flanduse_timeseries>

<flanduse_timeseries hgrid="0.9x1.25"      sim_year="1850-2000" >lnd/clm2/surfdata/surfdata.pftdyn_0.9x1.25_simyr1850-2005_c091008.nc</flanduse_timeseries>
<flanduse_timeseries hgrid="1.9x2.5"       sim_year="1850-2000" >lnd/clm2/surfdata/surfdata.pftdyn_1.9x2.5_simyr1850-2005_c091108.nc</flanduse_timeseries>
<flanduse_timeseries hgrid="2.5x3.33"      sim_year="1850-2000" >lnd/clm2/surfdata/surfdata.pftdyn_2.5x3.33_simyr1850-2005_c091109.nc</flanduse_timeseries>
<flanduse_timeseries hgrid="10x15"         sim_year="1850-2000" >lnd/clm2/surfdata/surfdata.pftdyn_10x15_simyr1850-2005_c100205.nc</flanduse_timeseries>

<!-- Dynamic PFT surface datasets for future scenarios(relative to {csmdata}) -->
<flanduse_timeseries hgrid="0.9x1.25"      rcp="8.5" sim_year="1850-2100" >lnd/clm2/surfdata/surfdata.pftdyn_0.9x1.25_rcp8.5_simyr1850-2100_c100319.nc</flanduse_timeseries>
<flanduse_timeseries hgrid="1.9x2.5"       rcp="8.5" sim_year="1850-2100" >lnd/clm2/surfdata/surfdata.pftdyn_1.9x2.5_rcp8.5_simyr1850-2100_c100322.nc</flanduse_timeseries>
<flanduse_timeseries hgrid="10x15"         rcp="8.5" sim_year="1850-2100" >lnd/clm2/surfdata/surfdata.pftdyn_10x15_rcp8.5_simyr1850-2100_c100202.nc</flanduse_timeseries>

<flanduse_timeseries hgrid="0.9x1.25"      rcp="6"  sim_year="1850-2100" >lnd/clm2/surfdata/surfdata.pftdyn_0.9x1.25_rcp6.0_simyr1850-2100_c100812.nc</flanduse_timeseries>
<flanduse_timeseries hgrid="1.9x2.5"       rcp="6"  sim_year="1850-2100" >lnd/clm2/surfdata/surfdata.pftdyn_1.9x2.5_rcp6.0_simyr1850-2100_c100813.nc</flanduse_timeseries>
<flanduse_timeseries hgrid="10x15"         rcp="6"  sim_year="1850-2100" >lnd/clm2/surfdata/surfdata.pftdyn_10x15_rcp6.0_simyr1850-2100_c100901.nc</flanduse_timeseries>

<flanduse_timeseries hgrid="0.9x1.25"      rcp="4.5" sim_year="1850-2100" >lnd/clm2/surfdata/surfdata.pftdyn_0.9x1.25_rcp4.5_simyr1850-2100_c100406.nc</flanduse_timeseries>
<flanduse_timeseries hgrid="1.9x2.5"       rcp="4.5" sim_year="1850-2100" >lnd/clm2/surfdata/surfdata.pftdyn_1.9x2.5_rcp4.5_simyr1850-2100_c100322.nc</flanduse_timeseries>
<flanduse_timeseries hgrid="10x15"         rcp="4.5" sim_year="1850-2100" >lnd/clm2/surfdata/surfdata.pftdyn_10x15_rcp4.5_simyr1850-2100_c100322.nc</flanduse_timeseries>

<flanduse_timeseries hgrid="0.9x1.25"      rcp="2.6" sim_year="1850-2100" >lnd/clm2/surfdata/surfdata.pftdyn_0.9x1.25_rcp2.6_simyr1850-2100_c100323.nc</flanduse_timeseries>
<flanduse_timeseries hgrid="1.9x2.5"       rcp="2.6" sim_year="1850-2100" >lnd/clm2/surfdata/surfdata.pftdyn_1.9x2.5_rcp2.6_simyr1850-2100_c100322.nc</flanduse_timeseries>
<flanduse_timeseries hgrid="10x15"         rcp="2.6" sim_year="1850-2100" >lnd/clm2/surfdata/surfdata.pftdyn_10x15_rcp2.6_simyr1850-2100_c100322.nc</flanduse_timeseries>


<!-- Grid/Fraction datasets (relative to {csmdata}) -->

<fatmlndfrc hgrid="128x256"   >share/domains/domain.clm/domain.lnd.T85_USGS.111004.nc</fatmlndfrc>
<fatmlndfrc hgrid="64x128"    >share/domains/domain.clm/domain.lnd.T42_USGS.111004.nc</fatmlndfrc>
<fatmlndfrc hgrid="48x96"     >share/domains/domain.lnd.T31_gx3v7.090928.nc</fatmlndfrc>
<fatmlndfrc hgrid="32x64"     >share/domains/domain.lnd.T21_USGS.111004.nc</fatmlndfrc>
<fatmlndfrc hgrid="8x16"      >share/domains/domain.clm/domain.lnd.T5_USGS.111004.nc</fatmlndfrc>

<fatmlndfrc hgrid="0.23x0.31" >share/domains/domain.lnd.fv0.23x0.31_gx1v6.100517.nc</fatmlndfrc>
<fatmlndfrc hgrid="0.47x0.63" >share/domains/domain.lnd.fv0.47x0.63_gx1v6.090407.nc</fatmlndfrc>
<fatmlndfrc hgrid="0.9x1.25"  >share/domains/domain.lnd.fv0.9x1.25_gx1v6.090309.nc</fatmlndfrc>
<fatmlndfrc hgrid="1.9x2.5"   >share/domains/domain.lnd.fv1.9x2.5_gx1v6.090206.nc</fatmlndfrc>
<fatmlndfrc hgrid="2.5x3.33"  >share/domains/domain.lnd.fv2.5x3.33_gx3v7.110223.nc</fatmlndfrc>
<fatmlndfrc hgrid="4x5"       >share/domains/domain.lnd.fv4x5_USGS.110713.nc</fatmlndfrc>
<fatmlndfrc hgrid="10x15"     >share/domains/domain.lnd.fv10x15_USGS.110713.nc</fatmlndfrc>

<fatmlndfrc hgrid="ne5np4"    >share/domains/domain.lnd.ne5np4_gx3v7.140810.nc</fatmlndfrc>
<fatmlndfrc hgrid="ne16np4"   >share/domains/domain.lnd.ne16np4_gx3v7.120406.nc</fatmlndfrc>
<fatmlndfrc hgrid="ne30np4"   >share/domains/domain.lnd.ne30np4_gx1v6.110905.nc</fatmlndfrc>
<fatmlndfrc hgrid="ne60np4"   >share/domains/domain.lnd.ne60np4_gx1v6.120406.nc</fatmlndfrc>
<fatmlndfrc hgrid="ne120np4"  >share/domains/domain.lnd.ne120np4_gx1v6.111226.nc</fatmlndfrc>
<fatmlndfrc hgrid="ne240np4"  >share/domains/domain.lnd.ne240np4_gx1v6.120125.nc</fatmlndfrc>

<!-- SNICAR (SNow, ICe, and Aerosol Radiative model) datasets -->
<fsnowoptics >lnd/clm2/snicardata/snicar_optics_5bnd_c090915.nc</fsnowoptics>
<fsnowaging  >lnd/clm2/snicardata/snicar_drdt_bst_fit_60_c070416.nc</fsnowaging>

<!-- River Transport Model 1/2 degree grid river routing file (relative to {csmdata}) -->
<frivinp_rtm>lnd/clm2/rtmdata/rdirc_0.5x0.5_simyr2000_c101124.nc</frivinp_rtm>

<!-- ================================================================== -->
<!-- CAM specific surface model DOM                                     -->
<!-- ================================================================== -->

<!-- SST datasets used with DOM and DOCN -->
<!-- Present day SST -->
<bndtvs hgrid="0.23x0.31"  sim_year="2000">atm/cam/sst/sst_HadOIBl_bc_0.23x0.31_clim_c061106.nc</bndtvs>
<bndtvs hgrid="0.47x0.63"  sim_year="2000">atm/cam/sst/sst_HadOIBl_bc_0.47x0.63_clim_c061106.nc</bndtvs>
<bndtvs hgrid="0.5x0.625"  sim_year="2000">atm/cam/sst/sst_HadOIBl_bc_0.5x0.625_1949_2001_c040402.nc</bndtvs>
<bndtvs hgrid="0.9x1.25"   sim_year="2000">atm/cam/sst/sst_HadOIBl_bc_0.9x1.25_clim_c040926a.nc</bndtvs>
<bndtvs hgrid="1.9x2.5"    sim_year="2000">atm/cam/sst/sst_HadOIBl_bc_1.9x2.5_clim_c061031.nc</bndtvs>
<bndtvs hgrid="2.5x3.33"   sim_year="2000">atm/cam/sst/sst_HadOIBl_bc_2.5x3.33_clim_c091210.nc</bndtvs>
<bndtvs hgrid="4x5"        sim_year="2000">atm/cam/sst/sst_HadOIBl_bc_4x5_clim_c061031.nc</bndtvs>
<bndtvs hgrid="10x15"      sim_year="2000">atm/cam/sst/sst_HadOIBl_bc_10x15_clim_c050526.nc</bndtvs>

<bndtvs hgrid="256x512"    sim_year="2000">atm/cam/sst/sst_HadOIBl_bc_256x512_clim_c031031.nc</bndtvs>
<bndtvs hgrid="128x256"    sim_year="2000">atm/cam/sst/sst_HadOIBl_bc_128x256_clim_c050526.nc</bndtvs>
<bndtvs hgrid="64x128"     sim_year="2000">atm/cam/sst/sst_HadOIBl_bc_64x128_clim_c050526.nc</bndtvs>
<bndtvs hgrid="48x96"      sim_year="2000">atm/cam/sst/sst_HadOIBl_bc_48x96_clim_c050526.nc</bndtvs>
<bndtvs hgrid="32x64"      sim_year="2000">atm/cam/sst/sst_HadOIBl_bc_32x64_clim_c050526.nc</bndtvs>
<bndtvs hgrid="8x16"       sim_year="2000">atm/cam/sst/sst_HadOIBl_bc_8x16_clim_c050526.nc</bndtvs>

<bndtvs dyn="se"        sim_year="2000">atm/cam/sst/sst_HadOIBl_bc_1x1_clim_c101029.nc</bndtvs>

<!-- Pre-industrial SST: 1850 -->
<bndtvs hgrid="0.23x0.31"  sim_year="1850">atm/cam/sst/sst_HadOIBl_bc_0.23x0.31_clim_pi_c091020.nc</bndtvs>
<bndtvs hgrid="0.47x0.63"  sim_year="1850">atm/cam/sst/sst_HadOIBl_bc_0.47x0.63_clim_pi_c100128.nc</bndtvs>
<bndtvs hgrid="0.9x1.25"   sim_year="1850">atm/cam/sst/sst_HadOIBl_bc_0.9x1.25_clim_pi_c100127.nc</bndtvs>
<bndtvs hgrid="1.9x2.5"    sim_year="1850">atm/cam/sst/sst_HadOIBl_bc_1.9x2.5_clim_pi_c100127.nc</bndtvs>
<bndtvs hgrid="2.5x3.33"   sim_year="1850">ocn/docn7/SSTDATA/sst_HadOIBl_bc_2.5x3.33_clim_pi_c091020.nc</bndtvs>
<bndtvs hgrid="4x5"        sim_year="1850">atm/cam/sst/sst_HadOIBl_bc_4x5_clim_pi_c100127.nc</bndtvs>
<bndtvs hgrid="10x15"      sim_year="1850">atm/cam/sst/sst_HadOIBl_bc_10x15_clim_pi_c100127.nc</bndtvs>

<bndtvs hgrid="128x256"    sim_year="1850">atm/cam/sst/sst_HadOIBl_bc_128x256_clim_pi_c100128.nc</bndtvs>
<bndtvs hgrid="64x128"     sim_year="1850">atm/cam/sst/sst_HadOIBl_bc_64x128_clim_pi_c100128.nc</bndtvs>
<bndtvs hgrid="48x96"      sim_year="1850">atm/cam/sst/sst_HadOIBl_bc_48x96_clim_pi_c100128.nc</bndtvs>
<bndtvs hgrid="32x64"      sim_year="1850">atm/cam/sst/sst_HadOIBl_bc_32x64_clim_pi_c100128.nc</bndtvs>
<bndtvs hgrid="8x16"       sim_year="1850">atm/cam/sst/sst_HadOIBl_bc_8x16_clim_pi_c100128.nc</bndtvs>

<bndtvs dyn="se"        sim_year="1850">atm/cam/sst/sst_HadOIBl_bc_1x1_clim_pi_c100129.nc</bndtvs>

<!-- Time-varying SSTs: 1850-2005 -->
<bndtvs hgrid="0.23x0.31"  sim_year="1850-2000">atm/cam/sst/sst_HadOIBl_bc_0.23x0.31_clim_pi_c091020.nc</bndtvs>
<bndtvs hgrid="0.47x0.63"  sim_year="1850-2000">atm/cam/sst/sst_HadOIBl_bc_0.47x0.63_1850_2012_c130411.nc</bndtvs>
<bndtvs hgrid="0.9x1.25"   sim_year="1850-2000">atm/cam/sst/sst_HadOIBl_bc_0.9x1.25_1850_2012_c130411.nc</bndtvs>
<bndtvs hgrid="1.9x2.5"    sim_year="1850-2000">atm/cam/sst/sst_HadOIBl_bc_1.9x2.5_1850_2012_c130411.nc</bndtvs>
<bndtvs hgrid="2.5x3.33"   sim_year="1850-2000">ocn/docn7/SSTDATA/sst_HadOIBl_bc_2.5x3.33_1870_2008_c091020.nc</bndtvs>
<bndtvs hgrid="4x5"        sim_year="1850-2000">atm/cam/sst/sst_HadOIBl_bc_4x5_1850_2012_c130411.nc</bndtvs>
<bndtvs hgrid="10x15"      sim_year="1850-2000">atm/cam/sst/sst_HadOIBl_bc_10x15_1850_2012_c130411.nc</bndtvs>

<bndtvs hgrid="128x256"    sim_year="1850-2000">atm/cam/sst/sst_HadOIBl_bc_128x256_1850_2012_c130411.nc</bndtvs>
<bndtvs hgrid="64x128"     sim_year="1850-2000">atm/cam/sst/sst_HadOIBl_bc_64x128_1850_2012_c130411.nc</bndtvs>
<bndtvs hgrid="48x96"      sim_year="1850-2000">atm/cam/sst/sst_HadOIBl_bc_48x96_1850_2008_c100128.nc</bndtvs>
<bndtvs hgrid="32x64"      sim_year="1850-2000">atm/cam/sst/sst_HadOIBl_bc_32x64_1850_2012_c130411.nc</bndtvs>
<bndtvs hgrid="8x16"       sim_year="1850-2000">atm/cam/sst/sst_HadOIBl_bc_8x16_1850_2012_c130411.nc</bndtvs>

<bndtvs dyn="se"        sim_year="1850-2000">atm/cam/sst/sst_HadOIBl_bc_1x1_1850_2012_c130411.nc</bndtvs>

<!-- SST domain files -->
<bndtvs_domain dyn="se"  >ocn/docn7/domain.ocn.1x1.111007.nc</bndtvs_domain>

<!-- Ocean domain files -->
<focndomain hgrid="128x256" >atm/cam/ocnfrac/domain.camocn.128x256_USGS_070807.nc</focndomain>
<focndomain hgrid="64x128"  >atm/cam/ocnfrac/domain.camocn.64x128_USGS_070807.nc</focndomain>
<focndomain hgrid="48x96"   >atm/cam/ocnfrac/domain.camocn.48x96_gx3v7_100114.nc</focndomain>
<focndomain hgrid="32x64"   >atm/cam/ocnfrac/domain.camocn.32x64_USGS_070807.nc</focndomain>
<focndomain hgrid="8x16"    >atm/cam/ocnfrac/domain.camocn.8x16_USGS_070807.nc</focndomain>

<focndomain hgrid="0.23x0.31" >atm/cam/ocnfrac/domain.camocn.0.23x0.31_gx1v6_101108.nc</focndomain>
<focndomain hgrid="0.47x0.63" >atm/cam/ocnfrac/domain.camocn.0.47x0.63_gx1v6_090408.nc</focndomain>
<focndomain hgrid="0.9x1.25"  >atm/cam/ocnfrac/domain.camocn.0.9x1.25_gx1v6_090403.nc</focndomain>
<focndomain hgrid="1.9x2.5"   >atm/cam/ocnfrac/domain.camocn.1.9x2.5_gx1v6_090403.nc</focndomain>
<focndomain hgrid="2.5x3.33"  >atm/cam/ocnfrac/domain.camocn.fv2.5x3.33_gx3v7_110223.nc</focndomain>
<focndomain hgrid="4x5"       >atm/cam/ocnfrac/domain.camocn.4x5_USGS_070807.nc</focndomain>
<focndomain hgrid="10x15"     >atm/cam/ocnfrac/domain.camocn.10x15_USGS_070807.nc</focndomain>

<focndomain hgrid="ne5np4"    >share/domains/domain.ocn.ne5np4_gx3v7.140810.nc</focndomain>
<focndomain hgrid="ne16np4"   >share/domains/domain.ocn.ne16np4_gx3v7.121113.nc</focndomain>
<focndomain hgrid="ne30np4"   >share/domains/domain.ocn.ne30np4_gx1v6_110217.nc</focndomain>
<focndomain hgrid="ne60np4"   >share/domains/domain.ocn.ne60np4_gx1v6.120406.nc</focndomain>
<focndomain hgrid="ne120np4"  >share/domains/domain.ocn.ne120np4_gx1v6.111226.nc</focndomain>
<focndomain hgrid="ne240np4"  >share/domains/domain.ocn.ne240np4_gx1v6.111226.nc</focndomain>

</namelist_defaults>
