<?xml version="1.0"?>

<config_horiz_grid>

<horiz_grid dyn="eul"   hgrid="512x1024"  nlat="512" nlon="1024" m="341" n="341" k="341" />
<horiz_grid dyn="eul"   hgrid="256x512"   nlat="256" nlon="512" m="170" n="170" k="170" />
<horiz_grid dyn="eul"   hgrid="128x256"   nlat="128" nlon="256" m="85"  n="85"  k="85"  />
<horiz_grid dyn="eul"   hgrid="64x128"    nlat="64"  nlon="128" m="42"  n="42"  k="42"  />
<horiz_grid dyn="eul"   hgrid="48x96"     nlat="48"  nlon="96"  m="31"  n="31"  k="31"  />
<horiz_grid dyn="eul"   hgrid="32x64"     nlat="32"  nlon="64"  m="21"  n="21"  k="21"  />
<horiz_grid dyn="eul"   hgrid="8x16"      nlat="8"   nlon="16"  m="5"   n="5"   k="5"   />
<horiz_grid dyn="eul"   hgrid="1x1"       nlat="1"   nlon="1"   m="1"   n="1"   k="1"   />

<horiz_grid dyn="sld"   hgrid="64x128"    nlat="64"  nlon="128" m="63"  n="63"  k="63"  />
<horiz_grid dyn="sld"   hgrid="32x64"     nlat="32"  nlon="64"  m="31"  n="31"  k="31"  />
<horiz_grid dyn="sld"   hgrid="8x16"      nlat="8"   nlon="16"  m="7"   n="7"   k="7"   />

<horiz_grid dyn="fv"    hgrid="0.23x0.31"  nlat="768"  nlon="1152" />
<horiz_grid dyn="fv"    hgrid="0.47x0.63"  nlat="384"  nlon="576"  />
<horiz_grid dyn="fv"    hgrid="0.5x0.625"  nlat="361"  nlon="576"  />
<horiz_grid dyn="fv"    hgrid="0.9x1.25"   nlat="192"  nlon="288"  />
<horiz_grid dyn="fv"    hgrid="1x1.25"     nlat="181"  nlon="288"  />
<horiz_grid dyn="fv"    hgrid="1.9x2.5"    nlat="96"   nlon="144"  />
<horiz_grid dyn="fv"    hgrid="2x2.5"      nlat="91"   nlon="144"  />
<horiz_grid dyn="fv"    hgrid="2.5x3.33"   nlat="72"   nlon="108"  />
<horiz_grid dyn="fv"    hgrid="4x5"        nlat="46"   nlon="72"   />
<horiz_grid dyn="fv"    hgrid="10x15"      nlat="19"   nlon="24"   />

<horiz_grid dyn="se"    hgrid="ne2np4"     ncol=""         csne="2"    csnp="4"  />
<horiz_grid dyn="se"    hgrid="ne5np8"     ncol=""         csne="5"    csnp="8"  />
<horiz_grid dyn="se"    hgrid="ne7np8"     ncol=""         csne="7"    csnp="8"  />
<horiz_grid dyn="se"    hgrid="ne10np4"    ncol=""         csne="10"   csnp="4"  />
<horiz_grid dyn="se"    hgrid="ne16np4"    ncol="13826"    csne="16"   csnp="4"  />
<horiz_grid dyn="se"    hgrid="ne16np8"    ncol=""         csne="16"   csnp="8"  />
<horiz_grid dyn="se"    hgrid="ne21np4"    ncol=""         csne="21"   csnp="4"  />
<horiz_grid dyn="se"    hgrid="ne30np4"    ncol="48602"    csne="30"   csnp="4"  />
<horiz_grid dyn="se"    hgrid="ne30np8"    ncol=""         csne="30"   csnp="8"  />
<horiz_grid dyn="se"    hgrid="ne60np4"    ncol="194402"   csne="60"   csnp="4"  />
<horiz_grid dyn="se"    hgrid="ne120np4"   ncol="777602"   csne="120"  csnp="4"  />
<horiz_grid dyn="se"    hgrid="ne240np4"   ncol="3110402"  csne="240"  csnp="4"  />

</config_horiz_grid>
