<?xml version="1.0"?>

<drydep_list_definition>

<!-- gas-phase species -->
<list id="gas_phase">
 ALKOOH
 C2H5OH
 C2H5OOH
 C3H7OOH
 CH2O
 CH3CHO
 CH3CN
 CH3COCH3
 CH3COCHO
 CH3COOH
 CH3COOOH
 CH3OH
 CH3OOH
 CO
 GLYALD
 H2O2
 HCN
 HCOOH
 HNO3
 HO2NO2
 HYAC
 HYDRALD
 ISOPOOH
 MACROOH
 MEKOOH
 MPAN
 NH3
 NO
 NO2
 O3
 ONIT
 ONITR
 PAN
 POOH
 ROOH
 SO2
 H2SO4
 TERPOOH
 TOLOOH
 XOOH
 Pb
 EOOH
 HI, HOI, IONO2, INO2, I2O2, I2O3, I2O4, BR2
</list>

<!-- BAM species -->
<!-- these aerosols are removed via the gas-phase dry dep method -->
<list id="BAM">
 CB1
 CB2
 NH4
 NH4NO3
 OC1
 OC2
 SO4
 SOA
</list>

<list id="SOA">
  SOAM,SOAI,SOAT,SOAB,SOAX  
  SOGM,SOGI,SOGT,SOGB,SOGX  
</list>

<!-- XNOx species -->
<list id="XNOx">
 XNO
 XNO2
 XHNO3
 XONIT
 XONITR 
 XPAN 
 XMPAN
 XHO2NO2 
 XNH4NO3
 O3A
</list>

<!--  CO_tags species -->
<list id="CO_tags">
 COme
 COhc
 CO01
 CO02
 CO03
 CO04
 CO05
 CO06
 CO07
 CO08
 CO09
 CO10
 CO11
 CO12
 CO13
 CO14
 CO15
 CO16
 CO17
 CO18
 CO19
 CO20
 CO21
 CO22
 CO23
 CO24
 CO25
 CO26
 CO27
 CO28
 CO29
 CO30
 CO31
 CO32
 CO33
 CO34
 CO35
 CO36
 CO37
 CO38
 CO39
 CO40
 CO41
 CO42
</list>

</drydep_list_definition>
