<aer_wetdep_list_definition>

<!-- list of aerosol species that under go dry deposition -->

<list id="BAM">
  CB2,DST01,DST02,DST03,DST04,NH4,NH4NO3,OC2,SO4,SOA,SSLT01,SSLT02,SSLT03,SSLT04
</list>
<list id="SOA">
  SOAM,SOAI,SOAT,SOAB,SOAX  
</list>

<list id="XNOx">
 XNH4NO3
</list>

<list id="MAM">
  dst_a1
  so4_a1
  nh4_a1
  pom_a1
  soa_a1
  bc_a1
  ncl_a1
  num_a1
  so4_a2
  nh4_a2
  soa_a2
  ncl_a2
  num_a2
  dst_a3
  ncl_a3
  so4_a3
  pom_a3
  bc_a3
  num_a3
  ncl_a4
  so4_a4
  nh4_a4
  num_a4
  dst_a5
  so4_a5
  nh4_a5
  num_a5
  ncl_a6
  so4_a6
  nh4_a6
  num_a6
  dst_a7
  so4_a7
  nh4_a7
  num_a7
</list>

</aer_wetdep_list_definition>
