
<components>
  <comp_archive_spec name="cpl"> 
    <rootdir>cpl</rootdir>
    <multi_instance>n</multi_instance>
    <files>
      <file_extension suffix="cpl.log.*">
	<subdir>logs</subdir> 
	<dispose>n</dispose> 
	<keepLast>n</keepLast>
      </file_extension>
      <file_extension suffix=".r.*">
	<subdir>rest</subdir> 
	<dispose>y</dispose> 
	<keepLast>y</keepLast>
      </file_extension>
      <file_extension suffix="cesm*.log.*">
	<subdir>logs</subdir> 
	<dispose>n</dispose> 
	<keepLast>n</keepLast>
      </file_extension>
      <file_extension suffix=".h*">
	<subdir>hist</subdir> 
	<dispose>n</dispose> 
	<keepLast>n</keepLast>
      </file_extension>
    </files>
  </comp_archive_spec>

  <comp_archive_spec name="dart"> 
    <rootdir>dart</rootdir>
    <multi_instance>n</multi_instance>
    <files>
      <file_extension suffix="assimilate_???/*/*dart_log.*">
	<subdir>logs</subdir> 
	<dispose>n</dispose> 
	<keepLast>n</keepLast>
      </file_extension>
      <file_extension suffix="assimilate_???/*/output.*">
	<subdir>logs</subdir> 
	<dispose>n</dispose> 
	<keepLast>n</keepLast>
      </file_extension>
      <file_extension suffix="*dart_log.*">
	<subdir>logs</subdir> 
	<dispose>n</dispose> 
	<keepLast>n</keepLast>
      </file_extension>
      <file_extension suffix="*True_State.*.nc">
	<subdir></subdir> 
	<dispose>n</dispose> 
	<keepLast>n</keepLast>
      </file_extension>
      <file_extension suffix="*Prior_Diag.*.nc">
	<subdir></subdir> 
	<dispose>n</dispose> 
	<keepLast>n</keepLast>
      </file_extension>
      <file_extension suffix="*Posterior_Diag.*.nc">
	<subdir></subdir> 
	<dispose>n</dispose> 
	<keepLast>n</keepLast>
      </file_extension>
      <file_extension suffix="*obs_seq.*.out">
	<subdir></subdir> 
	<dispose>n</dispose> 
	<keepLast>n</keepLast>
      </file_extension>
      <file_extension suffix="*obs_seq.*.final">
	<subdir></subdir> 
	<dispose>n</dispose> 
	<keepLast>n</keepLast>
      </file_extension>
      <file_extension suffix="*obs_seq.*.perfect">
	<subdir></subdir> 
	<dispose>n</dispose> 
	<keepLast>n</keepLast>
      </file_extension>
      <file_extension suffix="cam_*pr*inflate_restart*">
	<subdir>rest</subdir> 
	<dispose>n</dispose> 
	<keepLast>y</keepLast>
      </file_extension>
      <file_extension suffix="cam_*po*inflate_restart*">
	<subdir>rest</subdir> 
	<dispose>n</dispose> 
	<keepLast>y</keepLast>
      </file_extension>
      <file_extension suffix="clm_*pr*inflate_restart*">
	<subdir>rest</subdir> 
	<dispose>n</dispose> 
	<keepLast>y</keepLast>
      </file_extension>
      <file_extension suffix="clm_*po*inflate_restart*">
	<subdir>rest</subdir> 
	<dispose>n</dispose> 
	<keepLast>y</keepLast>
      </file_extension>
      <file_extension suffix="pop_*pr*inflate_restart*">
	<subdir>rest</subdir> 
	<dispose>n</dispose> 
	<keepLast>y</keepLast>
      </file_extension>
      <file_extension suffix="pop_*po*inflate_restart*">
	<subdir>rest</subdir> 
	<dispose>n</dispose> 
	<keepLast>y</keepLast>
      </file_extension>
    </files>
  </comp_archive_spec>

  <comp_archive_spec name="cam*">
    <rootdir>atm</rootdir>
    <multi_instance>y</multi_instance>
    <files>
      <file_extension suffix=".log.*">
	<subdir>logs</subdir> 
	<dispose>n</dispose> 
	<keepLast>n</keepLast>
      </file_extension>
      <file_extension suffix=".r.*">
	<subdir>rest</subdir> 
	<dispose>y</dispose> 
	<keepLast>y</keepLast>
      </file_extension>
      <file_extension suffix=".rs.*">
	<subdir>rest</subdir> 
	<dispose>y</dispose> 
	<keepLast>y</keepLast>
      </file_extension>
      <file_extension suffix=".ra.*">
	<subdir>rest</subdir> 
	<dispose>y</dispose> 
	<keepLast>y</keepLast>
      </file_extension>
      <file_extension suffix=".rh0.*">
	<subdir>rest</subdir> 
	<dispose>y</dispose> 
	<keepLast>y</keepLast>
      </file_extension>
      <file_extension suffix=".rh1.*">
	<subdir>rest</subdir> 
	<dispose>y</dispose> 
	<keepLast>y</keepLast>
      </file_extension>
      <file_extension suffix=".rh2.*">
	<subdir>rest</subdir> 
	<dispose>y</dispose> 
	<keepLast>y</keepLast>
      </file_extension>
      <file_extension suffix=".rh3.*">
	<subdir>rest</subdir> 
	<dispose>y</dispose> 
	<keepLast>y</keepLast>
      </file_extension>
      <file_extension suffix=".rh4.*">
	<subdir>rest</subdir> 
	<dispose>y</dispose> 
	<keepLast>y</keepLast>
      </file_extension>
      <file_extension suffix=".rh5.*">
	<subdir>rest</subdir> 
	<dispose>y</dispose> 
	<keepLast>y</keepLast>
      </file_extension>
      <file_extension suffix=".i.*">
	<subdir>init</subdir> 
	<dispose>n</dispose> 
	<keepLast>y</keepLast>
      </file_extension>
      <file_extension suffix=".h0.*">      
	<subdir>hist</subdir> 
	<dispose>n</dispose> 
	<keepLast>y</keepLast>
	<tseries_create>FALSE</tseries_create>
	<tseries_format>netcdf4c</tseries_format>
      </file_extension>
      <file_extension suffix=".h1.*">      
	<subdir>hist</subdir> 
	<dispose>n</dispose> 
	<keepLast>y</keepLast>
	<tseries_create>FALSE</tseries_create>
	<tseries_format>netcdf4c</tseries_format>
      </file_extension>
      <file_extension suffix=".h2.*">      
	<subdir>hist</subdir> 
	<dispose>n</dispose> 
	<keepLast>y</keepLast>
	<tseries_create>FALSE</tseries_create>
	<tseries_format>netcdf4c</tseries_format>
      </file_extension>
      <file_extension suffix=".h3.*">      
	<subdir>hist</subdir> 
	<dispose>n</dispose> 
	<keepLast>y</keepLast>
	<tseries_create>FALSE</tseries_create>
	<tseries_format>netcdf4c</tseries_format>
      </file_extension>
      <file_extension suffix=".h4.*">      
	<subdir>hist</subdir> 
	<dispose>n</dispose> 
	<keepLast>y</keepLast>
	<tseries_create>FALSE</tseries_create>
	<tseries_format>netcdf4c</tseries_format>
      </file_extension>
      <file_extension suffix=".h5.*">      
	<subdir>hist</subdir> 
	<dispose>n</dispose> 
	<keepLast>y</keepLast>
	<tseries_create>FALSE</tseries_create>
	<tseries_format>netcdf4c</tseries_format>
      </file_extension>
      <file_extension suffix=".h6.*">      
	<subdir>hist</subdir> 
	<dispose>n</dispose> 
	<keepLast>y</keepLast>
	<tseries_create>FALSE</tseries_create>
	<tseries_format>netcdf4c</tseries_format>
      </file_extension>
      <file_extension suffix=".h7.*">      
	<subdir>hist</subdir> 
	<dispose>n</dispose> 
	<keepLast>y</keepLast>
	<tseries_create>FALSE</tseries_create>
	<tseries_format>netcdf4c</tseries_format>
      </file_extension>
      <file_extension suffix=".h8.*">      
	<subdir>hist</subdir> 
	<dispose>n</dispose> 
	<keepLast>y</keepLast>
	<tseries_create>FALSE</tseries_create>
	<tseries_format>netcdf4c</tseries_format>
      </file_extension>
      <file_extension suffix=".hs.*">      
	<subdir>hist</subdir> 
	<dispose>n</dispose> 
	<keepLast>y</keepLast>
      </file_extension>
    </files>
    <tseries_time_variant_variables>
      <variable>ch4vmr</variable>
      <variable>co2vmr</variable>
      <variable>date</variable>
      <variable>date_written</variable>
      <variable>datesec</variable>
      <variable>f11vmr</variable>
      <variable>f12vmr</variable>
      <variable>n2ovmr</variable>
      <variable>ndcur</variable>
      <variable>nscur</variable>
      <variable>nsteph</variable>
      <variable>sol_tsi</variable>
      <variable>time</variable>
      <variable>time_bnds</variable>
      <variable>time_written</variable>
    </tseries_time_variant_variables>
  </comp_archive_spec>

  <comp_archive_spec name="datm">
    <rootdir>atm</rootdir>
    <multi_instance>y</multi_instance>
    <files>
      <file_extension suffix=".r.*">
	<subdir>rest</subdir> 
	<dispose>y</dispose> 
	<keepLast>y</keepLast>
      </file_extension>
      <file_extension suffix=".rs.*">
	<subdir>rest</subdir> 
	<dispose>y</dispose> 
	<keepLast>y</keepLast>
      </file_extension>
      <file_extension suffix=".h.*">      
	<subdir>hist</subdir> 
	<dispose>n</dispose> 
	<keepLast>y</keepLast>
      </file_extension>
    </files>
  </comp_archive_spec>

  <comp_archive_spec name="clm?">
    <rootdir>lnd</rootdir>
    <multi_instance>y</multi_instance>
    <files>
      <file_extension suffix=".log.*">
	<subdir>logs</subdir> 
	<dispose>n</dispose> 
	<keepLast>n</keepLast>
      </file_extension>
      <file_extension suffix=".r.*">
	<subdir>rest</subdir> 
	<dispose>y</dispose> 
	<keepLast>y</keepLast>
      </file_extension>
      <file_extension suffix=".rh0.*">
	<subdir>rest</subdir> 
	<dispose>y</dispose> 
	<keepLast>y</keepLast>
      </file_extension>
      <file_extension suffix=".rh1.*">
	<subdir>rest</subdir> 
	<dispose>y</dispose> 
	<keepLast>y</keepLast>
      </file_extension>
      <file_extension suffix=".rh2.*">
	<subdir>rest</subdir> 
	<dispose>y</dispose> 
	<keepLast>y</keepLast>
      </file_extension>
      <file_extension suffix=".rh3.*">
	<subdir>rest</subdir> 
	<dispose>y</dispose> 
	<keepLast>y</keepLast>
      </file_extension>
      <file_extension suffix=".rh4.*">
	<subdir>rest</subdir> 
	<dispose>y</dispose> 
	<keepLast>y</keepLast>
      </file_extension>
      <file_extension suffix=".rh5.*">
	<subdir>rest</subdir> 
	<dispose>y</dispose> 
	<keepLast>y</keepLast>
      </file_extension>
      <file_extension suffix=".i.*">
	<subdir>init</subdir> 
	<dispose>n</dispose> 
	<keepLast>y</keepLast>
      </file_extension>
      <file_extension suffix=".h0.*">      
	<subdir>hist</subdir> 
	<dispose>n</dispose> 
	<keepLast>y</keepLast>
	<tseries_create>FALSE</tseries_create>
	<tseries_format>netcdf4c</tseries_format>
      </file_extension>
      <file_extension suffix=".h1.*">      
	<subdir>hist</subdir> 
	<dispose>n</dispose> 
	<keepLast>y</keepLast>
	<tseries_create>FALSE</tseries_create>
	<tseries_format>netcdf4c</tseries_format>
      </file_extension>
      <file_extension suffix=".h2.*">      
	<subdir>hist</subdir> 
	<dispose>n</dispose> 
	<keepLast>y</keepLast>
	<tseries_create>FALSE</tseries_create>
	<tseries_format>netcdf4c</tseries_format>
      </file_extension>
      <file_extension suffix=".h3.*">      
	<subdir>hist</subdir> 
	<dispose>n</dispose> 
	<keepLast>y</keepLast>
	<tseries_create>FALSE</tseries_create>
	<tseries_format>netcdf4c</tseries_format>
      </file_extension>
      <file_extension suffix=".h4.*">      
	<subdir>hist</subdir> 
	<dispose>n</dispose> 
	<keepLast>y</keepLast>
	<tseries_create>FALSE</tseries_create>
	<tseries_format>netcdf4c</tseries_format>
      </file_extension>
      <file_extension suffix=".h5.*">      
	<subdir>hist</subdir> 
	<dispose>n</dispose> 
	<keepLast>y</keepLast>
	<tseries_create>FALSE</tseries_create>
	<tseries_format>netcdf4c</tseries_format>
      </file_extension>
      <file_extension suffix=".hv.*">      
	<subdir>hist</subdir> 
	<dispose>n</dispose> 
	<keepLast>y</keepLast>
      </file_extension>
    </files>
    <tseries_time_variant_variables>
      <variable>date_written</variable>
      <variable>mcdate</variable>
      <variable>mcsec</variable>
      <variable>mdcur</variable>
      <variable>mscur</variable>
      <variable>nstep</variable>
      <variable>time</variable>
      <variable>time_bounds</variable>
      <variable>time_written</variable>
    </tseries_time_variant_variables>
  </comp_archive_spec>

  <comp_archive_spec name="dlnd">
    <rootdir>lnd</rootdir>
    <multi_instance>y</multi_instance>
    <files>
      <file_extension suffix=".r.*">
	<subdir>rest</subdir> 
	<dispose>y</dispose> 
	<keepLast>y</keepLast>
      </file_extension>
      <file_extension suffix=".rs.*">
	<subdir>rest</subdir> 
	<dispose>y</dispose> 
	<keepLast>y</keepLast>
      </file_extension>
      <file_extension suffix=".h.*">      
	<subdir>hist</subdir> 
	<dispose>n</dispose> 
	<keepLast>y</keepLast>
      </file_extension>
    </files>
  </comp_archive_spec>

  <comp_archive_spec name="rtm">
    <rootdir>rof</rootdir>
    <multi_instance>y</multi_instance>
    <files>
      <file_extension suffix=".log.*">
	<subdir>logs</subdir> 
	<dispose>n</dispose> 
	<keepLast>n</keepLast>
      </file_extension>
      <file_extension suffix=".r.*">
	<subdir>rest</subdir> 
	<dispose>y</dispose> 
	<keepLast>y</keepLast>
      </file_extension>
      <file_extension suffix=".rh0.*">
	<subdir>rest</subdir> 
	<dispose>y</dispose> 
	<keepLast>y</keepLast>
      </file_extension>
      <file_extension suffix=".rh1.*">
	<subdir>rest</subdir> 
	<dispose>y</dispose> 
	<keepLast>y</keepLast>
      </file_extension>
      <file_extension suffix=".rh2.*">
	<subdir>rest</subdir> 
	<dispose>y</dispose> 
	<keepLast>y</keepLast>
      </file_extension>
      <file_extension suffix=".rh3.*">
	<subdir>rest</subdir> 
	<dispose>y</dispose> 
	<keepLast>y</keepLast>
      </file_extension>
      <file_extension suffix=".h0.*">      
	<subdir>hist</subdir> 
	<dispose>n</dispose> 
	<keepLast>y</keepLast>
	<tseries_create>FALSE</tseries_create>
	<tseries_format>netcdf4c</tseries_format>
      </file_extension>
      <file_extension suffix=".h1.*">      
	<subdir>hist</subdir> 
	<dispose>n</dispose> 
	<keepLast>y</keepLast>
	<tseries_create>FALSE</tseries_create>
	<tseries_format>netcdf4c</tseries_format>
      </file_extension>
      <file_extension suffix=".h2.*">      
	<subdir>hist</subdir> 
	<dispose>n</dispose> 
	<keepLast>y</keepLast>
	<tseries_create>FALSE</tseries_create>
	<tseries_format>netcdf4c</tseries_format>
      </file_extension>
      <file_extension suffix=".h3.*">      
	<subdir>hist</subdir> 
	<dispose>n</dispose> 
	<keepLast>y</keepLast>
	<tseries_create>FALSE</tseries_create>
	<tseries_format>netcdf4c</tseries_format>
      </file_extension>
    </files>
    <tseries_time_variant_variables>
      <variable>date_written</variable>
      <variable>mcdate</variable>
      <variable>mcsec</variable>
      <variable>mdcur</variable>
      <variable>mscur</variable>
      <variable>nstep</variable>
      <variable>time</variable>
      <variable>time_bounds</variable>
      <variable>time_written</variable>
    </tseries_time_variant_variables>
  </comp_archive_spec>

  <comp_archive_spec name="cice">
    <rootdir>ice</rootdir>
    <multi_instance>y</multi_instance>
    <files>
      <file_extension suffix=".log.*">
	<subdir>logs</subdir> 
	<dispose>n</dispose> 
	<keepLast>n</keepLast>
      </file_extension>
      <file_extension suffix=".r.[0-9]*">
	<subdir>rest</subdir> 
	<dispose>y</dispose> 
	<keepLast>y</keepLast>
      </file_extension>
      <file_extension suffix=".i.*">
	<subdir>init</subdir> 
	<dispose>y</dispose> 
	<keepLast>n</keepLast>
      </file_extension>
      <file_extension suffix=".h*">      
	<subdir>hist</subdir> 
	<dispose>n</dispose> 
	<keepLast>n</keepLast>
	<tseries_create>FALSE</tseries_create>
	<tseries_format>netcdf4c</tseries_format>
      </file_extension>
    </files>
    <tseries_time_variant_variables>
      <variable>time</variable>
      <variable>time_bounds</variable>
    </tseries_time_variant_variables>
  </comp_archive_spec>

  <comp_archive_spec name="dice">
    <rootdir>ice</rootdir>
    <multi_instance>y</multi_instance>
    <files>
      <file_extension suffix=".r.*">
	<subdir>rest</subdir> 
	<dispose>y</dispose> 
	<keepLast>y</keepLast>
      </file_extension>
      <file_extension suffix=".rs.*">
	<subdir>rest</subdir> 
	<dispose>y</dispose> 
	<keepLast>y</keepLast>
      </file_extension>
      <file_extension suffix=".h.*">      
	<subdir>hist</subdir> 
	<dispose>n</dispose> 
	<keepLast>y</keepLast>
      </file_extension>
    </files>
  </comp_archive_spec>

  <comp_archive_spec name="pop">
    <rootdir>ocn</rootdir>
    <multi_instance>y</multi_instance>
    <files>
      <file_extension suffix=".log.*">
	<subdir>logs</subdir> 
	<dispose>n</dispose> 
	<keepLast>n</keepLast>
      </file_extension>
      <file_extension suffix=".r.*.hdr">
	<subdir>rest</subdir> 
	<dispose>y</dispose> 
	<keepLast>y</keepLast>
      </file_extension>
      <file_extension suffix=".r.*0000">
	<subdir>rest</subdir> 
	<dispose>y</dispose> 
	<keepLast>y</keepLast>
      </file_extension>
      <file_extension suffix=".r.*0000.nc">
	<subdir>rest</subdir> 
	<dispose>y</dispose> 
	<keepLast>y</keepLast>
      </file_extension>
      <file_extension suffix=".r.ecosys.*.hdr">
	<subdir>rest</subdir> 
	<dispose>y</dispose> 
	<keepLast>y</keepLast>
      </file_extension>
      <file_extension suffix=".r.ecosys.*0000">
	<subdir>rest</subdir> 
	<dispose>y</dispose> 
	<keepLast>y</keepLast>
      </file_extension>
      <file_extension suffix=".r.ecosys.*0000.nc">
	<subdir>rest</subdir> 
	<dispose>y</dispose> 
	<keepLast>y</keepLast>
      </file_extension>
      <file_extension suffix=".rh.*.hdr">
	<subdir>rest</subdir> 
	<dispose>y</dispose> 
	<keepLast>y</keepLast>
      </file_extension>
      <file_extension suffix=".rh.*0000">
	<subdir>rest</subdir> 
	<dispose>y</dispose> 
	<keepLast>y</keepLast>
      </file_extension>
      <file_extension suffix=".rh.*0000.nc">
	<subdir>rest</subdir> 
	<dispose>y</dispose> 
	<keepLast>y</keepLast>
      </file_extension>
      <file_extension suffix=".ro.*">
	<subdir>rest</subdir> 
	<dispose>n</dispose> 
	<keepLast>y</keepLast>
      </file_extension>
      <file_extension suffix=".d?*">
	<subdir>init</subdir> 
	<dispose>n</dispose> 
	<keepLast>n</keepLast>
      </file_extension>
      <file_extension suffix=".h.????-??.*">      
	<subdir>hist</subdir> 
	<dispose>n</dispose> 
	<keepLast>n</keepLast>
	<tseries_create>FALSE</tseries_create>
	<tseries_format>netcdf4c</tseries_format>
      </file_extension>
      <file_extension suffix=".h1.nday.*">      
	<subdir>hist</subdir> 
	<dispose>n</dispose> 
	<keepLast>n</keepLast>
	<tseries_create>FALSE</tseries_create>
	<tseries_format>netcdf4c</tseries_format>
      </file_extension>
      <file_extension suffix=".h.*">      
	<subdir>hist</subdir> 
	<dispose>n</dispose> 
	<keepLast>n</keepLast>
	<tseries_create>FALSE</tseries_create>
	<tseries_format>netcdf4c</tseries_format>
      </file_extension>
    </files>
    <tseries_time_variant_variables>
      <variable>time</variable>
      <variable>time_bound</variable>
    </tseries_time_variant_variables>
  </comp_archive_spec>

  <comp_archive_spec name="docn">
    <rootdir>ocn</rootdir>
    <multi_instance>y</multi_instance>
    <files>
      <file_extension suffix=".r.*">
	<subdir>rest</subdir> 
	<dispose>y</dispose> 
	<keepLast>y</keepLast>
      </file_extension>
      <file_extension suffix=".rs.*">
	<subdir>rest</subdir> 
	<dispose>y</dispose> 
	<keepLast>y</keepLast>
      </file_extension>
      <file_extension suffix=".h.*">      
	<subdir>hist</subdir> 
	<dispose>n</dispose> 
	<keepLast>n</keepLast>
      </file_extension>
    </files>
  </comp_archive_spec>

  <comp_archive_spec name="cism">
    <rootdir>glc</rootdir>
    <multi_instance>y</multi_instance>
    <files>
      <file_extension suffix=".log.*">
	<subdir>logs</subdir> 
	<dispose>n</dispose> 
	<keepLast>n</keepLast>
      </file_extension>
      <file_extension suffix=".r.[0-9]*">
	<subdir>rest</subdir> 
	<dispose>y</dispose> 
	<keepLast>y</keepLast>
      </file_extension>
      <file_extension suffix=".i.*">
	<subdir>init</subdir> 
	<dispose>y</dispose> 
	<keepLast>n</keepLast>
      </file_extension>
      <file_extension suffix=".h*">      
	<subdir>hist</subdir> 
	<dispose>n</dispose> 
	<keepLast>n</keepLast>
	<tseries_create>FALSE</tseries_create>
	<tseries_format>netcdf4c</tseries_format>
      </file_extension>
    </files>
  </comp_archive_spec>

  <comp_archive_spec name="ww3">
    <rootdir>wav</rootdir>
    <multi_instance>y</multi_instance>
    <files>
      <file_extension suffix=".log.*">
	<subdir>logs</subdir> 
	<dispose>n</dispose> 
	<keepLast>n</keepLast>
      </file_extension>
      <file_extension suffix=".r.[0-9]*">
	<subdir>rest</subdir> 
	<dispose>y</dispose> 
	<keepLast>y</keepLast>
      </file_extension>
      <file_extension suffix=".i.*">
	<subdir>init</subdir> 
	<dispose>y</dispose> 
	<keepLast>n</keepLast>
      </file_extension>
      <file_extension suffix=".h*">      
	<subdir>hist</subdir> 
	<dispose>n</dispose> 
	<keepLast>n</keepLast>
	<tseries_create>FALSE</tseries_create>
	<tseries_format>netcdf4c</tseries_format>
      </file_extension>
    </files>
  </comp_archive_spec>

  <comp_archive_spec name="dwav">
    <rootdir>wav</rootdir>
    <multi_instance>y</multi_instance>
    <files>
      <file_extension suffix=".r.*">
	<subdir>rest</subdir> 
	<dispose>y</dispose> 
	<keepLast>y</keepLast>
      </file_extension>
      <file_extension suffix=".rs.*">
	<subdir>rest</subdir> 
	<dispose>y</dispose> 
	<keepLast>y</keepLast>
      </file_extension>
      <file_extension suffix=".h.*">      
	<subdir>hist</subdir> 
	<dispose>n</dispose> 
	<keepLast>n</keepLast>
      </file_extension>
    </files>
  </comp_archive_spec>
</components>

<tseries_specs>
  <tseries_archive_spec tper="yearly">
    <subdir>proc/tseries/yearly</subdir>
    <in_time_formats>
      <in_time_format>yyyy</in_time_format> 
    </in_time_formats>
    <out_time_format>yyyy-yyyy</out_time_format> 
    <filecat_years>10</filecat_years>
  </tseries_archive_spec>

  <tseries_archive_spec tper="monthly"> 
    <subdir>proc/tseries/monthly</subdir> 
    <in_time_formats>
      <in_time_format>yyyy-mm</in_time_format> 
    </in_time_formats>
    <out_time_format>yyyymm-yyyymm</out_time_format> 
    <filecat_years>10</filecat_years>
  </tseries_archive_spec>

  <tseries_archive_spec tper="weekly">
    <subdir>proc/tseries/weekly</subdir> 
    <in_time_formats>
      <in_time_format>yyyy-mm-dd</in_time_format> 
    </in_time_formats>
    <out_time_format>yyyymmdd-yyyymmdd</out_time_format> 
    <filecat_years>1</filecat_years>
  </tseries_archive_spec>

  <tseries_archive_spec tper="daily">
    <subdir>proc/tseries/daily</subdir> 
    <in_time_formats>
      <in_time_format>yyyy-mm-dd</in_time_format> 
      <in_time_format>yyyy-mm-dd-sssss</in_time_format> 
    </in_time_formats>
    <out_time_format>yyyymmdd-yyyymmdd</out_time_format>
    <filecat_years>1</filecat_years>
  </tseries_archive_spec>

  <tseries_archive_spec tper="hourly6">
    <subdir>proc/tseries/hourly6</subdir> 
    <in_time_formats>
      <in_time_format>yyyy-mm-dd-sssss</in_time_format> 
    </in_time_formats>
    <out_time_format>yyyymmdd-yyyymmdd</out_time_format>
    <filecat_years>1</filecat_years>
  </tseries_archive_spec>

  <tseries_archive_spec tper="hourly3">
    <subdir>proc/tseries/hourly3</subdir> 
    <in_time_formats>
      <in_time_format>yyyy-mm-dd-sssss</in_time_format> 
    </in_time_formats>
    <out_time_format>yyyymmdd-yyyymmdd</out_time_format>
    <filecat_years>1</filecat_years>
  </tseries_archive_spec>

  <tseries_archive_spec tper="hourly1">
    <subdir>proc/tseries/hourly1</subdir> 
    <in_time_formats>
      <in_time_format>yyyy-mm-dd-sssss</in_time_format> 
    </in_time_formats>
    <out_time_format>yyyymmdd-yyyymmdd</out_time_format>
    <filecat_years>1</filecat_years>
  </tseries_archive_spec>

  <tseries_archive_spec tper="min30">
    <subdir>proc/tseries/min30</subdir> 
    <in_time_formats>
      <in_time_format>yyyy-mm-dd-sssss</in_time_format> 
    </in_time_formats>
    <out_time_format>yyyymmdd-yyyymmdd</out_time_format>
    <filecat_years>1</filecat_years>
  </tseries_archive_spec>
</tseries_specs>
