<?xml version="1.0"?>

<namelist_defaults>

<!-- Solar constant from Lean (via Caspar Ammann) -->
<solar_data_file>atm/cam/solar/SOLAR_SPECTRAL_Lean_1610-2008_annual_c090324.nc</solar_data_file>
<solar_data_ymd>18500101</solar_data_ymd>
<solar_data_type>FIXED</solar_data_type>

<!-- 1850 GHG values from ipcc-ar4-cfcs-1850-2000.xls (Doug Kinnison) -->
<co2vmr>284.7e-6</co2vmr>
<ch4vmr>791.6e-9</ch4vmr>
<n2ovmr>275.68e-9</n2ovmr>
<f11vmr>12.48e-12</f11vmr>
<f12vmr>0.0</f12vmr>

<!-- 1850 ozone data is from Jean-Francois Lamarque -->
<prescribed_ozone_datapath>atm/cam/ozone</prescribed_ozone_datapath>
<prescribed_ozone_file>ozone_1.9x2.5_L26_1850clim_c090420.nc</prescribed_ozone_file>
<prescribed_ozone_name>O3</prescribed_ozone_name>
<prescribed_ozone_type>CYCLICAL</prescribed_ozone_type>
<prescribed_ozone_cycle_yr>1850</prescribed_ozone_cycle_yr>

<!-- Surface emissions for MAM -->
<srf_emis_type>CYCLICAL</srf_emis_type>
<srf_emis_cycle_yr>0</srf_emis_cycle_yr>
<dms_emis_file	   chem="trop_mam3">atm/cam/chem/trop_mozart_aero/emis/aerocom_mam3_dms_surf_2000_c090129.nc</dms_emis_file>
<so2_emis_file	   chem="trop_mam3">atm/cam/chem/trop_mozart_aero/emis/ar5_mam3_so2_surf_1850_c090726.nc</so2_emis_file>
<soag_emis_file	   chem="trop_mam3">atm/cam/chem/trop_mozart_aero/emis/ar5_mam3_soag_1.5_surf_1850_c130423.nc</soag_emis_file>
<bc_a1_emis_file   chem="trop_mam3">atm/cam/chem/trop_mozart_aero/emis/ar5_mam3_bc_surf_1850_c090726.nc</bc_a1_emis_file>
<pom_a1_emis_file  chem="trop_mam3">atm/cam/chem/trop_mozart_aero/emis/ar5_mam3_pom_surf_1850_c130423.nc</pom_a1_emis_file>
<so4_a1_emis_file  chem="trop_mam3">atm/cam/chem/trop_mozart_aero/emis/ar5_mam3_so4_a1_surf_1850_c090726.nc</so4_a1_emis_file>
<so4_a2_emis_file  chem="trop_mam3">atm/cam/chem/trop_mozart_aero/emis/ar5_mam3_so4_a2_surf_1850_c090726.nc</so4_a2_emis_file>
<num_a1_emis_file  chem="trop_mam3">atm/cam/chem/trop_mozart_aero/emis/ar5_mam3_num_a1_surf_1850_c090726.nc</num_a1_emis_file>
<num_a2_emis_file  chem="trop_mam3">atm/cam/chem/trop_mozart_aero/emis/ar5_mam3_num_a2_surf_1850_c090726.nc</num_a2_emis_file>

<!-- External forcing for BAM or MAM -->
<ext_frc_type>CYCLICAL</ext_frc_type>
<ext_frc_cycle_yr>0</ext_frc_cycle_yr>
<so2_ext_file      chem="trop_mam3">atm/cam/chem/trop_mozart_aero/emis/ar5_mam3_so2_elev_1850_c090726.nc </so2_ext_file>
<so4_a1_ext_file   chem="trop_mam3">atm/cam/chem/trop_mozart_aero/emis/ar5_mam3_so4_a1_elev_1850_c090726.nc</so4_a1_ext_file>
<so4_a2_ext_file   chem="trop_mam3">atm/cam/chem/trop_mozart_aero/emis/ar5_mam3_so4_a2_elev_1850_c090726.nc</so4_a2_ext_file>
<num_a1_ext_file   chem="trop_mam3">atm/cam/chem/trop_mozart_aero/emis/ar5_mam3_num_a1_elev_1850_c090726.nc</num_a1_ext_file>
<num_a2_ext_file   chem="trop_mam3">atm/cam/chem/trop_mozart_aero/emis/ar5_mam3_num_a2_elev_1850_c090726.nc</num_a2_ext_file>
<pom_a1_ext_file   chem="trop_mam3">atm/cam/chem/trop_mozart_aero/emis/ar5_mam3_pom_elev_1850_c130423.nc</pom_a1_ext_file>
<bc_a1_ext_file    chem="trop_mam3">atm/cam/chem/trop_mozart_aero/emis/ar5_mam3_bc_elev_1850_c090726.nc </bc_a1_ext_file>

<!-- Prescribed oxidants for aerosol chemistry -->
<tracer_cnst_type>CYCLICAL</tracer_cnst_type>
<tracer_cnst_cycle_yr>1850</tracer_cnst_cycle_yr>
<tracer_cnst_file>oxid_1.9x2.5_L26_1850clim_c091123.nc</tracer_cnst_file>

<!-- sim_year used for CLM datasets and SSTs forcings -->
<sim_year>1850</sim_year>

</namelist_defaults>
