<?xml version="1.0"?>

<namelist_defaults>

<start_ymd>0101</start_ymd>
<ncdata dyn="fv" hgrid="1.9x2.5">atm/cam/chem/ic/f2000.e12_rel07_chem.STRATMAM3_CN.f19.f19.relv1.cam.i.0011-01-01-00000_c140430.nc</ncdata>
<ncdata dyn="fv" hgrid="4x5"    >atm/cam/chem/ic/f2000.e12_rel07_chem.STRATMAM3_CN.4x5.relv1.cam.i.0011-01-01-00000_c140430.nc</ncdata>

<gas_wetdep_method>NEU</gas_wetdep_method>

<!-- strat aerosol data  -->
<prescribed_strataero_cycle_yr>2000</prescribed_strataero_cycle_yr>
<prescribed_strataero_file>CESM_1949_2100_sad_V2_c130627.nc</prescribed_strataero_file>
<prescribed_strataero_type>CYCLICAL</prescribed_strataero_type>

<solar_data_file>'atm/cam/solar/spectral_irradiance_Lean_1950-2012_daily_Leap_c130227.nc'</solar_data_file>
<solar_htng_spctrl_scl>.true.</solar_htng_spctrl_scl>
<solar_data_type>'FIXED'</solar_data_type>
<solar_data_ymd>20000101</solar_data_ymd>

<flbc_file>atm/waccm/lb/LBC_1765-2500_1.9x2.5_CMIP5_RCP45_za_c120127.nc</flbc_file>
<flbc_list>
 'CCL4', 'CF2CLBR', 'CF3BR', 'CFC11', 'CFC113', 'CFC114', 'CFC115', 'CFC12', 'CH3BR', 'CH3CCL3', 'CH3CL',
 'CH4', 'CO2', 'H2', 'HCFC22', 'HCFC141B', 'HCFC142B', 'CH2BR2', 'CHBR3', 'H1202', 'H2402', 'N2O'
</flbc_list>

<lght_no_prd_factor hgrid="1.9x2.5">3.0</lght_no_prd_factor>
<dust_emis_fact>0.21D0</dust_emis_fact>

<ext_frc_specifier>
 'NO2    -> $INPUTDATA_ROOT/atm/cam/chem/1850-2000_emis/IPCC_emissions_aircraft_NO2_1850-2000_1.9x2.5_c090729.nc',
 'bc_a1  -> $INPUTDATA_ROOT/atm/cam/chem/trop_mozart_aero/emis/ar5_mam3_bc_elev_1850-2010_c20100902_v12.nc'
 'SO2    -> $INPUTDATA_ROOT/atm/cam/chem/trop_mozart_aero/emis/ar5_mam3_so2_elev_1850-2010_c20100902_v12.nc',
 'so4_a1 -> $INPUTDATA_ROOT/atm/cam/chem/trop_mozart_aero/emis/ar5_mam3_so4_a1_elev_1850-2010_c20100902_v12.nc',
 'so4_a2 -> $INPUTDATA_ROOT/atm/cam/chem/trop_mozart_aero/emis/ar5_mam3_so4_a2_elev_1850-2010_c20100902_v12.nc',
 'num_a1 -> $INPUTDATA_ROOT/atm/cam/chem/trop_mozart_aero/emis/ar5_mam3_num_a1_elev_1850-2010_c20100902_v12.nc',
 'num_a2 -> $INPUTDATA_ROOT/atm/cam/chem/trop_mozart_aero/emis/ar5_mam3_num_a2_elev_1850-2010_c20100902_v12.nc',
 'pom_a1 -> $INPUTDATA_ROOT/atm/cam/chem/trop_mozart_aero/emis/ar5_mam3_pom_elev_1850-2010_c20140421_v12.nc'
</ext_frc_specifier>
<srf_emis_specifier>
 'BIGALK   -> $INPUTDATA_ROOT/atm/cam/chem/emis/ccmi_1960-2008/maccity_maccity_corrdates_BIGALK_1960-2008_1.9x2.5_mol_c130314.nc',
 'BIGENE   -> $INPUTDATA_ROOT/atm/cam/chem/emis/ccmi_1960-2008/maccity_maccity_corrdates_BIGENE_1960-2008_1.9x2.5_mol_c130314.nc',
 'C10H16   -> $INPUTDATA_ROOT/atm/cam/chem/emis/ccmi_1960-2008/maccity_maccity_corrdates_TERPENES_1960-2008_1.9x2.5_mol_c130314.nc',
 'ISOP     -> $INPUTDATA_ROOT/atm/cam/chem/emis/ccmi_1960-2008/maccity_maccity_corrdates_ISOPRENE_1960-2008_1.9x2.5_mol_c130314.nc',
 'C2H2     -> $INPUTDATA_ROOT/atm/cam/chem/emis/ccmi_1960-2008/maccity_maccity_corrdates_C2H2_1960-2008_1.9x2.5_mol_c130314.nc',
 'C2H4     -> $INPUTDATA_ROOT/atm/cam/chem/emis/ccmi_1960-2008/maccity_maccity_corrdates_C2H4_1960-2008_1.9x2.5_mol_c130314.nc',
 'C2H5OH   -> $INPUTDATA_ROOT/atm/cam/chem/emis/ccmi_1960-2008/maccity_maccity_corrdates_C2H5OH_1960-2008_1.9x2.5_mol_c130314.nc',
 'C2H6     -> $INPUTDATA_ROOT/atm/cam/chem/emis/ccmi_1960-2008/maccity_maccity_corrdates_C2H6_1960-2008_1.9x2.5_mol_c130314.nc',
 'C3H6     -> $INPUTDATA_ROOT/atm/cam/chem/emis/ccmi_1960-2008/maccity_maccity_corrdates_C3H6_1960-2008_1.9x2.5_mol_c130314.nc',
 'C3H8     -> $INPUTDATA_ROOT/atm/cam/chem/emis/ccmi_1960-2008/maccity_maccity_corrdates_C3H8_1960-2008_1.9x2.5_mol_c130314.nc',
 'CH2O     -> $INPUTDATA_ROOT/atm/cam/chem/emis/ccmi_1960-2008/maccity_maccity_corrdates_CH2O_1960-2008_1.9x2.5_mol_c130314.nc',
 'CH3CHO   -> $INPUTDATA_ROOT/atm/cam/chem/emis/ccmi_1960-2008/maccity_maccity_corrdates_CH3CHO_1960-2008_1.9x2.5_mol_c130314.nc',
 'CH3CN    -> $INPUTDATA_ROOT/atm/cam/chem/emis/ccmi_1960-2008/maccity_maccity_corrdates_CH3CN_1960-2008_1.9x2.5_mol_c130314.nc',
 'CH3COCH3 -> $INPUTDATA_ROOT/atm/cam/chem/emis/ccmi_1960-2008/maccity_maccity_corrdates_CH3COCH3_1960-2008_1.9x2.5_mol_c130314.nc',
 'CH3COOH  -> $INPUTDATA_ROOT/atm/cam/chem/emis/ccmi_1960-2008/maccity_maccity_corrdates_CH3COOH_1960-2008_1.9x2.5_mol_c130314.nc',
 'CH3OH    -> $INPUTDATA_ROOT/atm/cam/chem/emis/ccmi_1960-2008/maccity_maccity_corrdates_CH3OH_1960-2008_1.9x2.5_mol_c130314.nc',
 'CO       -> $INPUTDATA_ROOT/atm/cam/chem/emis/ccmi_1960-2008/maccity_maccity_corrdates_CO_1960-2008_1.9x2.5_mol_c130314.nc',
 'DMS      -> $INPUTDATA_ROOT/atm/cam/chem/emis/ccmi_1960-2008/IPCC_emissions_DMS_surface_1850-2100_1.9x2.5_c130314.nc',
 'HCN      -> $INPUTDATA_ROOT/atm/cam/chem/emis/ccmi_1960-2008/maccity_maccity_corrdates_HCN_1960-2008_1.9x2.5_mol_c130314.nc',
 'HCOOH    -> $INPUTDATA_ROOT/atm/cam/chem/emis/ccmi_1960-2008/maccity_maccity_corrdates_HCOOH_1960-2008_1.9x2.5_mol_c130314.nc',
 'MEK      -> $INPUTDATA_ROOT/atm/cam/chem/emis/ccmi_1960-2008/maccity_maccity_corrdates_MEK_1960-2008_1.9x2.5_mol_c130314.nc',
 'NH3      -> $INPUTDATA_ROOT/atm/cam/chem/emis/ccmi_1960-2008/maccity_maccity_corrdates_NH3_1960-2008_1.9x2.5_mol_c130314.nc',
 'NO       -> $INPUTDATA_ROOT/atm/cam/chem/emis/ccmi_1960-2008/maccity_maccity_corrdates_NO_1960-2008_1.9x2.5_mol_c130314.nc',
 'TOLUENE  -> $INPUTDATA_ROOT/atm/cam/chem/emis/ccmi_1960-2008/maccity_maccity_corrdates_AROMATIC_1960-2008_1.9x2.5_mol_c130314.nc',
 'SOAG     -> $INPUTDATA_ROOT/atm/cam/chem/emis/ccmi_1960-2008/maccity_maccity_corrdates_SOAG_1960-2008_1.9x2.5_mol_c140416.nc',
 'bc_a1    -> $INPUTDATA_ROOT/atm/cam/chem/trop_mozart_aero/emis/ar5_mam3_bc_surf_1850-2010_c20100902_v12.nc',
 'SO2      -> $INPUTDATA_ROOT/atm/cam/chem/trop_mozart_aero/emis/ar5_mam3_so2_surf_1850-2010_c20100902_v12.nc',
 'so4_a1   -> $INPUTDATA_ROOT/atm/cam/chem/trop_mozart_aero/emis/ar5_mam3_so4_a1_surf_1850-2010_c20100902_v12.nc',
 'so4_a2   -> $INPUTDATA_ROOT/atm/cam/chem/trop_mozart_aero/emis/ar5_mam3_so4_a2_surf_1850-2010_c20100902_v12.nc',
 'num_a1   -> $INPUTDATA_ROOT/atm/cam/chem/trop_mozart_aero/emis/ar5_mam3_num_a1_surf_1850-2010_c20100902_v12.nc',
 'num_a2   -> $INPUTDATA_ROOT/atm/cam/chem/trop_mozart_aero/emis/ar5_mam3_num_a2_surf_1850-2010_c20100902_v12.nc',
 'pom_a1   -> $INPUTDATA_ROOT/atm/cam/chem/trop_mozart_aero/emis/ar5_mam3_pom_surf_1850-2010_c20140421_v12.nc'
</srf_emis_specifier>

<do_circulation_diags>.true.</do_circulation_diags>
<history_aerosol>.true.</history_aerosol>

<nhtfrq>  0 </nhtfrq>
<mfilt>   1 </mfilt>
<avgflag_pertape> 'A' </avgflag_pertape>

<fincl1>
         'AEROD_v', 'AOA1', 'AOA2', 'BR', 'BRCL', 'BRO', 'BRONO2', 'CCL4', 'CF2CLBR', 'CF3BR',
         'CFC11', 'CFC113', 'CFC12', 'CH2O', 'CH3BR', 'CH3CCL3', 'CH3CL', 'CH3O2', 'CH3OOH', 'CH4',
         'CL', 'CL2', 'CL2O2', 'CLDHGH', 'CLDLOW', 'CLDMED', 'CLDTOT', 'CLO', 'CLONO2', 'CLOUD',
         'CO', 'CO2', 'FLNS', 'FLNSC', 'FLNT', 'FLNTC', 'FSDS', 'FSNS', 'FSNSC', 'FSNT',
         'FSNTC', 'H', 'H2', 'H2O', 'H2O2', 'HBR', 'HCFC22', 'HCL', 'HNO3_GAS', 'HNO3_STS',
         'HNO3_NAT', 'VEL_NAT2', 'HNO3', 'HO2', 'HO2NO2', 'HOBR', 'HOCL', 'LANDFRAC', 'LHFLX', 'N',
         'N2O', 'N2O5', 'NO', 'NO2', 'NO3', 'O', 'O1D', 'O3', 'OCLO', 'OCNFRAC',
         'OH', 'OMEGA', 'PHIS', 'PRECC', 'PRECL', 'PS', 'Q', 'QRL', 'QRS', 'RELHUM',
         'SHFLX', 'SOLIN', 'SWCF', 'SAD_ICE', 'SAD_LNAT', 'SAD_SULFC', 'SAD_TROP', 'T', 'U', 'V',
         'Z3', 'NOX', 'NOY', 'CLOX', 'CLOY', 'BROX', 'BROY', 'TCLY', 'TOTH', 'CLDLIQ',
         'CLDICE', 'CONCLD', 'SNOWHLND', 'SNOWHICE', 'ICEFRAC', 'FSDSC', 'C2H4', 'C2H6', 'C2H5O2', 'C2H5OOH',
         'CH3CO3', 'CH3COOH', 'CH3CHO', 'C2H5OH', 'GLYALD', 'GLYOXAL', 'CH3COOOH', 'EO2', 'EO', 'PAN',
         'C3H6', 'C3H8', 'C3H7O2', 'C3H7OOH', 'CH3COCH3', 'PO2', 'POOH', 'HYAC', 'RO2', 'CH3COCHO',
         'ROOH', 'BIGENE', 'BIGALK', 'MEK', 'ENEO2', 'MEKO2', 'MEKOOH', 'MCO3', 'MVK', 'MACR',
         'MACRO2', 'MACROOH', 'MPAN', 'ONIT', 'ISOP', 'ALKO2', 'ALKOOH', 'BIGALD', 'HYDRALD', 'ISOPO2',
         'ISOPNO3', 'ONITR', 'XO2', 'XOOH', 'CH3CN', 'ISOPOOH', 'TOLUENE', 'CRESOL', 'TOLO2', 'TOLOOH',
         'XOH', 'C10H16', 'TERPO2', 'TERPOOH', 'HCN', 'RAD_ICE', 'RAD_LNAT', 'RAD_SULFC', 'H2SO4M_C', 'C2H2',
         'HCOOH', 'HOCH2OO', 'LNO_PROD', 'LNO_COL_PROD', 'H2SO4', 'SOAG', 'SO2', 'AQ_SO2', 'GS_SO2', 'SO2_CHML',
         'SO2_CHMP', 'SO2_CLXF', 'SOA', 'EOOH', 'bc_a1', 'num_a1', 'num_a2', 'pom_a1', 'so4_a1', 'so4_a2',
         'so4_a3', 'dst_a1', 'dst_a3', 'bc_a1SFWET', 'bc_a1DDF', 'SFbc_a1', 'bc_a1_CLXF', 'pom_a1SFWET', 'pom_a1DDF', 'SFpom_a1',
         'pom_a1_CLXF', 'so4_a1SFWET', 'so4_a2DDF', 'soa_a1', 'soa_a2', 'soa_a1SFWET', 'soa_a1DDF', 'soa_a1_CHMP', 'soa_a1_CHML', 'soa_a2SFWET',
         'soa_a2DDF', 'soa_a2_CHMP', 'soa_a2_CHML', 'so4_a1_sfgaex1', 'so4_a1_CHMP', 'so4_a2_CHMP', 'so4_a3_CHMP', 'so4_a2_sfgaex1', 'so4_a3_sfgaex1', 'soa_a1_sfgaex1',
         'soa_a2_sfgaex1', 'so4_c1AQH2SO4', 'so4_c2AQH2SO4', 'so4_c3AQH2SO4', 'so4_c1AQSO4', 'so4_c2AQSO4', 'so4_c3AQSO4', 'ncl_a1', 'ncl_a2', 'ncl_a3',
         'bc_c1', 'bc_c1SFWET', 'bc_c1DDF', 'dst_c1', 'dst_c1SFWET', 'dst_c1DDF', 'pom_c1', 'pom_c1SFWET', 'pom_c1DDF', 'soa_c1',
         'soa_c1SFWET', 'soa_c1DDF', 'soa_c2', 'soa_c2SFWET', 'soa_c2DDF', 'ncl_c1', 'ncl_c1SFWET', 'ncl_c1DDF', 'ncl_c2', 'ncl_c2SFWET',
         'ncl_c2DDF', 'ncl_c3', 'ncl_c3SFWET', 'ncl_c3DDF', 'so4_c1', 'so4_c1SFWET', 'so4_c1DDF', 'so4_c2', 'so4_c2SFWET', 'so4_c2DDF',
         'so4_c3', 'so4_c3SFWET', 'so4_c3DDF', 'SFnum_a1', 'SFnum_a2', 'SFso4_a1', 'SFso4_a2', 'SFISOP', 'SFC10H16', 'SFCH3OH',
         'SFC2H5OH', 'SFCH3CHO', 'SFMEK', 'SFHCN', 'SFCH3CN', 'SFCH2O', 'SFC2H6', 'SFC3H8', 'SFC2H4', 'SFC3H6',
         'SFCH3COCH3', 'SFBIGALK', 'SFBIGENE', 'SFTOLUENE', 'SFO3', 'SFCO', 'SFNO', 'SFNO2', 'SFCH2O', 'SFC2H2',
         'SFHCOOH', 'SFCH3COCHO', 'SFCH3COOH', 'SFCH3COCH3', 'SFCH3OH', 'SFDMS', 'SFMEK', 'SFNH3', 'SFSO2', 'SFRn',
         'SFSOAG', 'GS_SOAG', 'AQ_SOAG', 'SFSOA', 'GS_SOA', 'AQ_SOA', 'DF_SOAG', 'SOA_CHMP', 'DTWR_SO2', 'DF_O3',
         'DF_SO2', 'DO3CHM', 'DCOCHM', 'DHNO3CHM', 'DH2O2CHM', 'O3_CHMP', 'O3_CHML', 'CH4_CHML', 'CO_CHMP', 'CO_CHML',
         'CO2_CHML', 'jno2', 'jpan', 'jh2o2', 'jo3_a', 'ABSORB', 'AODVIS', 'AODMODE1', 'AODMODE2', 'AODMODE3',
         'AODDUST1', 'AODDUST2', 'AODDUST3'
</fincl1>

<cosp_amwg>.true.</cosp_amwg>


</namelist_defaults>
