<?xml version="1.0"?>

<namelist_defaults>

<!-- Solar constant from Lean (via Caspar Ammann) -->
<solar_const>1361.27</solar_const>

<!-- 2005 GHG values from ghg_hist_1765-2005_c091218.nc -->
<!-- Originally from AR5 PRE2005_MIDYR_CONC.DAT (via Jean-Francois Lamarque) -->
<co2vmr>378.8125e-6</co2vmr>
<ch4vmr>1753.735e-9</ch4vmr>
<n2ovmr>319.44e-9</n2ovmr>
<f11vmr>708.7149e-12</f11vmr>
<f12vmr>539.4e-12</f12vmr>

<!-- Prescribed BAM data is from Jean-Francois Lamarque -->
<prescribed_aero_datapath>atm/cam/chem/trop_mozart_aero/aero</prescribed_aero_datapath>
<prescribed_aero_file>aero_rcp45_v1_1.9x2.5_L26_1995-2105_c100316.nc</prescribed_aero_file>
<prescribed_aero_type>CYCLICAL</prescribed_aero_type>
<prescribed_aero_cycle_yr>2005</prescribed_aero_cycle_yr>

<!-- aerosol deposition -->
<aerodep_flx_datapath>atm/cam/chem/trop_mozart_aero/aero</aerodep_flx_datapath>
<aerodep_flx_file>aerosoldep_rcp4.5_monthly_1849-2104_1.9x2.5_c100402.nc</aerodep_flx_file>
<aerodep_flx_type>CYCLICAL</aerodep_flx_type>
<aerodep_flx_cycle_yr>2005</aerodep_flx_cycle_yr>

<!-- Prescribed ozone data is from Jean-Francois Lamarque -->
<prescribed_ozone_datapath>atm/cam/ozone</prescribed_ozone_datapath>
<prescribed_ozone_file>ozone_rcp45_v1_1.9x2.5_L26_1995-2105_c100316.nc</prescribed_ozone_file>
<prescribed_ozone_name>O3</prescribed_ozone_name>
<prescribed_ozone_type>CYCLICAL</prescribed_ozone_type>
<prescribed_ozone_cycle_yr>2005</prescribed_ozone_cycle_yr>

<!-- sim_year used for CLM datasets -->
<sim_year>2000</sim_year>

<!-- Add sub-monthly output for AR5 runs -->
<mfilt>1,365,30,120,240</mfilt>
<nhtfrq>0,-24,-24,-6,-3</nhtfrq>

<!-- Daily avg fields present in all runs -->
<fincl2>'TREFHTMN','TREFHTMX','TREFHT','PRECC','PRECL','PSL'</fincl2>

</namelist_defaults>
