<?xml version="1.0"?>

<namelist_defaults>

<start_ymd>20050101</start_ymd>

<!-- TSI dataset from Lean via Dan Marsh and Francis Vitt -->
<solar_data_file>atm/cam/solar/SOLAR_TSI_Lean_1610-2140_annual_c100301.nc</solar_data_file>

<!-- GHG values from AR5 RCP45_MIDYR_CONC.DAT (via Jean-Francois Lamarque) -->
<scenario_ghg>RAMPED</scenario_ghg>
<bndtvghg>atm/cam/ggas/ghg_rcp45_1765-2500_c100405.nc</bndtvghg>

<!-- Prescribed BAM data is from Jean-Francois Lamarque -->
<prescribed_aero_datapath>atm/cam/chem/trop_mozart_aero/aero</prescribed_aero_datapath>
<prescribed_aero_file>aero_rcp45_v1_1.9x2.5_L26_1995-2105_c100316.nc</prescribed_aero_file>
<prescribed_aero_type>INTERP_MISSING_MONTHS</prescribed_aero_type>

<!-- aerosol deposition -->
<aerodep_flx_datapath>atm/cam/chem/trop_mozart_aero/aero</aerodep_flx_datapath>
<aerodep_flx_file>aerosoldep_rcp4.5_monthly_1849-2104_1.9x2.5_c100402.nc</aerodep_flx_file>
<aerodep_flx_type>INTERP_MISSING_MONTHS</aerodep_flx_type>

<!-- Prescribed ozone data is from Jean-Francois Lamarque -->
<prescribed_ozone_datapath>atm/cam/ozone</prescribed_ozone_datapath>
<prescribed_ozone_file>ozone_rcp45_v1_1.9x2.5_L26_1995-2105_c100316.nc</prescribed_ozone_file>
<prescribed_ozone_name>O3</prescribed_ozone_name>
<prescribed_ozone_type>INTERP_MISSING_MONTHS</prescribed_ozone_type>

<!-- TEM diagnostics output -->
<do_circulation_diags         >.false.</do_circulation_diags>
<do_circulation_diags dyn="fv">.true.</do_circulation_diags>

<!-- Output some diagnostics for monitoring time varying forcing -->
<fincl1>
  'cb_ozone_c', 'cb_sulf_c'
</fincl1>
<fincl1 dyn="fv">
  'cb_ozone_c', 'cb_sulf_c',
  'MSKtem','VTH2d','UV2d','UW2d','U2d','V2d','TH2d','W2d','UTGWORO'
</fincl1>

<!-- sim_year used for CLM datasets -->
<sim_year>1850-2100</sim_year>

<!-- Add sub-monthly output for AR5 runs -->
<mfilt>1,365,120,30</mfilt>
<nhtfrq>0,-24,-1,-24</nhtfrq>

<!-- Daily avg fields present in all CMIP5 runs -->
<fincl2>'TREFHTMN','TREFHTMX','TREFHT','PRECC','PRECL','PSL'</fincl2>

<!-- Fields for BGC runs -->
<fincl3>'FSDS','FSNS','FLDS','FLNS','SHFLX','LHFLX',
        'TS','TBOT','QBOT','TREFHT','QREFHT','PBLH','SFCO2_LND','CO2_BOT'</fincl3>

<fincl4>'CO2','PS','SFCO2_OCN','SFCO2_FFF'</fincl4>

<!-- Time-variant CO2 fossil fuel emissions -->
<co2flux_fuel_file hgrid="0.9x1.25">atm/cam/ggas/co2flux_fossil_RCP45_2005-2100-monthly_0.9x1.25_c20101013.nc</co2flux_fuel_file>

</namelist_defaults>
