<?xml version="1.0"?>

<namelist_defaults>

<start_ymd>20050101</start_ymd>
<ncdata dyn="fv"  hgrid="1.9x2.5">atm/cam/inic/fv/cami_0000-01-01_1.9x2.5_L26_c070408.nc</ncdata>

<!-- TSI dataset from Lean via Dan Marsh and Francis Vitt -->
<solar_data_file>atm/cam/solar/SOLAR_TSI_Lean_1610-2140_annual_c100301.nc</solar_data_file>

<!-- GHG values from AR5 RCP45_MIDYR_CONC.DAT (via Jean-Francois Lamarque) -->
<scenario_ghg>RAMPED</scenario_ghg>
<bndtvghg>atm/cam/ggas/ghg_rcp45_1765-2500_c100405.nc</bndtvghg>

<!-- Prescribed BAM data is from Jean-Francois Lamarque -->
<prescribed_aero_datapath>atm/cam/chem/trop_mozart_aero/aero</prescribed_aero_datapath>
<prescribed_aero_file>aero_rcp45_v1_1.9x2.5_L26_1995-2105_c100316.nc</prescribed_aero_file>
<prescribed_aero_type>INTERP_MISSING_MONTHS</prescribed_aero_type>

<!-- aerosol deposition -->
<aerodep_flx_datapath>atm/cam/chem/trop_mozart_aero/aero</aerodep_flx_datapath>
<aerodep_flx_file>aerosoldep_rcp4.5_monthly_1849-2104_1.9x2.5_c100402.nc</aerodep_flx_file>
<aerodep_flx_type>INTERP_MISSING_MONTHS</aerodep_flx_type>

<!-- Prescribed ozone data is from Jean-Francois Lamarque -->
<prescribed_ozone_datapath>atm/cam/ozone</prescribed_ozone_datapath>
<prescribed_ozone_file>ozone_rcp45_v1_1.9x2.5_L26_1995-2105_c100316.nc</prescribed_ozone_file>
<prescribed_ozone_name>O3</prescribed_ozone_name>
<prescribed_ozone_type>INTERP_MISSING_MONTHS</prescribed_ozone_type>

<!-- Stratospheric Aerosols -->
<strat_aero_feedback>.true.</strat_aero_feedback>
<prescribed_strataero_type>SERIAL</prescribed_strataero_type>
<prescribed_strataero_file>CESM_1949_2100_sad_V2_c130627.nc</prescribed_strataero_file>
<prescribed_strataero_datapath>atm/waccm/sulf</prescribed_strataero_datapath>

<!-- TEM diagnostics output -->
<do_circulation_diags         >.false.</do_circulation_diags>
<do_circulation_diags dyn="fv">.true.</do_circulation_diags>

<!-- Output some diagnostics for monitoring time varying forcing -->
<fincl1>
  'cb_ozone_c', 'cb_sulf_c'
</fincl1>
<fincl1 dyn="fv">
  'cb_ozone_c', 'cb_sulf_c',
  'MSKtem','VTH2d','UV2d','UW2d','U2d','V2d','TH2d','W2d','UTGWORO'
</fincl1>

<!-- Add sub-monthly output for AR5 runs -->
<mfilt>1,365,30,120,240</mfilt>
<nhtfrq>0,-24,-24,-6,-3</nhtfrq>

<!-- Daily avg fields present in all CMIP5 runs -->
<fincl2>'TREFHTMN','TREFHTMX','TREFHT','PRECC','PRECL','PSL'</fincl2>

</namelist_defaults>
