<?xml version="1.0"?>

<namelist_defaults>
<!-- make planet orbit circular              -->
<orb_eccen                >0.</orb_eccen>
<orb_obliq                >0.</orb_obliq>
<orb_mvelp                >0.</orb_mvelp>
<orb_mode>fixed_parameters</orb_mode>

<!-- APE ghg -->
<ch4vmr                   >1.650e-6</ch4vmr>
<n2ovmr                   >0.306e-6</n2ovmr>
<co2vmr                   >348.0e-6</co2vmr>

<!-- Solar insolation of 1365 -->
<solar_data_file          >atm/cam/solar/ape_solar_ave_tsi_1365.nc</solar_data_file>
<solar_htng_spctrl_scl    >.true.</solar_htng_spctrl_scl>
/

<!-- zonally symmetric ozone file -->
<prescribed_ozone_file    >apeozone_cam3_5_54.nc</prescribed_ozone_file>
<prescribed_ozone_datapath>atm/cam/ozone</prescribed_ozone_datapath>
<prescribed_ozone_name    >OZONE</prescribed_ozone_name>
<prescribed_ozone_type    >CYCLICAL</prescribed_ozone_type>
<prescribed_ozone_cycle_yr>1990</prescribed_ozone_cycle_yr>

<!-- Set Aquaplanet to True -->
<aqua_planet              >.true. </aqua_planet>

<!-- Revised physics constants for ape experiments -->
<sday                     >86164.10063718943</sday>
<rearth                   >6.37100e6</rearth>
<gravit                   >9.79764</gravit>
<mwdry                    >28.96623324623746</mwdry>
<mwh2o                    >18.01618112892741</mwh2o>
<cpwv                     >1.846e3</cpwv>

</namelist_defaults>

