<?xml version="1.0"?>

<namelist_defaults>

<!-- Orbit -->
<orb_iyear                                 > 1950      </orb_iyear>

<!-- Solar insolation of 1367 -->
<solar_const                               > 1367.0    </solar_const>

<!-- GHG values -->
<co2vmr                                    >  355.0e-6 </co2vmr>
<ch4vmr                                    > 1714.0e-9 </ch4vmr>
<n2ovmr                                    >  311.0e-9 </n2ovmr>
<f11vmr                                    >  280.e-12 </f11vmr>
<f12vmr                                    >  503.e-12 </f12vmr>

<!-- Cloud fraction -->
<cldfrc_freeze_dry                         > .false.   </cldfrc_freeze_dry>

<cldfrc_rhminl                             > 0.900D0   </cldfrc_rhminl>
<cldfrc_rhminl            hgrid="0.9x1.25" > 0.880D0   </cldfrc_rhminl>
<cldfrc_rhminl            hgrid="1x1.25"   > 0.880D0   </cldfrc_rhminl>
<cldfrc_rhminl            hgrid="128x256"  > 0.910D0   </cldfrc_rhminl>
<cldfrc_rhminl            hgrid="48x96"    > 0.880D0   </cldfrc_rhminl>

<cldfrc_rhminh                             > 0.800D0   </cldfrc_rhminh>
<cldfrc_rhminh            hgrid="0.9x1.25" > 0.770D0   </cldfrc_rhminh>
<cldfrc_rhminh            hgrid="1x1.25"   > 0.770D0   </cldfrc_rhminh>
<cldfrc_rhminh            hgrid="128x256"  > 0.700D0   </cldfrc_rhminh>

<cldfrc_sh1                                > 0.07D0    </cldfrc_sh1>
<cldfrc_sh1    dyn="fv"                    > 0.04D0    </cldfrc_sh1>

<cldfrc_sh2                                > 500.0D0   </cldfrc_sh2>

<cldfrc_dp1                                > 0.14D0    </cldfrc_dp1>
<cldfrc_dp1    dyn="fv"                    > 0.10D0    </cldfrc_dp1>

<cldfrc_dp2                                > 500.0D0   </cldfrc_dp2>

<cldfrc_premit                             > 75000.0D0 </cldfrc_premit>
<cldfrc_premit dyn="eul"  hgrid="128x256"  > 25000.0D0 </cldfrc_premit>

<!-- Cldwat -->
<cldwat_icritc                             >  5.0e-6   </cldwat_icritc>
<cldwat_icritc dyn="fv"                    >  9.5e-6   </cldwat_icritc>
<cldwat_icritc dyn="eul"  hgrid="128x256"  > 16.0e-6   </cldwat_icritc>
<cldwat_icritc dyn="eul"  hgrid="48x96"    >  3.0e-6   </cldwat_icritc>

<cldwat_icritw                             >  4.0e-4   </cldwat_icritw>
<cldwat_icritw dyn="fv"                    >  2.0e-4   </cldwat_icritw>

<cldwat_conke                              >  10.0e-6  </cldwat_conke>
<cldwat_conke  dyn="fv"                    >  5.0e-6   </cldwat_conke>
<cldwat_conke  dyn="eul"  hgrid="128x256"  >  5.0e-6   </cldwat_conke>

<!-- hkconv Moist Convection -->
<hkconv_cmftau                             > 1800.0D0  </hkconv_cmftau>

<hkconv_c0                                 >  2.0e-4   </hkconv_c0>
<hkconv_c0     dyn="fv"                    >  1.0e-4   </hkconv_c0>
<hkconv_c0                hgrid="128x256"  >  1.0e-4   </hkconv_c0>
<hkconv_c0                hgrid="48x96"    >  5.0e-4   </hkconv_c0>


<!-- zm conv -->
<zmconv_c0_lnd                             > 0.0030D0  </zmconv_c0_lnd>
<zmconv_c0_lnd dyn="fv"                    > 0.0035D0  </zmconv_c0_lnd>
<zmconv_c0_lnd            hgrid="128x256"  > 0.0040D0  </zmconv_c0_lnd>
<zmconv_c0_lnd            hgrid="48x96"    > 0.0020D0  </zmconv_c0_lnd>

<zmconv_c0_ocn                             > 0.0030D0  </zmconv_c0_ocn>
<zmconv_c0_ocn dyn="fv"                    > 0.0035D0  </zmconv_c0_ocn>
<zmconv_c0_ocn            hgrid="128x256"  > 0.0040D0  </zmconv_c0_ocn>
<zmconv_c0_ocn            hgrid="48x96"    > 0.0020D0  </zmconv_c0_ocn>

<zmconv_ke                                 > 3.0E-6    </zmconv_ke>
<zmconv_ke     dyn="fv"                    > 1.0E-6    </zmconv_ke>
<zmconv_ke                hgrid="128x256"  > 1.0E-6    </zmconv_ke>

<!-- Aerosol Mass climatology dataset -->
<bndtvaer hgrid="128x256"  >atm/cam/rad/AerosolMass_V_128x256_clim_c031022.nc</bndtvaer>
<bndtvaer hgrid="64x128"   >atm/cam/rad/AerosolMass_V_64x128_clim_c031022.nc</bndtvaer>
<bndtvaer hgrid="48x96"    >atm/cam/rad/AerosolMass_V_48x96_clim_c031029.nc</bndtvaer>
<bndtvaer hgrid="32x64"    >atm/cam/rad/AerosolMass_V_32x64_clim_c031022.nc</bndtvaer>
<bndtvaer hgrid="8x16"     >atm/cam/rad/AerosolMass_V_8x16_clim_c031022.nc</bndtvaer>

<bndtvaer hgrid="0.23x0.31">atm/cam/rad/AerosolMass_V_0.23x0.31_clim_c061107.nc</bndtvaer>
<bndtvaer hgrid="0.47x0.63">atm/cam/rad/AerosolMass_V_0.47x0.63_clim_c061107.nc</bndtvaer>
<bndtvaer hgrid="0.5x0.625">atm/cam/rad/AerosolMass_V_.5x.625_clim_c040107.nc</bndtvaer>
<bndtvaer hgrid="0.9x1.25" >atm/cam/rad/AerosolMass_V_0.9x1.25_clim_c040926.nc</bndtvaer>
<bndtvaer hgrid="1.9x2.5"  >atm/cam/rad/AerosolMass_V_1.9x2.5_clim_c040811.nc</bndtvaer>
<bndtvaer hgrid="4x5"      >atm/cam/rad/AerosolMass_V_4x5_clim_c031022.nc</bndtvaer>
<bndtvaer hgrid="10x15"    >atm/cam/rad/AerosolMass_V_10x15_clim_c031022.nc</bndtvaer>

<bndtvaer hgrid="ne5np8"   >atm/cam/rad/AerosolMass_V_ne5np8_c060912.nc</bndtvaer>
<bndtvaer hgrid="ne16np4"   >atm/cam/rad/AerosolMass_V_ne16np4_clim_c071213.nc</bndtvaer>

<!-- PCMDI ozone climatology -->
<bndtvo>atm/cam/ozone/pcmdio3.r8.64x1_L60_clim_c970515.nc</bndtvo>

<!-- Gravity wave drag parameters -->
<fcrit2                                    > 0.5       </fcrit2>

</namelist_defaults>

