<?xml version="1.0"?>

<namelist_defaults>

<start_ymd>19750101</start_ymd>

<!--Species IC -->
<ncdata hgrid="1.9x2.5" >atm/cam/inic/fv/sd_2deg_refc1_stratsoa_1.9x2.5_L56_1975-01-01-00000_c130513.nc</ncdata>

<!-- Specified Meteorology inputs -->
<met_rlx_time>50</met_rlx_time> <!-- relaxation time in hours  --> 

<met_fix_mass>.true.</met_fix_mass>
<met_data_file>'1975/MERRA_19x2_19750101.nc'</met_data_file>
<met_data_path>atm/cam/met/MERRA</met_data_path>
<met_filenames_list>atm/cam/met/MERRA/CCMI_sd_filenames.txt</met_filenames_list>
<met_qflx_factor>0.84</met_qflx_factor>

<!-- bnd_topo --->
<bnd_topo>atm/cam/met/MERRA/USGS-gtopo30_1.9x2.5_phys_merra_c101026.nc</bnd_topo>

<!-- Solar Inputs -->
<solar_data_file>atm/cam/solar/spectral_irradiance_Lean_1950-2012_daily_Leap_c130227.nc</solar_data_file>
<solar_htng_spctrl_scl>.true.</solar_htng_spctrl_scl>

<!-- Lower Boundary Conditions -->
<flbc_file>atm/waccm/lb/LBC_1765-2100_1.9x2.5_CCMI_RCP60_za_c130313.nc </flbc_file>
<flbc_type>'SERIAL'</flbc_type>
<flbc_list>
 'CCL4', 'CF2CLBR', 'CF3BR', 'CFC11', 'CFC113', 'CFC12', 'CH3BR', 'CH3CCL3', 'CH3CL', 'CH4', 'CO2', 'H2', 
 'HCFC22', 'N2O', 'CFC114', 'CFC115', 'HCFC141B', 'HCFC142B', 'CH2BR2', 'CHBR3', 'H1202', 'H2402','SF6'
</flbc_list>

<!-- Stratospheric Aerosols -->
<strat_aero_feedback>.true.</strat_aero_feedback>
<prescribed_strataero_type>SERIAL</prescribed_strataero_type>
<prescribed_strataero_datapath>atm/waccm/sulf</prescribed_strataero_datapath>
<prescribed_strataero_file>CESM_1949_2100_sad_V2_c130627.nc</prescribed_strataero_file>

<!-- emissions -->
<ext_frc_specifier>
  'CB1 -> $INPUTDATA_ROOT/atm/cam/chem/emis/ccmi_1960-2008/CCMI_emissions_aircraft_BC_1850-2100_1.9x2.5_c130314.nc',
  'NO2 -> $INPUTDATA_ROOT/atm/cam/chem/emis/ccmi_1960-2008/CCMI_emissions_aircraft_NO2_1850-2100_1.9x2.5_c130314.nc',
  'SO2 -> $INPUTDATA_ROOT/atm/cam/chem/emis/ccmi_1960-2008/IPCC_emissions_volc_SO2_1850-2100_1.9x2.5_c130426.nc',
  'SO4 -> $INPUTDATA_ROOT/atm/cam/chem/emis/ccmi_1960-2008/IPCC_emissions_volc_SO4_1850-2100_1.9x2.5_c130426.nc'
</ext_frc_specifier>
<ext_frc_type>'SERIAL'</ext_frc_type>

<sulf_file>atm/waccm/sulf/sulfate_1950-2100_c130807.nc</sulf_file>
<sulf_type>INTERP_MISSING_MONTHS</sulf_type>

<srf_emis_specifier>
  'XYLENE   -> $INPUTDATA_ROOT/atm/cam/chem/emis/ccmi_1960-2008/maccity_maccity_corrdates_XYLENE_SOA_1960-2008_1.9x2.5_mol_c130314.nc',
  'BENZENE  -> $INPUTDATA_ROOT/atm/cam/chem/emis/ccmi_1960-2008/maccity_maccity_corrdates_BENZENE_SOA_1960-2008_1.9x2.5_mol_c130314.nc',
  'CH2O     -> $INPUTDATA_ROOT/atm/cam/chem/emis/ccmi_1960-2008/maccity_maccity_corrdates_CH2O_woBiog_1960-2008_1.9x2.5_mol_c130314.nc',
  'CO       -> $INPUTDATA_ROOT/atm/cam/chem/emis/ccmi_1960-2008/maccity_maccity_corrdates_CO_woBiog_1960-2008_1.9x2.5_mol_c130314.nc',
  'NO       -> $INPUTDATA_ROOT/atm/cam/chem/emis/ccmi_1960-2008/maccity_maccity_corrdates_NO_1960-2008_1.9x2.5_mol_c130314.nc',
  'BIGALK   -> $INPUTDATA_ROOT/atm/cam/chem/emis/ccmi_1960-2008/maccity_maccity_corrdates_BIGALK_1960-2008_1.9x2.5_mol_c130314.nc',
  'BIGENE   -> $INPUTDATA_ROOT/atm/cam/chem/emis/ccmi_1960-2008/maccity_maccity_corrdates_BIGENE_1960-2008_1.9x2.5_mol_c130314.nc',
  'C2H2     -> $INPUTDATA_ROOT/atm/cam/chem/emis/ccmi_1960-2008/maccity_maccity_corrdates_C2H2_1960-2008_1.9x2.5_mol_c130314.nc',
  'C2H4     -> $INPUTDATA_ROOT/atm/cam/chem/emis/ccmi_1960-2008/maccity_maccity_corrdates_C2H4_woBiog_1960-2008_1.9x2.5_mol_c130314.nc',
  'C2H5OH   -> $INPUTDATA_ROOT/atm/cam/chem/emis/ccmi_1960-2008/maccity_maccity_corrdates_C2H5OH_1960-2008_1.9x2.5_mol_c130314.nc',
  'C2H6     -> $INPUTDATA_ROOT/atm/cam/chem/emis/ccmi_1960-2008/maccity_maccity_corrdates_C2H6_woBiog_1960-2008_1.9x2.5_mol_c130314.nc',
  'C3H6     -> $INPUTDATA_ROOT/atm/cam/chem/emis/ccmi_1960-2008/maccity_maccity_corrdates_C3H6_woBiog_1960-2008_1.9x2.5_mol_c130314.nc',
  'C3H8     -> $INPUTDATA_ROOT/atm/cam/chem/emis/ccmi_1960-2008/maccity_maccity_corrdates_C3H8_woBiog_1960-2008_1.9x2.5_mol_c130314.nc',
  'CH3CHO   -> $INPUTDATA_ROOT/atm/cam/chem/emis/ccmi_1960-2008/maccity_maccity_corrdates_CH3CHO_woBiog_1960-2008_1.9x2.5_mol_c130314.nc',
  'CH3OH    -> $INPUTDATA_ROOT/atm/cam/chem/emis/ccmi_1960-2008/maccity_maccity_corrdates_CH3OH_woBiog_1960-2008_1.9x2.5_mol_c130314.nc',
  'MEK      -> $INPUTDATA_ROOT/atm/cam/chem/emis/ccmi_1960-2008/maccity_maccity_corrdates_MEK_woBiog_1960-2008_1.9x2.5_mol_c130314.nc',
  'TOLUENE  -> $INPUTDATA_ROOT/atm/cam/chem/emis/ccmi_1960-2008/maccity_maccity_corrdates_TOLUENE_SOA_1960-2008_1.9x2.5_mol_c130314.nc',
  'HCN      -> $INPUTDATA_ROOT/atm/cam/chem/emis/ccmi_1960-2008/maccity_maccity_corrdates_HCN_1960-2008_1.9x2.5_mol_c130314.nc',
  'CH3CN    -> $INPUTDATA_ROOT/atm/cam/chem/emis/ccmi_1960-2008/maccity_maccity_corrdates_CH3CN_1960-2008_1.9x2.5_mol_c130314.nc',
  'CH3COCH3 -> $INPUTDATA_ROOT/atm/cam/chem/emis/ccmi_1960-2008/maccity_maccity_corrdates_CH3COCH3_woBiog_1960-2008_1.9x2.5_mol_c130314.nc',
  'CH3COOH  -> $INPUTDATA_ROOT/atm/cam/chem/emis/ccmi_1960-2008/maccity_maccity_corrdates_CH3COOH_1960-2008_1.9x2.5_mol_c130314.nc',
  'HCOOH    -> $INPUTDATA_ROOT/atm/cam/chem/emis/ccmi_1960-2008/maccity_maccity_corrdates_HCOOH_1960-2008_1.9x2.5_mol_c130314.nc',
  'ISOP     -> $INPUTDATA_ROOT/atm/cam/chem/emis/ccmi_1960-2008/maccity_maccity_corrdates_ISOPRENE_woBiog_1960-2008_1.9x2.5_mol_c130314.nc',
  'C10H16   -> $INPUTDATA_ROOT/atm/cam/chem/emis/ccmi_1960-2008/maccity_maccity_corrdates_TERPENES_woBiog_1960-2008_1.9x2.5_mol_c130314.nc',
  'NH3      -> $INPUTDATA_ROOT/atm/cam/chem/emis/ccmi_1960-2008/maccity_maccity_corrdates_NH3_1960-2008_1.9x2.5_mol_c130314.nc',
  'OC1      -> $INPUTDATA_ROOT/atm/cam/chem/emis/ccmi_1960-2008/maccity_maccity_corrdates_OC1_1960-2008_1.9x2.5_mol_c130314.nc',
  'OC2      -> $INPUTDATA_ROOT/atm/cam/chem/emis/ccmi_1960-2008/maccity_maccity_corrdates_OC2_1960-2008_1.9x2.5_mol_c130314.nc',
  'CB1      -> $INPUTDATA_ROOT/atm/cam/chem/emis/ccmi_1960-2008/maccity_maccity_corrdates_BC1_1960-2008_1.9x2.5_mol_c130314.nc',
  'CB2      -> $INPUTDATA_ROOT/atm/cam/chem/emis/ccmi_1960-2008/maccity_maccity_corrdates_BC2_1960-2008_1.9x2.5_mol_c130314.nc',
  'DMS      -> $INPUTDATA_ROOT/atm/cam/chem/emis/ccmi_1960-2008/IPCC_emissions_DMS_surface_1850-2100_1.9x2.5_c130314.nc',
  'SO2      -> $INPUTDATA_ROOT/atm/cam/chem/emis/ccmi_1960-2008/maccity_maccity_corrdates_SO2_1960-2008_1.9x2.5_mol_c130314.nc',
  'SF6em    -> $INPUTDATA_ROOT/atm/cam/chem/emis/ccmi_tracers/v42_SF6_1850-2100_IPCC_2.1.9x2.5_monthly_c130822.nc',
  'SO2t     -> $INPUTDATA_ROOT/atm/cam/chem/emis/ccmi_tracers/maccity_maccity_corrdates_SO2_1850-2100_c130409.nc',
  'CO_25    -> $INPUTDATA_ROOT/atm/cam/chem/emis/ccmi_tracers/RETRO_ANTHRO_V2_2000_CO_aggregated_ann_1850-2100_c130430.nc',
  'CO_50    -> $INPUTDATA_ROOT/atm/cam/chem/emis/ccmi_tracers/RETRO_ANTHRO_V2_2000_CO_aggregated_ann_1850-2100_c130430.nc',
  'E90      -> $INPUTDATA_ROOT/atm/cam/chem/emis/ccmi_tracers/emis_e90_global_1.9x2.5_ann_1850-2100_c130710.nc',
  'E90_NH   -> $INPUTDATA_ROOT/atm/cam/chem/emis/ccmi_tracers/emis_e90_nh_1.9x2.5_ann_1850-2100_c130710.nc',
  'E90_SH   -> $INPUTDATA_ROOT/atm/cam/chem/emis/ccmi_tracers/emis_e90_sh_1.9x2.5_ann_1850-2100_c130710.nc',
</srf_emis_specifier>

<srf_emis_type>'INTERP_MISSING_MONTHS'</srf_emis_type>


<!-- turn on clm MEGAN VOC emis -->
<megan_specifier>
 'ISOP = isoprene',
 'C10H16 = myrcene + sabinene + limonene + carene_3 + ocimene_t_b + pinene_b + pinene_a + 2met_styrene + cymene_p + cymene_o + phellandrene_a + thujene_a + terpinene_a + terpinene_g + terpinolene + phellandrene_b + camphene + bornene + fenchene_a + ocimene_al + ocimene_c_b',
 'CH3OH = methanol', 'C2H5OH = ethanol', 'CH2O = formaldehyde', 'CH3CHO = acetaldehyde', 'CH3COOH = acetic_acid',
 'CH3COCH3 = acetone', 'HCOOH = formic_acid', 'HCN = hydrogen_cyanide', 'CO = carbon_monoxide', 'C2H6 = ethane',
 'C2H4 = ethene', 'C3H8 = propane', 'C3H6 = propene', 'BIGALK = pentane + hexane + heptane + tricyclene',
 'BIGENE = butene', 'MEK = butanone_2', 'TOLUENE = toluene'
</megan_specifier>
<megan_factors_file>'atm/cam/chem/trop_mozart/emis/megan21_emis_factors_c20130304.nc'</megan_factors_file>
<megan_mapped_emisfctrs>.false.</megan_mapped_emisfctrs>

<dust_emis_fact> 0.250D0 </dust_emis_fact>

<!-- QBO settings --> 
<qbo_use_forcing>.false.</qbo_use_forcing>

<!-- History -->
<avgflag_pertape>'A', 'I', 'I', 'A', 'A', 'A', 'I', 'I',  'L',  'L' </avgflag_pertape>
<nhtfrq>           0,-240, -24, -24, -24, -24,   0,   2,    0,    0 </nhtfrq>
<mfilt>            1,   5,   20, 73, 365,  10,  12,1440,  365,  365 </mfilt>
<lcltod_start>     0,   0,    0,  0,   0,   0,   0,   0,36900,47700 </lcltod_start>
<lcltod_stop>      0,   0,    0,  0,   0,   0,   0,   0,38700,49500 </lcltod_stop>

<fincl1>
  'AEROD_v', 'SZA', 'PHIS', 'PS', 'Z3', 'T', 'OMEGA', 'U', 'V', 'RELHUM', 'PSL', 'TROP_Z', 'TROP_T', 'TROP_P',
  'LNO_COL_PROD', 'LNO_PROD', 'NO2_XFRC', 'CB1_XFRC', 'AOA1', 'AOA2', 'N2O', 'CO2', 'CH4', 'O', 'O1D', 'O3', 'H',
  'OH', 'HO2', 'H2', 'H2O2', 'H2O', 'H2O_GAS', 'Q', 'TOTH', 'N', 'NO', 'NO2', 'NO3', 'N2O5', 'HO2NO2', 'HNO3',
  'HNO3_TOTAL', 'HNO3_STS', 'HNO3_NAT', 'HNO3_GAS', 'NOX', 'NOY', 'CL', 'CL2', 'CLO', 'OCLO', 'CL2O2', 'HOCL',
  'CLONO2', 'HCL', 'HCL_TOTAL', 'HCL_GAS', 'HCL_STS', 'CLOX', 'CLOY', 'TCLY', 'BR', 'BRCL', 'BRO', 'BRONO2', 'HOBR',
  'HBR', 'BROX', 'BROY', 'TBRY', 'CH3CL', 'CCL4', 'CH3CCL3', 'CFC11', 'CFC11STAR', 'CFC12', 'CFC113', 'CFC114',
  'CFC115', 'HCFC22', 'HCFC141B', 'HCFC142B', 'CH3BR', 'CHBR3', 'CH2BR2', 'CF3BR', 'CF2CLBR', 'H1202', 'H2402',
  'CO', 'CH2O', 'CH3O2', 'CH3OOH', 'C2H2', 'HCOOH', 'HOCH2OO', 'C2H4', 'C2H6', 'C2H5O2', 'C2H5OOH', 'CH3CO3',
  'CH3COOH', 'CH3CHO', 'C2H5OH', 'GLYALD', 'GLYOXAL', 'CH3COOOH', 'EO2', 'EO', 'PAN', 'C3H6', 'C3H8', 'C3H7O2',
  'C3H7OOH', 'CH3COCH3', 'PO2', 'POOH', 'HYAC', 'RO2', 'CH3COCHO', 'ROOH', 'BIGENE', 'BIGALK', 'MEK', 'ENEO2',
  'MEKO2', 'MEKOOH', 'MCO3', 'MVK', 'MACR', 'MACRO2', 'MACROOH', 'MPAN', 'ONIT', 'ISOP', 'ALKO2', 'ALKOOH',
  'BIGALD', 'HYDRALD', 'ISOPO2', 'EOOH', 'ISOPNO3', 'ONITR', 'XO2', 'XOOH', 'CH3CN', 'ISOPOOH', 'TOLUENE',
  'BENZENE', 'XYLENE', 'CRESOL', 'TOLO2', 'TOLOOH', 'XOH', 'C10H16', 'TERPO2', 'TERPOOH', 'HCN', 'SO2', 'SO4',
  'NH3', 'NH4', 'NH4NO3', 'DMS', 'CB1', 'CB2', 'OC1', 'OC2', 'SSLT01', 'SSLT02', 'SSLT03', 'SSLT04', 'DST01', 'DST02',
  'DST03', 'DST04', 'NH_5', 'NH_50', 'NH_50W', 'AOA_NH', 'ST80_25', 'CO_25', 'CO_50', 'E90', 'E90_NH', 'E90_SH',
  'SO2t', 'SF6', 'SF6em', 'O3S', 'DF_O3', 'CLDLIQ', 'CLDICE', 'CONCLD', 'CLDHGH', 'CLDLOW', 'CLDMED', 'CLDTOT',
  'CLOUD', 'ZMMU', 'DTCOND', 'DTV', 'DUV', 'DVV', 'EKGWSPEC', 'FLNS', 'FLNSC', 'FLNT', 'FLNTC', 'FSDS', 'FSDSC',
  'FSNS', 'FSNSC', 'FSNT', 'FSNTC', 'SHFLX', 'SOLIN', 'FLDS', 'LANDFRAC', 'LHFLX', 'OCNFRAC', 'PRECC', 'PRECL',
  'PRECT', 'QFLX', 'QPERT', 'QRL', 'QRS', 'QRL_TOT', 'QRS_TOT', 'TREFHT', 'SWCF', 'DTCORE', 'FRONTGF:I',
  'BUTGWSPEC', 'BTAUE', 'BTAUW', 'BTAUN', 'BTAUS', 'TAUE', 'TAUW', 'TAUN', 'TAUS', 'TAUGWX', 'TAUGWY', 'TAUX',
  'TAUY', 'SNOWHLND', 'SNOWHICE', 'ICEFRAC', 'FSDSC', 'RAD_ICE', 'RAD_LNAT', 'RAD_SULFC', 'H2SO4M_C',
  'SAD_ICE', 'SAD_LNAT', 'SAD_TROP', 'SAD_SULFC', 'SAD', 'VEL_NAT2', 'VOLC_MMR', 'VOLC_DENS',
  'VOLC_RAD_GEOM ', 'ODV_VOLC_MMR', 'VOLC_MASS', 'VOLC_MASS_C', 'QRS_TOT_24_COS', 'QRS_TOT_24_SIN',
  'QRS_TOT_12_COS', 'QRS_TOT_12_SIN', 'PM25_SRF', 'DTCOND_24_SIN', 'DTCOND_24_COS', 'DTCOND_12_SIN',
  'DTCOND_12_COS', 'UTGWORO', 'UTGWSPEC', 'VERT', 'VTGWORO', 'VTGWSPEC', 'HORZ', 'SFNO', 'SFCO', 'SFCH2O',
  'SFC2H2', 'SFC2H4', 'SFC2H6', 'SFC3H6', 'SFC3H8', 'SFCH3COCH3', 'SFBIGALK', 'SFBIGENE', 'SFTOLUENE',
  'SFBENZENE', 'SFXYLENE', 'SFISOP', 'SFC10H16', 'SFCH3OH', 'SFC2H5OH', 'SFCH3CHO', 'SFCH3COOH', 'SFHCOOH',
  'SFMEK', 'SFHCN', 'SFCH3CN', 'SFNH3', 'SFOC1', 'SFOC2', 'SFCB1', 'SFCB2', 'SFDMS', 'SFSO2', 'SFSO2t', 'SFCO_25',
  'SFCO_50', 'SFE90', 'SFE90_NH', 'SFE90_SH', 'SFSSLT01', 'SFSSLT02', 'SFSSLT03', 'SFSSLT04', 'MEG_ISOP',
  'MEG_CH3OH', 'MEG_CH3COCH3', 'MEG_CH3CHO', 'MEG_CH2O', 'MEG_CO', 'MEG_C2H6', 'MEG_C3H8', 'MEG_C2H4',
  'MEG_C3H6', 'MEG_C2H5OH', 'MEG_C10H16', 'MEG_BIGALK', 'MEG_BIGENE', 'MEG_TOLUENE', 'MEG_MEK', 'MEG_HCN',
  'MEG_HCOOH', 'MEG_CH3COOH', 'ODV_DST01', 'ODV_DST02', 'ODV_DST03', 'ODV_DST04', 'ODV_CB1', 'ODV_CB2',
  'ODV_OC1', 'ODV_OC2', 'CB2SFWET', 'OC2SFWET', 'SO4SFWET', 'NH4NO3SFWET', 'NH4SFWET', 'DF_SO2', 'DF_SO4',
  'DF_NH4NO3', 'DF_NH4', 'CB1_XFRC', 'CB1_CLXF', 'NO2_XFRC', 'NO2_CLXF', 'SO2_XFRC', 'SO2_CLXF', 'SO4_XFRC',
  'SO4_CLXF', 'DTWR_ALKOOH', 'DTWR_BRONO2', 'DTWR_C2H5OH', 'DTWR_C2H5OOH', 'DTWR_C3H7OOH', 'DTWR_CH2O',
  'DTWR_CH3CHO', 'DTWR_CH3CN', 'DTWR_CH3COCHO', 'DTWR_CH3COOH', 'DTWR_CH3COOOH', 'DTWR_CH3OH',
  'DTWR_CH3OOH', 'DTWR_CLONO2', 'DTWR_EOOH', 'DTWR_GLYALD', 'DTWR_H2O2', 'DTWR_HBR', 'DTWR_HCL',
  'DTWR_HCN', 'DTWR_HCOOH', 'DTWR_HNO3', 'DTWR_HO2NO2', 'DTWR_HOBR', 'DTWR_HOCL', 'DTWR_HYAC',
  'DTWR_HYDRALD', 'DTWR_ISOPNO3', 'DTWR_ISOPOOH', 'DTWR_MACR', 'DTWR_MACROOH', 'DTWR_MEKOOH',
  'DTWR_MVK', 'DTWR_NH3', 'DTWR_NH_50W', 'DTWR_ONIT', 'DTWR_ONITR', 'DTWR_POOH', 'DTWR_ROOH', 'DTWR_SO2',
  'DTWR_SO2t', 'DTWR_TERPOOH', 'DTWR_TOLOOH', 'DTWR_XOOH', 'DF_CH3OOH', 'DF_CH2O', 'DF_CO', 'DF_H2O2',
  'DF_CH3COOOH', 'DF_PAN', 'DF_MPAN', 'DF_C2H5OOH', 'DF_ONIT', 'DF_ONITR', 'DF_MACROOH', 'DF_POOH',
  'DF_C3H7OOH', 'DF_ROOH', 'DF_CH3COCHO', 'DF_CH3COCH3', 'DF_XOOH', 'DF_ISOPOOH', 'DF_CH3OH', 'DF_C2H5OH',
  'DF_CH3CHO', 'DF_EOOH', 'DF_GLYALD', 'DF_HYAC', 'DF_HYDRALD', 'DF_ALKOOH', 'DF_BENZENE', 'DF_XYLENE',
  'DF_MEKOOH', 'DF_TOLOOH', 'DF_TERPOOH', 'DF_CH3COOH', 'DF_HCN', 'DF_CH3CN', 'DF_HCOOH', 'DF_NO2',
  'DF_HNO3', 'DF_NO', 'DF_HO2NO2', 'DF_DST01', 'DF_DST02', 'DF_DST03', 'DF_DST04', 'DF_SSLT01', 'DF_SSLT02',
  'DF_SSLT03', 'DF_SSLT04', 'DF_NOY', 'DF_SOX', 'DF_NHX', 'jo3_a', 'jo3_b', 'jno2', 'r_jo2_b', 'r_jo3_a',
  'r_jo3_b', 'r_O_O', 'r_O_O3', 'r_H_O3', 'r_HO2_O', 'r_HO2_O3', 'r_OH_O3', 'r_OH_O', 'r_O1D_H2O', 'r_jh2o_a',
  'r_jh2o_b', 'r_jh2o_c', 'r_jno3_b', 'r_NO2_O', 'r_jhno3', 'r_NO2_OH', 'r_jno2', 'r_N_NO', 'r_N_O2',
  'r_jn2o', 'r_O1D_N2Oa', 'r_O1D_N2Ob', 'r_N_NO2a', 'r_jcl2o2', 'r_CL2O2_M', 'r_CLO_CLO_M', 'r_jhocl',
  'r_CLO_CLO_M', 'r_CLO_CLOa', 'r_CLO_CLOb', 'r_CLO_CLOc', 'r_CLO_O', 'r_CLO_HO2', 'r_BRO_CLOa',
  'r_BRO_CLOb', 'r_BRO_CLOc', 'r_BRO_O', 'r_BRO_HO2', 'r_BRO_BRO', 'r_jhocl', 'r_jch4_a', 'r_jch4_b',
  'r_O1D_CH4a', 'r_O1D_CH4b', 'r_O1D_CH4c', 'r_CL_CH4', 'r_CH4_OH', 'r_jco2', 'r_CO_OH_M', 'r_CO_OH_b',
  'r_SO2_OH', 'r_DMS_OH', 'r_HCN_OH', 'r_CH3CN_OH', 'r_O1D_HCN', 'r_NO_HO2', 'r_CH3O2_NO', 'r_RO2_NO',
  'r_RO2_HO2', 'r_RO2_CH3O2', 'r_EO2_NO', 'r_C2H5O2_NO', 'r_CH3CO3_NO', 'C3H7O2_NO', 'r_PO2_NO',
  'r_ENEO2_NO', 'r_MEKO2_NO', 'r_MACRO2_NOa', 'r_MACRO2_NOb', 'r_MCO3_NO', 'r_ISOPO2_NO', 'r_ALKO2_NO',
  'r_XO2_NO', 'r_TOLO2_NO', 'r_TERPO2_NO', 'r_C2H4_O3', 'r_C3H6_O3', 'r_MVK_O3', 'r_MACR_O3', 'r_ISOP_O3',
  'r_C10H16_O3', 'r_jch3cl', 'r_jch3ccl3', 'r_jccl4', 'r_jcfcl3', 'r_jcf2cl2', 'r_jcfc113', 'r_jcfc114',
  'r_jcfc115', 'r_jhcfc22', 'r_jhcfc141b', 'r_jhcfc142b', 'r_jch3br', 'r_jcf3br', 'r_jcf2clbr',
  'r_jh2402', 'r_jh1202', 'r_jch2br2', 'r_jchbr3', 'r_O1D_CFC11', 'r_O1D_CFC12', 'r_O1D_CF2CLBR',
  'r_O1D_CF3BR', 'r_O1D_CFC113', 'r_O1D_CFC114', 'r_O1D_CFC115', 'r_O1D_HCFC22', 'r_O1D_HCFC141B',
  'r_O1D_HCFC142B', 'r_O1D_CH3BR', 'r_O1D_H1202', 'r_O1D_H2402', 'r_O1D_CH2BR2', 'r_O1D_CHBR3',
  'r_CH3CL_OH', 'r_CH3BR_OH', 'r_HCFC141B_OH', 'r_HCFC142B_OH', 'r_CH2BR2_OH', 'r_CHBR3_OH',
  'r_CH3CCL3_OH', 'r_CH3CL_CL', 'r_CH3BR_CL', 'r_CH2BR2_CL', 'r_CHBR3_CL', 'r_HCFC22_OH', 'r_het1',
  'r_het2', 'r_het3', 'r_het4', 'r_het5', 'r_het6', 'r_het7', 'r_het8', 'r_het9', 'r_het10', 'r_het11',
  'r_het12', 'r_het13', 'r_het14', 'r_het15', 'r_het16', 'r_het17', 'r_N2O5_aer', 'r_NO3_aer', 'r_NO2_aer',
  'r_HO2_aer', 'MASS', 'DO3CHM', 'DO3CHM_TRP', 'DO3CHM_LMS', 'DCOCHM', 'DHNO3CHM', 'DH2O2CHM', 'OH_CHMP',
  'OH_CHML', 'O1D_CHMP', 'SO4_CHMP', 'r_CH3OOH_OH', 'r_C2H5OOH_OH', 'r_C2H2_OH_M', 'r_POOH_OH',
  'r_XOOH_OH', 'r_MACROOH_OH', 'H_PEROX_CHMP', 'RO2_NO_sum', 'RO2_NO3_sum', 'RO2_HO2_sum',
  'RO2_RO2_sum', 'RCO2_NO2_sum', 'O3_Prod', 'O3_Loss', 'O3_CHMP', 'O3_CHML', 'H2O2_CHML', 'H2O2_CHMP',
  'CLONO2_CHML', 'CLONO2_CHMP', 'HCL_CHML', 'HCL_CHMP', 'HNO3_CHML', 'HNO3_CHMP', 'PAN_CHMP', 'PAN_CHML',
  'H2O_CHML', 'CH4_CHML', 'HCN_CHML', 'CO_CHMP', 'CO_CHML', 'CO2_CHML', 'N2O_CHML', 'CH3CL_CHML',
  'CCL4_CHML', 'CH3CCL3_CHML', 'CFC11_CHML', 'CFC12_CHML', 'CFC113_CHML', 'CFC114_CHML', 'CFC115_CHML',
  'HCFC22_CHML', 'HCFC141B_CHML', 'HCFC142B_CHML', 'CH3BR_CHML', 'CHBR3_CHML', 'CH2BR2_CHML',
  'CF3BR_CHML', 'CF2CLBR_CHML', 'H1202_CHML', 'H2402_CHML', 'OddOx_Ox_Loss', 'OddOx_HOx_Loss',
  'OddOx_NOx_Loss', 'OddOx_CLOxBROx_Loss', 'OddOx_Loss_Tot', 'SOAMSFWET', 'SOAM', 'SOAI', 'SOAT', 'SOAB',
  'SOAX', 'TMSOAM', 'TMSOAI', 'TMSOAT', 'TMSOAB', 'TMSOAX', 'SOGM', 'SOGI', 'SOGT', 'SOGB', 'SOGX', 'TMSOGM',
  'TMSOGI', 'TMSOGT', 'TMSOGB', 'TMSOGX', 'SOAM', 'SOAM_PROD', 'SOAI_PROD', 'SOAT_PROD', 'SOAB_PROD',
  'SOAX_PROD', 'SOAI_dens', 'SOAT_dens', 'SOAB_dens', 'SOAX_dens', 'SOAM_dens'
</fincl1>
<fincl2>
  'PS', 'PHIS', 'SZA', 'Z3', 'T', 'U', 'V', 'OMEGA', 'CLOUD', 'CLDLIQ', 'CLDICE', 'ASDIR', 'FLNT', 'PSL', 'FSDS', 'FSDSC',
  'CONCLD', 'SNOWHLND', 'SNOWHICE', 'TROP_Z', 'TROP_T', 'TROP_P', 'DTCOND', 'DTV', 'QRS_TOT', 'QRL_TOT', 'CH4',
  'N2O', 'CFC11', 'CFC12', 'CH3CL', 'CH3BR', 'AOA1', 'AOA2', 'SF6', 'SF6em', 'O3S', 'E90', 'E90_NH', 'E90_SH', 'CO2',
  'CO', 'CH2O', 'CH3OOH', 'C2H6', 'C2H2', 'HCN', 'O', 'O1D', 'O3', 'H', 'OH', 'HO2', 'H2O2', 'H2', 'H2O', 'TOTH', 'N', 'NO',
  'NO2', 'NO3', 'N2O5', 'HNO3', 'HNO3_TOTAL', 'HNO3_STS', 'HNO3_NAT', 'HNO3_GAS', 'HO2NO2', 'PAN', 'NOY', 'CL',
  'CLO', 'OCLO', 'CL2', 'CL2O2', 'HOCL', 'CLONO2', 'HCL', 'HCL_TOTAL', 'HCL_GAS', 'HCL_STS', 'CLOX', 'CLOY', 'TCLY',
  'BR', 'BRO', 'HOBR', 'HBR', 'BRCL', 'BRONO2', 'BROY', 'TBRY', 'SAD', 'SAD_TROP', 'SAD_SULFC', 'SAD_LNAT',
  'SAD_ICE', 'RAD_SULFC', 'RAD_LNAT', 'RAD_ICE', 'VEL_NAT2', 'jo2_b', 'jo3_a', 'jo3_b', 'jcl2o2', 'jno2',
  'r_jo2_b', 'r_jo3_a', 'r_jo3_b', 'r_jcl2o2', 'r_jhocl', 'r_jno3_b', 'r_O_O', 'r_O_O3', 'r_NO2_O', 'r_H_O3',
  'r_HO2_O', 'r_HO2_O3', 'r_OH_O3', 'r_OH_O', 'r_CLO_O', 'r_CLO_HO2', 'r_BRO_CLOa', 'r_BRO_CLOb',
  'r_BRO_CLOc', 'r_BRO_O', 'r_BRO_HO2', 'r_BRO_BRO', 'r_CLO_CLOa', 'r_CLO_CLOb', 'r_CLO_CLOc',
  'r_O1D_H2O', 'r_CO_OH_M', 'r_CO_OH_b', 'r_CLO_CLO_M', 'r_N2O5_aer', 'r_NO3_aer', 'r_NO2_aer',
  'r_SO2_OH', 'r_DMS_OH', 'r_HO2_aer', 'r_het1', 'r_het4', 'r_het7', 'r_het9', 'r_het12', 'r_het15', 'MASS',
  'DO3CHM', 'DCOCHM', 'CO_CHMP', 'CO_CHML', 'CLONO2_CHML', 'CLONO2_CHMP', 'HCL_CHML', 'HCL_CHMP',
  'HNO3_CHML', 'HNO3_CHMP', 'r_jco2', 'CO2_CHMP', 'CO2_CHML', 'OddOx_Ox_Loss', 'OddOx_HOx_Loss',
  'OddOx_NOx_Loss', 'OddOx_CLOxBROx_Loss', 'OddOx_Loss_Tot', 'O3_Prod', 'O3_Loss', 'O3_CHMP', 'O3_CHML'
</fincl2>
<fincl3>
  'OMEGA', 'T', 'TS', 'TSMN', 'TSMX', 'PRECT', 'FSDS', 'FSDSC', 'PS', 'DST01_SRF', 'DST02_SRF', 'DST03_SRF',
  'DST04_SRF', 'SSLT01_SRF', 'SSLT02_SRF', 'SSLT03_SRF', 'SSLT04_SRF', 'OC1_SRF', 'OC2_SRF', 'ODV_SO4',
  'ODV_DST01', 'ODV_DST02', 'ODV_DST03', 'ODV_DST04', 'ODV_CB1', 'ODV_CB2', 'ODV_OC1', 'ODV_OC2',
  'ODV_SSLTA', 'ODV_SSLTC', 'O3_SRF', 'NO2_SRF', 'PM25_SRF', 'TS', 'PBLH', 'PRECT', 'U_SRF', 'V_SRF', 'NO_SRF',
  'NOY_SRF', 'CO_SRF', 'OH_SRF', 'ISOP_SRF', 'PM25_SRF'
</fincl3>
<fincl4>
  'PS', 'PHIS', 'PSL', 'U', 'V', 'T', 'Z3', 'PHIS', 'FRONTGF:I', 'FSDS', 'OMEGA', 'UTGWORO', 'UTGWSPEC', 'BUTGWSPEC'
</fincl4>
<fincl5>
  'MSKtem','PHIS','PS','PSL','VTH2d','UV2d','UW2d','U2d','V2d','TH2d','W2d'
</fincl5>
<fincl6>
  'PS', 'PHIS', 'SZA', 'Z3', 'TROP_Z', 'TROP_T', 'TROP_P', 'T', 'U', 'V', 'N2O', 'H2O', 'O3', 'HNO3_GAS', 'HCL_GAS',
  'CLOX', 'BROX', 'MASS', 'DO3CHM', 'DO3CHM_TRP', 'DO3CHM_LMS', 'O3_Prod', 'O3_Loss', 'SAD_SULFC', 'HORZ',
  'VERT', 'DTCOND', 'DTV', 'QRS_TOT', 'QRL_TOT', 'DTCOND_24_SIN', 'DTCOND_24_COS', 'DTCOND_12_SIN',
  'DTCOND_12_COS', 'QRS_TOT_12_COS', 'QRS_TOT_12_SIN', 'QRS_TOT_24_COS', 'QRS_TOT_24_SIN', 'U010',
  'U850', 'V850', 'T1000', 'T010', 'TS', 'Z500', 'Z1000', 'FSDS', 'FSDSC', 'PRECT','CLO','CL2O2','BRO'
</fincl6>
<fincl7>
  'PS', 'PHIS', 'SZA', 'Z3', 'T', 'U', 'V', 'TROP_Z', 'TROP_T', 'TROP_P', 'O3', 'H2O', 'NOY', 'NO2', 'HNO3', 'CO', 'HCL',
  'CLOY', 'TCLY', 'BROY', 'TBRY', 'CCL4', 'CF2CLBR', 'CF3BR', 'CFC11', 'CFC113', 'CFC12', 'CH3BR', 'CH3CCL3',
  'CH3CL', 'CH4', 'CO2', 'H2', 'HCFC22', 'N2O', 'CFC114', 'CFC115', 'HCFC141B', 'HCFC142B', 'CH2BR2', 'CHBR3',
  'H1202', 'H2402', 'AOA1', 'AOA2', 'SF6', 'SF6em', 'NH_5', 'NH_50', 'NH_50W', 'AOA_NH', 'ST80_25', 'O3S', 'CO_25',
  'CO_50', 'SO2t', 'E90', 'E90_NH', 'E90_SH', 'OddOx_Ox_Loss', 'OddOx_HOx_Loss', 'OddOx_NOx_Loss',
  'OddOx_CLOxBROx_Loss', 'OddOx_Loss_Tot', 'O3_Prod', 'O3_Loss', 'O3_CHMP', 'O3_CHML', 'RO2_NO_sum',
  'RO2_HO2_sum', 'MASS', 'DO3CHM', 'DO3CHM_TRP', 'DO3CHM_LMS', 'SAD', 'SAD_TROP', 'SAD_SULFC', 'SAD_LNAT',
  'SAD_ICE'
</fincl7>
<fincl8>
  'PS', 'O3_SRF', 'NO2_SRF', 'PM25_SRF', 'TS', 'PBLH', 'CLDTOT', 'PRECT', 'U_SRF', 'V_SRF', 'NO_SRF', 'NOY_SRF',
  'CO_SRF', 'OH_SRF', 'ISOP_SRF'
</fincl8>
<fincl9>
  'PS', 'PSL', 'Z3', 'T', 'PHIS', 'O3', 'CO', 'NO2', 'RAD_SULFC', 'H2SO4M_C', 'SAD', 'VOLC_MMR', 'VOLC_DENS',
  'VOLC_RAD_GEOM ', 'ODV_VOLC_MMR', 'VOLC_MASS', 'VOLC_MASS_C', 'ODV_DST01', 'ODV_DST02', 'ODV_DST03',
  'ODV_DST04', 'ODV_CB1', 'ODV_CB2', 'ODV_OC1', 'ODV_OC2', 'GLYOXAL', 'CH2O', 'NH3', 'CH3OH'
</fincl9>
<fincl10>
  'PS', 'PSL', 'Z3', 'T', 'PHIS', 'O3', 'CO', 'NO2', 'RAD_SULFC', 'H2SO4M_C', 'SAD', 'VOLC_MMR', 'VOLC_DENS',
  'VOLC_RAD_GEOM ', 'ODV_VOLC_MMR', 'VOLC_MASS', 'VOLC_MASS_C', 'ODV_DST01', 'ODV_DST02', 'ODV_DST03',
  'ODV_DST04', 'ODV_CB1', 'ODV_CB2', 'ODV_OC1', 'ODV_OC2', 'GLYOXAL', 'CH2O', 'NH3', 'CH3OH'
</fincl10>

<sathist_track_infile>atm/waccm/sat/sat_hist_19700410-20130224_c20130329.nc</sathist_track_infile>
<sathist_mfilt>100000</sathist_mfilt>
<sathist_nclosest>1</sathist_nclosest>
<sathist_fincl>
  'PS', 'PHIS', 'Z3', 'T', 'U', 'V', 'CLOUD', 'CLDLIQ', 'CLDICE', 'ASDIR', 'SZA',
  'H2O', 'CO2', 'N2O', 'CH4', 'SF6', 'SO2',
  'CFC11', 'CFC12', 'HCFC22', 'HCFC141B', 'HCFC142B',  'CFC113',
  'CH3CN', 'HCN', 'CO', 'CH2O','C2H2', 'C2H4', 'C2H6', 'CH3OH', 'HCOOH', 'CH3COCH3',
  'O', 'O1D', 'O3', 'H', 'OH', 'HO2', 'H2O2',
  'NO', 'NO2', 'HNO3_GAS', 'HNO3_STS', 'HNO3_NAT',  'N2O5', 'HO2NO2', 'NOY',
  'CLO', 'HOCL', 'CL2', 'CL2O2', 'CLONO2', 'HCL_GAS', 'HCL_STS', 'CLOY',
  'BRO', 'HOBR', 'BRCL', 'BRONO2', 'BROY',
  'SAD_ICE', 'SAD_LNAT', 'SAD_SULFC', 'SAD_TROP','RAD_SULFC', 'H2SO4M_C', 'SAD', 
  'VOLC_MMR', 'VOLC_DENS', 'VOLC_RAD_GEOM ', 'VOLC_MASS', 'VOLC_MASS_C',
  'ODV_VOLC_MMR', 'ODV_DST01', 'ODV_DST02', 'ODV_DST03', 'ODV_DST04', 'ODV_CB1', 'ODV_CB2', 'ODV_OC1', 'ODV_OC2' 
 </sathist_fincl>

 
<rxn_rate_sums> 
  'O3_Prod = NO_HO2 + CH3O2_NO + PO2_NO + CH3CO3_NO + C2H5O2_NO + .92*ISOPO2_NO + MACRO2_NOa + MCO3_NO + C3H7O2_NO + RO2_NO + XO2_NO + .9*TOLO2_NO + TERPO2_NO + .9*ALKO2_NO + ENEO2_NO + EO2_NO + MEKO2_NO + 0.4*ONITR_OH + jonitr',
  'O3_Loss = O1D_H2O + OH_O3 + HO2_O3 + C3H6_O3 + .9*ISOP_O3 + C2H4_O3 + .8*MVK_O3 + 0.8*MACR_O3 + C10H16_O3',
  'RO2_NO_sum  = NO_HO2 + CH3O2_NO + HOCH2OO_NO + EO2_NO + C2H5O2_NO + CH3CO3_NO + C3H7O2_NO + PO2_NO + RO2_NO + EO2_NO + MEKO2_NO + MACRO2_NOa + MACRO2_NOb + MCO3_NO + ISOPO2_NO + ALKO2_NO + XO2_NO + TOLO2_NO + TERPO2_NO',
  'RO2_NO3_sum = NO3_HO2 + MACRO2_NO3 + MCO3_NO3 + ISOPO2_NO3 + XO2_NO3',
  'RO2_HO2_sum = CH3O2_HO2 + HOCH2OO_HO2 + EO2_HO2 + C2H5O2_HO2 + CH3CO3_HO2 + C3H7O2_HO2 + PO2_HO2 + RO2_HO2 + MEKO2_HO2 + MACRO2_HO2 + MCO3_HO2 + ISOPO2_HO2 + ALKO2_HO2 + XO2_HO2 + TOLO2_HO2 + TERPO2_HO2',
  'RO2_RO2_sum = CH3O2_CH3O2a + CH3O2_CH3O2b + C2H5O2_CH3O2 + C2H5O2_C2H5O2 + CH3CO3_CH3O2 + CH3CO3_CH3CO3 + CH3H7O2_CH3O2 + RO2_CH3O2 + MACRO2_CH3O2 + MACRO2_CH3CO3 + MCO3_CH3O2 + MCO3_CH3CO3 + MCO3_MCO3 + ISOPO2_CH3O2 + ISOPO2_CH3CO3 + XO2_CH3O2 + XO2_CH3CO3',
  'RCO2_NO2_sum= CH3CO3_NO2 + MCO3_NO2', 'OddOx_Ox_Loss  = 2.0*O_O3 + O1D_H2O',
  'OddOx_HOx_Loss = HO2_O + HO2_O3 + OH_O + OH_O3 + H_O3',
  'OddOx_NOx_Loss = 2.0*NO2_O + 2.0*jno3_b',
  'OddOx_CLOxBROx_Loss = 2.0*CLO_O + 2.0*jcl2o2 + 2.0*CLO_CLOa + 2.0*CLO_CLOb + 2.0*BRO_CLOb + 2.0*BRO_CLOc + 2.0*BRO_BRO + 2.0*BRO_O + CLO_HO2 + BRO_HO2',
  'OddOx_Loss_Tot = 2.0*O_O3 + O1D_H2O + HO2_O + HO2_O3 + OH_O + OH_O3 + H_O3 + 2.0*NO2_O + 2.0*jno3_b + 2.0*CLO_O + 2.0*jcl2o2 + 2.0*CLO_CLOa + 2.0*CLO_CLOb + 2.0*BRO_CLOb + 2.0*BRO_CLOc + 2.0*BRO_BRO + 2.0*BRO_O + CLO_HO2 + BRO_HO2',
</rxn_rate_sums> 

<!-- Misc Settings -->
<cldfrc_rhminl>0.90D0</cldfrc_rhminl>
<inithist>'YEARLY'</inithist>
<iradsw>-1</iradsw>
<phys_loadbalance>2</phys_loadbalance>
<aoa_read_from_ic_file>.true.</aoa_read_from_ic_file>
 
<do_circulation_diags>.true.</do_circulation_diags>
<gas_wetdep_method>'NEU'</gas_wetdep_method>

<cldfrc_rhminp>1.200D0</cldfrc_rhminp>

<tms_orocnst>1.0D0</tms_orocnst>
<tms_z0fac>0.100D0</tms_z0fac>   
<do_tms>.true.</do_tms>

</namelist_defaults>
