<?xml version="1.0"?>

<namelist_defaults>

<start_ymd>20050101</start_ymd>
<ncdata hgrid="1.9x2.5" >atm/cam/chem/ic/fgeos.e12_rel07_chem.FSDSSOA.f19.f19.relv1.cam.i.2006-01-01-00000_c140423.nc</ncdata>

<bnd_topo>atm/cam/met/USGS-gtopo30_1.9x2.5_phys_geos5_c100929.nc</bnd_topo>

<!-- meteorology inputs --->
<met_data_file>'2005/GEOS5.1_19x2_2005-JAN_c110728.nc'</met_data_file>
<met_data_path>atm/cam/met/GEOS5</met_data_path>
<met_filenames_list>atm/cam/met/GEOS5_filenames_list_c120516.txt</met_filenames_list>
<met_max_rlx>0.10</met_max_rlx>
<met_qflx_factor>0.84</met_qflx_factor>

<dust_emis_fact>0.64D0</dust_emis_fact>

<!-- turn on clm MEGAN VOC emis -->
<megan_specifier>
  'ISOP = isoprene',
  'C10H16 = myrcene + sabinene + limonene + carene_3 + ocimene_t_b + pinene_b + pinene_a + 2met_styrene + cymene_p + cymene_o + phellandrene_a + thujene_a + terpinene_a + terpinene_g + terpinolene + phellandrene_b + camphene + bornene + fenchene_a + ocimene_al + ocimene_c_b',
  'CH3OH = methanol', 
  'C2H5OH = ethanol', 
  'CH2O = formaldehyde',
  'CH3CHO = acetaldehyde',
  'CH3COOH = acetic_acid',
  'CH3COCH3 = acetone', 
  'HCOOH = formic_acid', 
  'HCN = hydrogen_cyanide',
  'CO = carbon_monoxide', 
  'C2H6 = ethane', 
  'C2H4 = ethene', 
  'C3H8 = propane', 
  'C3H6 = propene',
  'BIGALK = pentane + hexane + heptane + tricyclene',
  'BIGENE = butene', 
  'MEK = butanone_2',
  'TOLUENE = toluene'
</megan_specifier>
<megan_mapped_emisfctrs>.false.</megan_mapped_emisfctrs>
<megan_factors_file>'atm/cam/chem/trop_mozart/emis/megan21_emis_factors_c20130304.nc'</megan_factors_file> 

<!-- specify which species have emissions from file -->
<srf_emis_specifier>
  'BENZENE  -> $INPUTDATA_ROOT/atm/cam/chem/emis/ccmi_1960-2008/maccity_maccity_corrdates_BENZENE_SOA_1960-2008_1.9x2.5_mol_c130314.nc',
  'BIGALK   -> $INPUTDATA_ROOT/atm/cam/chem/emis/ccmi_1960-2008/maccity_maccity_corrdates_BIGALK_1960-2008_1.9x2.5_mol_c130314.nc',
  'BIGENE   -> $INPUTDATA_ROOT/atm/cam/chem/emis/ccmi_1960-2008/maccity_maccity_corrdates_BIGENE_1960-2008_1.9x2.5_mol_c130314.nc',
  'C10H16   -> $INPUTDATA_ROOT/atm/cam/chem/emis/ccmi_1960-2008/maccity_maccity_corrdates_TERPENES_woBiog_1960-2008_1.9x2.5_mol_c130314.nc',
  'ISOP     -> $INPUTDATA_ROOT/atm/cam/chem/emis/ccmi_1960-2008/maccity_maccity_corrdates_ISOPRENE_woBiog_1960-2008_1.9x2.5_mol_c130314.nc',
  'C2H2     -> $INPUTDATA_ROOT/atm/cam/chem/emis/ccmi_1960-2008/maccity_maccity_corrdates_C2H2_1960-2008_1.9x2.5_mol_c130314.nc',
  'C2H4     -> $INPUTDATA_ROOT/atm/cam/chem/emis/ccmi_1960-2008/maccity_maccity_corrdates_C2H4_woBiog_1960-2008_1.9x2.5_mol_c130314.nc',
  'C2H5OH   -> $INPUTDATA_ROOT/atm/cam/chem/emis/ccmi_1960-2008/maccity_maccity_corrdates_C2H5OH_1960-2008_1.9x2.5_mol_c130314.nc',
  'C2H6     -> $INPUTDATA_ROOT/atm/cam/chem/emis/ccmi_1960-2008/maccity_maccity_corrdates_C2H6_woBiog_1960-2008_1.9x2.5_mol_c130314.nc',
  'C3H6     -> $INPUTDATA_ROOT/atm/cam/chem/emis/ccmi_1960-2008/maccity_maccity_corrdates_C3H6_woBiog_1960-2008_1.9x2.5_mol_c130314.nc',
  'C3H8     -> $INPUTDATA_ROOT/atm/cam/chem/emis/ccmi_1960-2008/maccity_maccity_corrdates_C3H8_woBiog_1960-2008_1.9x2.5_mol_c130314.nc',
  'CB1      -> $INPUTDATA_ROOT/atm/cam/chem/emis/ccmi_1960-2008/maccity_maccity_corrdates_BC1_1960-2008_1.9x2.5_mol_c130314.nc',
  'CB2      -> $INPUTDATA_ROOT/atm/cam/chem/emis/ccmi_1960-2008/maccity_maccity_corrdates_BC2_1960-2008_1.9x2.5_mol_c130314.nc',
  'CH2O     -> $INPUTDATA_ROOT/atm/cam/chem/emis/ccmi_1960-2008/maccity_maccity_corrdates_CH2O_woBiog_1960-2008_1.9x2.5_mol_c130314.nc',
  'CH3CHO   -> $INPUTDATA_ROOT/atm/cam/chem/emis/ccmi_1960-2008/maccity_maccity_corrdates_CH3CHO_woBiog_1960-2008_1.9x2.5_mol_c130314.nc',
  'CH3CN    -> $INPUTDATA_ROOT/atm/cam/chem/emis/ccmi_1960-2008/maccity_maccity_corrdates_CH3CN_1960-2008_1.9x2.5_mol_c130314.nc',
  'CH3COCH3 -> $INPUTDATA_ROOT/atm/cam/chem/emis/ccmi_1960-2008/maccity_maccity_corrdates_CH3COCH3_woBiog_1960-2008_1.9x2.5_mol_c130314.nc',
  'CH3COOH  -> $INPUTDATA_ROOT/atm/cam/chem/emis/ccmi_1960-2008/maccity_maccity_corrdates_CH3COOH_1960-2008_1.9x2.5_mol_c130314.nc',
  'CH3OH    -> $INPUTDATA_ROOT/atm/cam/chem/emis/ccmi_1960-2008/maccity_maccity_corrdates_CH3OH_woBiog_1960-2008_1.9x2.5_mol_c130314.nc',
  'CO       -> $INPUTDATA_ROOT/atm/cam/chem/emis/ccmi_1960-2008/maccity_maccity_corrdates_CO_woBiog_1960-2008_1.9x2.5_mol_c130314.nc',
  'DMS      -> $INPUTDATA_ROOT/atm/cam/chem/emis/ccmi_1960-2008/IPCC_emissions_DMS_surface_1850-2100_1.9x2.5_c130314.nc',
  'HCN      -> $INPUTDATA_ROOT/atm/cam/chem/emis/ccmi_1960-2008/maccity_maccity_corrdates_HCN_1960-2008_1.9x2.5_mol_c130314.nc',
  'HCOOH    -> $INPUTDATA_ROOT/atm/cam/chem/emis/ccmi_1960-2008/maccity_maccity_corrdates_HCOOH_1960-2008_1.9x2.5_mol_c130314.nc',
  'MEK      -> $INPUTDATA_ROOT/atm/cam/chem/emis/ccmi_1960-2008/maccity_maccity_corrdates_MEK_woBiog_1960-2008_1.9x2.5_mol_c130314.nc',
  'NH3      -> $INPUTDATA_ROOT/atm/cam/chem/emis/ccmi_1960-2008/maccity_maccity_corrdates_NH3_1960-2008_1.9x2.5_mol_c130314.nc',
  'NO       -> $INPUTDATA_ROOT/atm/cam/chem/emis/ccmi_1960-2008/maccity_maccity_corrdates_NO_1960-2008_1.9x2.5_mol_c130314.nc',
  'OC1      -> $INPUTDATA_ROOT/atm/cam/chem/emis/ccmi_1960-2008/maccity_maccity_corrdates_OC1_1960-2008_1.9x2.5_mol_c130314.nc',
  'OC2      -> $INPUTDATA_ROOT/atm/cam/chem/emis/ccmi_1960-2008/maccity_maccity_corrdates_OC2_1960-2008_1.9x2.5_mol_c130314.nc',
  'SO2      -> $INPUTDATA_ROOT/atm/cam/chem/emis/ccmi_1960-2008/maccity_maccity_corrdates_SO2_1960-2008_1.9x2.5_mol_c130314.nc',
  'TOLUENE  -> $INPUTDATA_ROOT/atm/cam/chem/emis/ccmi_1960-2008/maccity_maccity_corrdates_TOLUENE_SOA_1960-2008_1.9x2.5_mol_c130314.nc',
  'XYLENE   -> $INPUTDATA_ROOT/atm/cam/chem/emis/ccmi_1960-2008/maccity_maccity_corrdates_XYLENE_SOA_1960-2008_1.9x2.5_mol_c130314.nc',
</srf_emis_specifier>
<srf_emis_type>INTERP_MISSING_MONTHS</srf_emis_type>

<ext_frc_type>INTERP_MISSING_MONTHS</ext_frc_type>
<ext_frc_specifier>
  'CB1 -> $INPUTDATA_ROOT/atm/cam/chem/emis/ccmi_1960-2008/CCMI_emissions_aircraft_BC_1850-2100_1.9x2.5_c130314.nc',
  'NO2 -> $INPUTDATA_ROOT/atm/cam/chem/emis/ccmi_1960-2008/CCMI_emissions_aircraft_NO2_1850-2100_1.9x2.5_c130314.nc',
  'SO2 -> $INPUTDATA_ROOT/atm/cam/chem/emis/ccmi_1960-2008/IPCC_emissions_volc_SO2_1850-2100_1.9x2.5_c130426.nc',
  'SO4 -> $INPUTDATA_ROOT/atm/cam/chem/emis/ccmi_1960-2008/IPCC_emissions_volc_SO4_1850-2100_1.9x2.5_c130426.nc'
</ext_frc_specifier>

<gas_wetdep_method>'NEU'</gas_wetdep_method>

<lght_no_prd_factor>1.5</lght_no_prd_factor>

<do_circulation_diags>.true.</do_circulation_diags>

<solar_data_file>atm/cam/solar/spectral_irradiance_Lean_1978-2014_daily_GOME-Mg_Leap_c140412.nc</solar_data_file>
<solar_htng_spctrl_scl>.true.</solar_htng_spctrl_scl>
<solar_data_type>'SERIAL'</solar_data_type>

<do_tms>.true.</do_tms>

<sad_file>'atm/waccm/sulf/SAD_SULF_1950-2011_1.9x2.5_c130102.nc'</sad_file>
<sad_type>'SERIAL'</sad_type>
<strat_aero_feedback>.true.</strat_aero_feedback>
<prescribed_strataero_type>SERIAL</prescribed_strataero_type>
<prescribed_strataero_datapath>atm/waccm/sulf</prescribed_strataero_datapath>
<prescribed_strataero_file>CESM_1949_2100_sad_V2_c130627.nc</prescribed_strataero_file>

<flbc_file>'atm/waccm/lb/LBC_1765-2500_1.9x2.5_CMIP5_RCP45_za_c120127.nc'</flbc_file>
<flbc_list>
 'CCL4', 'CF2CLBR', 'CF3BR', 'CFC11', 'CFC113', 'CFC114', 'CFC115', 'CFC12', 'CH3BR', 'CH3CCL3', 'CH3CL', 'CH4',
 'CO2', 'H2', 'HCFC22', 'HCFC141B', 'HCFC142B', 'CH2BR2', 'CHBR3', 'H1202', 'H2402', 'N2O'
</flbc_list>
<flbc_type>'SERIAL'</flbc_type>

<avgflag_pertape> 'A' </avgflag_pertape>
<mfilt>  1  </mfilt>  
<nhtfrq> 0 </nhtfrq>
<fincl1>
         'AEROD_v', 'AOA1', 'AOA2', 'BR', 'BRCL', 'BRO', 'BRONO2', 'CCL4', 'CF2CLBR', 'CF3BR', 'CFC11',
         'CFC113', 'CFC12', 'CH2O', 'CH3BR', 'CH3CCL3', 'CH3CL', 'CH3O2', 'CH3OOH', 'CH4', 'CL', 'CL2',
         'CL2O2', 'CLDHGH', 'CLDLOW', 'CLDMED', 'CLDTOT', 'CLO', 'CLONO2', 'CLOUD', 'CO', 'CO2', 'FLNS',
         'FLNSC', 'FLNT', 'FLNTC', 'FSDS', 'FSNS', 'FSNSC', 'FSNT', 'FSNTC', 'H', 'H2', 'H2O',
         'H2O2', 'HBR', 'HCFC22', 'HCL', 'HNO3_GAS', 'HNO3_STS', 'HNO3_NAT', 'VEL_NAT2', 'HNO3', 'HO2', 'HO2NO2',
         'HOBR', 'HOCL', 'LANDFRAC', 'LHFLX', 'N', 'N2O', 'N2O5', 'NO', 'NO2', 'NO3', 'O',
         'O1D', 'O3', 'OCLO', 'OCNFRAC', 'OH', 'OMEGA', 'PHIS', 'PRECC', 'PRECL', 'PS', 'Q',
         'QRL', 'QRS', 'RELHUM', 'SHFLX', 'SOLIN', 'SWCF', 'SAD_ICE', 'SAD_LNAT', 'SAD_TROP', 'T',
         'U', 'V', 'Z3', 'NOX', 'NOY', 'CLOX', 'CLOY', 'BROX', 'BROY', 'TCLY', 'TOTH',
         'CLDLIQ', 'CLDICE', 'CONCLD', 'SNOWHLND', 'SNOWHICE', 'ICEFRAC', 'FSDSC', 'C2H4', 'C2H6', 'C2H5O2', 'C2H5OOH',
         'CH3CO3', 'CH3COOH', 'CH3CHO', 'C2H5OH', 'GLYALD', 'GLYOXAL', 'CH3COOOH', 'EO2', 'EO', 'PAN', 'C3H6',
         'C3H8', 'C3H7O2', 'C3H7OOH', 'CH3COCH3', 'PO2', 'POOH', 'HYAC', 'RO2', 'CH3COCHO', 'ROOH', 'BIGENE',
         'BIGALK', 'MEK', 'ENEO2', 'MEKO2', 'MEKOOH', 'MCO3', 'MVK', 'MACR', 'MACRO2', 'MACROOH', 'MPAN',
         'ONIT', 'ISOP', 'ALKO2', 'ALKOOH', 'BIGALD', 'HYDRALD', 'ISOPO2', 'ISOPNO3', 'ONITR', 'XO2', 'XOOH',
         'CH3CN', 'ISOPOOH', 'TOLUENE', 'CRESOL', 'TOLO2', 'TOLOOH', 'XOH', 'C10H16', 'TERPO2', 'TERPOOH', 'HCN',
         'RAD_ICE', 'RAD_LNAT', 'RAD_SULFC', 'H2SO4M_C', 'SAD_SULFC', 'C2H2', 'HCOOH', 'HOCH2OO', 'BENZENE',
         'XYLENE', 'LNO_PROD', 'LNO_COL_PROD', 'OC1', 'OC2', 'CB1', 'CB2', 'SO2', 'SO4', 'NH4', 'NH4NO3',
         'DMS', 'EOOH', 'SFO3', 'SFISOP', 'SFC10H16', 'SFCH3OH', 'SFC2H5OH', 'SFCH3CHO', 'SFMEK', 'SFHCN', 'SFCH3CN',
         'SFCH2O', 'SFC2H6', 'SFC3H8', 'SFC2H4', 'SFC3H6', 'SFCH3COCH3', 'SFBIGALK', 'SFBIGENE', 'SFTOLUENE', 'SFCO', 'SFNO',
         'SFNO2', 'SFCH2O', 'SFC2H2', 'SFHCOOH', 'SFCH3COCHO', 'SFCH3COOH', 'SFCH3COCH3', 'SFCH3OH', 'SFDMS', 'SFMEK', 'SFNH3',
         'SFCB1', 'CB1_CLXF', 'SFCB2', 'SFOC1', 'SFOC2', 'SFSO2', 'SFBENZENE', 'SFXYLENE', 'SFSSLT01', 'SFSSLT02', 'SFSSLT03',
         'SFSSLT04', 'SFDST01', 'SFDST02', 'SFDST03', 'SFDST04', 'SFSO4', 'SO4_CHMP', 'SO4_CHML', 'DSO4CHM', 'DTWR_SO2', 'DF_O3',
         'DF_DST01', 'DF_DST02', 'DF_DST03', 'DF_DST04', 'DF_SSLT01', 'DF_SSLT02', 'DF_SSLT03', 'DF_SSLT04', 'DF_OC1', 'DF_OC2', 'DO3CHM',
         'DCOCHM', 'O3_CHMP', 'O3_CHML', 'DF_SOAM', 'DF_SOAI', 'DF_SOAT', 'DF_SOAB', 'DF_SOAX', 'DF_SO4', 'CH4_CHML', 'CO_CHMP',
         'CO_CHML', 'CO2_CHML', 'CB2SFWET', 'OC2SFWET', 'OC2WET', 'SO4SFWET', 'SOAISFWET', 'SOATSFWET', 'SOABSFWET', 'SOAXSFWET', 'SOAMSFWET',
         'jno2', 'jpan', 'jh2o2', 'jo3_a', 'DST02', 'DST03', 'DST04', 'ODV_SO4', 'SSLT01', 'SSLT02', 'SSLT03',
         'ODV_DST01', 'ODV_DST02', 'ODV_DST03', 'ODV_DST04', 'ODV_CB1', 'ODV_CB2', 'ODV_OC1', 'ODV_OC2', 'DST01', 'ODV_SSLTA', 'ODV_SSLTC',
         'a2x_DSTWET1', 'a2x_DSTWET2', 'a2x_DSTWET3', 'a2x_DSTWET4', 'SSLT04', 'SSLT01WET', 'SSLT02WET', 'SSLT03WET', 'SSLT04WET', 'SOAM', 'DF_DST01',
         'DF_DST02', 'DF_DST03', 'DF_DST04', 'DF_SSLT01', 'DF_SSLT02', 'DF_SSLT03', 'DF_SSLT04', 'SOAI', 'SOAT', 'SOAB', 'SOAX',
         'SOGM', 'SOGI', 'SOGT', 'SOGB', 'SOGX', 'SOAM', 'SOAM_PROD', 'SOAI_PROD', 'SOAT_PROD', 'SOAB_PROD', 'SOAX_PROD',
         'VOLC_MMR', 'VOLC_DENS', 'VOLC_RAD_GEOM ', 'ODV_VOLC_MMR', 'VOLC_MASS', 'VOLC_MASS_C', 
</fincl1>

<cosp_amwg> .true. </cosp_amwg>

</namelist_defaults>
