<?xml version="1.0"?>

<namelist_defaults>

<start_ymd>00010101</start_ymd>

<!-- Solar data from Lean (via Caspar Ammann) -->
<solar_data_file>atm/cam/solar/spectral_irradiance_Lean_1610-2009_ann_c100405.nc</solar_data_file>
<solar_data_ymd>20000101</solar_data_ymd>
<solar_data_type>FIXED</solar_data_type>

<!-- Prescribed BAM data is from Jean-Francois Lamarque -->
<prescribed_aero_datapath>atm/cam/chem/trop_mozart_aero/aero</prescribed_aero_datapath>
<prescribed_aero_file>aero_1.9x2.5_L26_1850-2005_c091112.nc</prescribed_aero_file>
<prescribed_aero_type>CYCLICAL</prescribed_aero_type>
<prescribed_aero_cycle_yr>2000</prescribed_aero_cycle_yr>

<restart_option> yearly </restart_option>

<!-- cam_inparm -->

<nsplit dyn="fv" >8</nsplit>
<phys_loadbalance dyn="fv" >2</phys_loadbalance>

<!-- cloud tuning factor -->
<cldfrc_rhminl>0.90D0</cldfrc_rhminl>

<!-- Flags -->

<print_energy_errors>.false.</print_energy_errors>
<iradsw>-1</iradsw>

<!-- Yaga's GW Drag file -->
<gw_drag_file>atm/waccm/gw/newmfspectra40_dc25.nc</gw_drag_file>

<!--Species IC -->
<ncdata dyn="fv"  hgrid="1.9x2.5" >atm/waccm/ic/f2000.e10r02.2deg.waccm.005.cam2.i.0017-01-01-00000.nc</ncdata>
<ncdata dyn="fv"  hgrid="4x5"     >atm/waccm/ic/f40.2000.track1.4deg.001.cam2.i.0013-01-01-00000.nc</ncdata>
<ncdata dyn="fv"  hgrid="4x5"     chem="waccm_mozart_sulfur">atm/waccm/ic/f40.2000.4deg.wcm.carma.sulf.004.cam2.i.0008-01-01-00000.nc</ncdata>

<!-- Deposition Velocities : DEFAULTS okay -->

<!-- Emissions DEFAULTS OKAY for: airpl_emis_file,ch2o_emis_file,co_emis_file,nox_emis_file-->

<!-- LBC, UBC Files -->
<flbc_file>atm/waccm/lb/LBC_1765-2005_1.9x2.5_CMIP5_za_c111110.nc</flbc_file>
<flbc_type>CYCLICAL</flbc_type>
<flbc_cycle_yr>2000</flbc_cycle_yr>

<tgcm_ubc_file>atm/waccm/ub/tgcm_ubc.2000.c100203.nc</tgcm_ubc_file>
<tgcm_ubc_type>CYCLICAL</tgcm_ubc_type>

<!-- Sulfate Aerosols: DEFAULTS okay for sulf_file -->
<prescribed_strataero_type>CYCLICAL</prescribed_strataero_type>
<prescribed_strataero_cycle_yr>2000</prescribed_strataero_cycle_yr>
<prescribed_strataero_file>CESM_1949_2100_sad_V2_c130627.nc</prescribed_strataero_file>

<!-- QBO settings --> 
<qbo_cyclic       dyn="fv" >.true.</qbo_cyclic>
<qbo_forcing_file dyn="fv" >atm/waccm/qbo/qbocyclic28months.nc'</qbo_forcing_file>
<qbo_use_forcing  dyn="fv" >.true.</qbo_use_forcing>

<!-- volcanic aerosol heating -->
<strat_aero_feedback>.true.</strat_aero_feedback> 

<!-- emis files -->


<ch2o_emis_file>atm/cam/chem/1850-2000_emis/IPCC_emissions_houw_CH2O_1850-2000_1.9x2.5.c090728.nc</ch2o_emis_file>
<co_emis_file>atm/cam/chem/1850-2000_emis/IPCC_emissions_houw_CO_1850-2000_1.9x2.5.c090728.nc</co_emis_file>
<nox_emis_file>atm/cam/chem/1850-2000_emis/IPCC_emissions_houw_NOx_1850-2000_1.9x2.5.c090728.nc</nox_emis_file>
<so2_emis_file>atm/cam/chem/1850-2000_emis/IPCC_emissions_houw_SO2_1850-2000_1.9x2.5.c090522.nc</so2_emis_file> 
<srf_emis_type>CYCLICAL</srf_emis_type>
<srf_emis_cycle_yr>2000</srf_emis_cycle_yr>

<!-- Photolysis Inputs DEFAULTS okay for: rsf_file,xs_long_file,xs_short_file -->

<!-- Extraterestrial Flux and MLT inputs DEFAULTS okay for:  -->
<!-- efield_hflux_file, efield_lflux_file, efield_wei96_file -->
<!-- electron_file,euvac_file,euvacdat_file,photon_file,neckel_file,woods_etf_file,xs_coef_file -->

<!-- Kp Ap indices -->
<solar_parms_file>atm/waccm/phot/wa_smax_c100517.nc</solar_parms_file>

<!-- History Files -->

<mfilt>            1,   10,   20,  73, 365 </mfilt>
<nhtfrq>           0, -240, -240, -24, -24 </nhtfrq>
<avgflag_pertape> 'A', 'I',  'I', 'A', 'A' </avgflag_pertape>

<!-- Monthly --> 
<fincl1>
  'AOA1', 'AOA2', 'BR', 'BRCL', 'BRO', 'BRONO2', 'CCL4', 'CF2CLBR', 'CF3BR', 
  'CFC11', 'CFC113', 'CFC12', 'CH2O', 'CH3BR', 'CH3CCL3', 'CH3CL', 'CH3O2', 'CH3OOH', 
  'CH4', 'CL', 'CL2', 'CL2O2', 'CLDHGH', 'CLDLOW', 'CLDMED', 'CLDTOT', 'CLO', 'CLONO2', 
  'CLOUD', 'CO', 'CO2', 'DTCOND', 'DTV', 'DUV', 'DVV', 'EKGWSPEC', 'FLNS', 'FLNSC', 'FLNT', 
  'FLNTC', 'FSDS', 'FSNS', 'FSNSC', 'FSNT', 'FSNTC', 'H', 'H2', 'H2O', 'H2O2', 'HBR',
  'HCFC22', 'HCL', 'HNO3', 'HO2', 'HO2NO2', 'HOBR', 'HOCL', 'HORZ', 'LANDFRAC', 'LHFLX',
  'N', 'N2O', 'N2O5', 'NO', 'NO2', 'NO3', 'O', 'O1D', 'O2', 'O3',
  'OCLO', 'OCNFRAC', 'OH', 'OMEGA', 'PHIS', 'PRECC', 'PRECL', 'PS', 'Q', 'QFLX',
  'QPERT', 'QRL', 'QRLNLTE', 'QRS', 'RELHUM', 'SHFLX', 'SOLIN', 'SWCF', 'QCP',
  'QTHERMAL', 'QRL_TOT', 'QRS_TOT', 'QJOULE', 'PSL', 'HNO3_STS', 'HNO3_NAT', 
  'HNO3_GAS', 'NO_Aircraft', 'NO_Lightning', 'QNO', 'QRS_AUR', 'QRS_CO2NIR', 'QRS_EUV', 
  'SAD_ICE', 'SAD_LNAT', 'SAD_SULFC', 'T', 'TREFHT', 
  'TTGW', 'U', 'UTGWORO', 'UTGWSPEC', 'V', 'VERT', 'VTGWORO', 'VTGWSPEC', 'Z3', 'O2_1S', 
  'O2_1D', 'NOX', 'NOY', 'CLOX', 'CLOY', 'BROX', 'BROY', 'TCLY', 'TOTH', 'QJOULE', 'UE', 
  'VE', 'UIONTEND', 'VIONTEND', 'DTCORE', 'T_24_COS',  'T_24_SIN', 'T_12_COS', 'T_12_SIN',
  'OMEGA_24_COS', 'OMEGA_24_SIN', 'OMEGA_12_COS', 'OMEGA_12_SIN',
  'U_24_COS', 'U_24_SIN', 'U_12_COS', 'U_12_SIN', 'V_24_COS', 'V_24_SIN', 'V_12_COS', 
  'V_12_SIN', 'PS_24_COS', 'PS_24_SIN', 'PS_12_COS', 'PS_12_SIN', 'CLDLIQ','CLDICE','CONCLD',
  'FRONTGF:I', 'BUTGWSPEC', 'BTAUE', 'BTAUW', 'BTAUN', 'BTAUS','TAUE','TAUW','TAUN','TAUS',
  'TAUGWX', 'TAUGWY', 'TAUX','TAUY','SNOWHLND','SNOWHICE','ICEFRAC','FSDSC','SFNO', 'SFCO',
  'SFCH2O','CFC11STAR','TROPP_FD'
</fincl1>


<fincl1 chem="waccm_mozart_sulfur">
  'AOA1', 'AOA2', 'BR', 'BRCL', 'BRO', 'BRONO2', 'CCL4', 'CF2CLBR', 'CF3BR', 
  'CFC11', 'CFC113', 'CFC12', 'CH2O', 'CH3BR', 'CH3CCL3', 'CH3CL', 'CH3O2', 'CH3OOH', 
  'CH4', 'CL', 'CL2', 'CL2O2', 'CLDHGH', 'CLDLOW', 'CLDMED', 'CLDTOT', 'CLO', 'CLONO2', 
  'CLOUD', 'CO', 'CO2', 'DTCOND', 'DTV', 'DUV', 'DVV', 'EKGWSPEC', 'FLNS', 'FLNSC', 'FLNT', 
  'FLNTC', 'FSDS', 'FSNS', 'FSNSC', 'FSNT', 'FSNTC', 'H', 'H2', 'H2O', 'H2O2', 'HBR',
  'HCFC22', 'HCL', 'HNO3', 'HO2', 'HO2NO2', 'HOBR', 'HOCL', 'HORZ', 'LANDFRAC', 'LHFLX',
  'N', 'N2O', 'N2O5', 'NO', 'NO2', 'NO3', 'O', 'O1D', 'O2', 'O3',
  'OCLO', 'OCNFRAC', 'OH', 'OMEGA', 'PHIS', 'PRECC', 'PRECL', 'PS', 'Q', 'QFLX',
  'QPERT', 'QRL', 'QRLNLTE', 'QRS', 'RELHUM', 'SHFLX', 'SOLIN', 'SWCF', 'QCP',
  'QTHERMAL', 'QRL_TOT', 'QRS_TOT', 'QJOULE', 'PSL', 'HNO3_STS', 'HNO3_NAT', 
  'HNO3_GAS', 'NO_Aircraft', 'NO_Lightning', 'QNO', 'QRS_AUR', 'QRS_CO2NIR', 'QRS_EUV', 
  'SAD_ICE', 'SAD_LNAT', 'SAD_SULFC', 'T', 'TREFHT', 
  'TTGW', 'U', 'UTGWORO', 'UTGWSPEC', 'V', 'VERT', 'VTGWORO', 'VTGWSPEC', 'Z3', 'O2_1S', 
  'O2_1D', 'NOX', 'NOY', 'CLOX', 'CLOY', 'BROX', 'BROY', 'TCLY', 'TOTH', 'QJOULE', 'UE', 
  'VE', 'UIONTEND', 'VIONTEND', 'DTCORE', 'T_24_COS',  'T_24_SIN', 'T_12_COS', 'T_12_SIN',
  'OMEGA_24_COS', 'OMEGA_24_SIN', 'OMEGA_12_COS', 'OMEGA_12_SIN',
  'U_24_COS', 'U_24_SIN', 'U_12_COS', 'U_12_SIN', 'V_24_COS', 'V_24_SIN', 'V_12_COS', 
  'V_12_SIN', 'PS_24_COS', 'PS_24_SIN', 'PS_12_COS', 'PS_12_SIN', 'CLDLIQ','CLDICE','CONCLD',
  'FRONTGF:I', 'BUTGWSPEC', 'BTAUE', 'BTAUW', 'BTAUN', 'BTAUS','TAUE','TAUW','TAUN','TAUS',
  'TAUGWX', 'TAUGWY', 'TAUX','TAUY','SNOWHLND','SNOWHICE','ICEFRAC','FSDSC','SFNO', 'SFCO',
  'SFCH2O','CFC11STAR','TROPP_FD', 'OCS', 'S', 'SO', 'SO2', 'SO3', 'HSO3', 'H2SO4', 'PURSULND',
  'PURSULAD', 'PURSULMD', 'PURSULRE', 'PURSUL01', 'PURSUL02', 'PURSUL03', 'PURSUL04', 'PURSUL05',
  'PURSUL06', 'PURSUL07', 'PURSUL08', 'PURSUL09', 'PURSUL10', 'PURSUL11', 'PURSUL12', 'PURSUL13',
  'PURSUL14', 'PURSUL15', 'PURSUL16', 'PURSUL17', 'PURSUL18', 'PURSUL19', 'PURSUL20', 'PURSUL21',
  'PURSUL22', 'PURSUL23', 'PURSUL24', 'PURSUL25', 'PURSUL26', 'PURSUL27', 'PURSUL28', 'PURSUL29',
  'PURSUL30', 'PURSULJN', 'PURSUL01WD', 'PURSUL01DD', 'H2SO4SL', 'H2SO4EL', 'H2SO4WT'
</fincl1>

<!-- Instantaneous every 10 days --> 
<fincl2>
  'PS', 'Z3', 'T', 'U', 'V',  'FLNT','PSL', 
  'OMEGA','FSDS','FSDSC','CLOUD','CONCLD','SNOWHLND','SNOWHICE',
  'CH3CL', 'CFC11', 'CFC12', 'CFC113', 'HCFC22', 'CCL4', 'CH3CCL3', 
  'CH3BR', 'CF3BR', 'CF2CLBR',
  'CO', 'CO2', 'CH2O', 'CH3OOH', 'CH4',
  'O3', 'O', 'O1D',
  'N', 'NO', 'NO2', 'NO3', 'N2O5', 'HNO3', 'HO2NO2', 'NOX', 'NOY', 'N2O',
  'H', 'H2', 'OH', 'HO2', 'H2O2',  'H2O',
  'CL','CL2', 'CLO', 'OCLO', 'CL2O2', 'CLONO2', 'HOCL', 'HCL', 'CLOX', 'CLOY', 
  'BR', 'BRO', 'HOBR', 'HBR', 'BRCL', 'BRONO2', 'BROX', 'BROY', 'TCLY',
  'jo2_a', 'jo2_b', 'jo3_a',  'jo3_b', 'jhocl', 'jno3_b', 'jcl2o2',
  'SAD_SULFC', 'SAD_LNAT', 'SAD_ICE','AOA1','AOA2',
  'O2', 'CLDLIQ', 'CLDICE', 'ASDIR',
  'VTH2d', 'WTH2d', 'UV2d', 'UW2d', 'TH', 'MSKtem'
</fincl2>

<!-- Instantaneous every 10 days --> 
<fincl3>
  'PS:B', 'T:B', 'Z3:B', 'U:B', 'V:B', 'CO:B', 'CO2:B',
  'H2:B', 'O:B', 'O2:B', 'O3:B', 'H:B', 'OH:B', 'HO2:B', 'H2O:B',
  'N:B', 'NO:B', 'NO2:B', 'O1D:B', 'O2_1S:B', 'O2_1D:B', 'N2D:B',
  'Np:B', 'N2p:B', 'Op:B', 'O2p:B', 'NOp:B', 'e:B', 'QRL_TOT:B',
  'QRS_TOT:B', 'QJOULE:B', 'jno3_a:B', 'jno3_b:B', 'jcl2o2:B', 'CL2O2:B', 'CLO:B',
  'BRO:B', 'NO3:B', 'DTCORE:B', 'DTV:B', 'TTGW:B','OMEGA:B' </fincl3>
<!-- Daily Average --> 
<fincl4>
  'PS', 'PSL', 'U', 'V', 'T', 'Z3', 'PHIS','FRONTGF:I', 'OMEGA' 
</fincl4>

<fincl4 chem="waccm_mozart_sulfur">'PS', 'PSL', 'U', 'V', 'T', 'Z3', 'PHIS', 'FRONTGF:I', 'OMEGA',
  'O3', 'OCS', 'S', 'SO', 'SO2', 'SO3', 'HSO3', 'H2SO4',
  'PURSULMR', 'PURSULJN', 'PURSULND', 'PURSULAD', 'PURSULMD', 'PURSULRE', 'PURSUL01', 'PURSUL02',
  'PURSUL03', 'PURSUL04', 'PURSUL05', 'PURSUL06', 'PURSUL07', 'PURSUL08', 'PURSUL09', 'PURSUL10',
  'PURSUL11', 'PURSUL12', 'PURSUL13', 'PURSUL14', 'PURSUL15', 'PURSUL16', 'PURSUL17', 'PURSUL18',
  'PURSUL19', 'PURSUL20', 'PURSUL21', 'PURSUL22', 'PURSUL23', 'PURSUL24', 'PURSUL25', 'PURSUL26',
  'PURSUL27', 'PURSUL28', 'PURSUL29', 'PURSUL30', 'PURSUL01WD', 'PURSUL01DD', 'H2SO4SL', 'H2SO4EL',
  'H2SO4WT'
</fincl4>

<!-- Daily Average --> 
<fincl5 dyn="fv" >
  'MSKtem', 'PS', 'PSL', 'VTH2d', 'UV2d', 'UW2d', 'U2d', 'V2d', 'TH2d','W2d', 'PHIS'
</fincl5>

<!-- sim_year used for CLM datasets and SSTs forcings -->
<sim_year>2000</sim_year>

</namelist_defaults>
