<?xml version="1.0"?>

<namelist_defaults>

<start_ymd>00010101</start_ymd>

<!-- Solar data from Lean (via Caspar Ammann) -->
<solar_data_file>atm/cam/solar/spectral_irradiance_Lean_1850_cntl_c100407.nc</solar_data_file>
<solar_data_ymd>18500101</solar_data_ymd>
<solar_data_type>FIXED</solar_data_type>

<!-- Prescribed BAM data is from Jean-Francois Lamarque -->
<prescribed_aero_datapath>atm/cam/chem/trop_mozart_aero/aero</prescribed_aero_datapath>
<prescribed_aero_file>aero_1.9x2.5_L26_1850clim_c091112.nc</prescribed_aero_file>
<prescribed_aero_type>CYCLICAL</prescribed_aero_type>
<prescribed_aero_cycle_yr>1850</prescribed_aero_cycle_yr>

<!-- aerosol deposition -->
<aerodep_flx_datapath>atm/cam/chem/trop_mozart_aero/aero</aerodep_flx_datapath>
<aerodep_flx_file>aerosoldep_monthly_1850_mean_1.9x2.5_c090421.nc</aerodep_flx_file>
<aerodep_flx_type>CYCLICAL</aerodep_flx_type>
<aerodep_flx_cycle_yr>1850</aerodep_flx_cycle_yr>

<start_ymd> 00010101 </start_ymd>
<restart_option> yearly </restart_option>

<!-- cam_inparm -->

<nlte_use_mo>.false.</nlte_use_mo>
<nsplit dyn="fv">8</nsplit>
<phys_loadbalance dyn="fv">2</phys_loadbalance>

<!-- cloud tuning factor -->
<cldfrc_rhminl>0.90D0</cldfrc_rhminl>

<!-- Flags -->

<print_energy_errors>.false.</print_energy_errors>
<iradsw>-1</iradsw>

<!-- Yaga's GW Drag file -->
<gw_drag_file>atm/waccm/gw/newmfspectra40_dc25.nc</gw_drag_file>

<!--Species IC -->
<ncdata dyn="fv"  hgrid="1.9x2.5" >atm/waccm/ic/waccm3548_2x_t43.cam2.i.1870-01-01-00000.nc</ncdata>
<ncdata dyn="fv"  hgrid="4x5"     >atm/waccm/ic/waccm3548_4x_t43.cam2.i.1870-01-01-00000_c100113.nc</ncdata>

<!-- Specified chemistry forcing file; note that the same file is used for ozone. -->

<waccm_forcing_datapath>atm/waccm/ub</waccm_forcing_datapath>
<waccm_forcing_file>ghg_forcing_1850.c140414.nc</waccm_forcing_file>

<prescribed_ozone_datapath>atm/waccm/ub</prescribed_ozone_datapath>
<prescribed_ozone_file>ghg_forcing_1850.c140414.nc</prescribed_ozone_file>
<prescribed_ozone_name>O3</prescribed_ozone_name>
<prescribed_ozone_type>CYCLICAL</prescribed_ozone_type>
<prescribed_ozone_cycle_yr>0</prescribed_ozone_cycle_yr>

<!-- Deposition Velocities : DEFAULTS okay -->

<!-- Emissions DEFAULTS OKAY for: airpl_emis_file,ch2o_emis_file,co_emis_file,nox_emis_file-->

<!-- LBC, UBC Files -->
<flbc_file>atm/waccm/lb/LBC_1765-2005_1.9x2.5_CMIP5_za_c111110.nc</flbc_file>
<flbc_type>CYCLICAL</flbc_type>
<flbc_cycle_yr>1850</flbc_cycle_yr>

<!-- Photolysis Inputs DEFAULTS okay for: rsf_file,xs_long_file,xs_short_file -->

<!-- Extraterestrial Flux and MLT inputs DEFAULTS okay for:  -->
<!-- efield_hflux_file, efield_lflux_file, efield_wei96_file -->
<!-- electron_file,euvac_file,euvacdat_file,photon_file,neckel_file,woods_etf_file,xs_coef_file -->

<!-- Kp Ap indices -->
<solar_parms_file>atm/waccm/phot/wasolar_ave.nc</solar_parms_file>

<!-- History Files -->
<!-- Use default: Monthly mean for h0, nothing else. -->

<!-- Monthly -->
<fincl1>
  'CH4', 'H2O', 'N2O', 'CFC11', 'CFC12',
  'WFRC_O', 'WFRC_O3', 'WFRC_NO', 'WFRC_CO2'
</fincl1>

<!-- Reduce output size by removing some variables. -->
<fexcl1>
  'BTAUN', 'BTAUS', 'BTAUE', 'BTAUW', 'BTAUNET',
  'BUTEND1', 'BUTEND2', 'BUTEND3', 'BUTEND4', 'BUTEND5',
  'BUTGWSPEC', 'BVTGWSPEC',
  'MAXQ0', 'HDEPTH', 'NETDT',
  'TAUN', 'TAUS', 'TAUE', 'TAUW', 'TAUGWX', 'TAUGWY',
  'UTEND1', 'UTEND2', 'UTEND3', 'UTEND4', 'UTEND5',
  'UTGWSPEC', 'VTGWSPEC',
  'FRONTGF', 'FRONTGFA',
  'EKGWSPEC',
  'UTGWORO', 'VTGWORO',
  'QNO', 'QRLNLTE', 'QRL_TOT',
  'DUV', 'DVV', 'TTPXMLC'
</fexcl1>

<fexcl2>
  'PS', 'QRS_TOT', 'T'
</fexcl2>


<!-- sim_year used for CLM datasets and SSTs forcings -->
<sim_year>1850</sim_year>

</namelist_defaults>
