<?xml version="1.0"?>

<namelist_defaults>

<start_ymd>00010101</start_ymd>

<!-- Solar data from Lean (via Caspar Ammann) -->
<solar_data_file>atm/cam/solar/spectral_irradiance_Lean_1610-2009_ann_c100405.nc</solar_data_file>
<solar_data_ymd>20000101</solar_data_ymd>
<solar_data_type>FIXED</solar_data_type>

<!-- Prescribed BAM data is from Jean-Francois Lamarque -->
<prescribed_aero_datapath>atm/cam/chem/trop_mozart_aero/aero</prescribed_aero_datapath>
<prescribed_aero_file>aero_1.9x2.5_L26_1850-2005_c091112.nc</prescribed_aero_file>
<prescribed_aero_type>CYCLICAL</prescribed_aero_type>
<prescribed_aero_cycle_yr>2000</prescribed_aero_cycle_yr>


<start_ymd>18500101</start_ymd>
<restart_option> yearly </restart_option>

<!-- cam_inparm -->

<nlte_use_mo>.false.</nlte_use_mo>
<nsplit dyn="fv">8</nsplit>
<phys_loadbalance dyn="fv">2</phys_loadbalance>

<!-- cloud tuning factor -->
<cldfrc_rhminl>0.90D0</cldfrc_rhminl>

<!-- Flags -->

<print_energy_errors>.false.</print_energy_errors>
<iradsw>-1</iradsw>

<!-- Yaga's GW Drag file -->
<gw_drag_file>atm/waccm/gw/newmfspectra40_dc25.nc</gw_drag_file>

<!--Species IC -->
<ncdata dyn="fv"  hgrid="1.9x2.5" >atm/waccm/ic/f2000.e10r02.2deg.waccm.005.cam2.i.0017-01-01-00000.nc</ncdata>
<ncdata dyn="fv"  hgrid="4x5"     >atm/waccm/ic/f40.2000.track1.4deg.001.cam2.i.0013-01-01-00000.nc</ncdata>

<ncdata dyn="se" hgrid="ne30np4" >atm/waccm/ic/f.e11.FWSC.ne30_ne30.wm_SE.003.cam.i.0006-01-01-00000.nc</ncdata> 

<!-- Deposition Velocities : DEFAULTS okay -->

<!-- Emissions DEFAULTS OKAY for: airpl_emis_file,ch2o_emis_file,co_emis_file,nox_emis_file-->

<!-- LBC, UBC Files -->
<flbc_file>atm/waccm/lb/LBC_1765-2005_1.9x2.5_CMIP5_za_c091204.nc</flbc_file>
<flbc_type>CYCLICAL</flbc_type>
<flbc_cycle_yr>2000</flbc_cycle_yr>

<!-- QBO settings --> 
<qbo_cyclic dyn="fv">.true.</qbo_cyclic>
<qbo_forcing_file dyn="fv">atm/waccm/qbo/qbocyclic28months.nc'</qbo_forcing_file>
<qbo_use_forcing dyn="fv">.true.</qbo_use_forcing>

<!-- Photolysis Inputs DEFAULTS okay for: rsf_file,xs_long_file,xs_short_file -->

<!-- Extraterestrial Flux and MLT inputs DEFAULTS okay for:  -->
<!-- efield_hflux_file, efield_lflux_file, efield_wei96_file -->
<!-- electron_file,euvac_file,euvacdat_file,photon_file,neckel_file,woods_etf_file,xs_coef_file -->

<!-- Kp Ap indices -->
<solar_parms_file>atm/waccm/phot/wa_smax_c100517.nc</solar_parms_file>

<!-- History Files -->

<mfilt>            1,   10,   20,  73, 365 </mfilt>
<nhtfrq>           0, -240, -240, -24, -24 </nhtfrq>
<avgflag_pertape> 'A', 'I',  'I', 'A', 'A' </avgflag_pertape>

<!-- Monthly --> 
<fincl1>
  'CLDHGH', 'CLDLOW', 'CLDMED', 'CLDTOT',
  'CLOUD', 'DTCOND', 'DTV', 'DUV', 'DVV', 'EKGWSPEC', 'FLNS', 'FLNSC', 'FLNT', 
  'FLNTC', 'FSDS', 'FSNS', 'FSNSC', 'FSNT', 'FSNTC',
  'OCNFRAC', 'OMEGA', 'PHIS', 'PRECC', 'PRECL', 'PS', 'Q', 'QFLX',
  'QPERT', 'QRL', 'QRLNLTE', 'QRS', 'RELHUM', 'SHFLX', 'SOLIN', 'SWCF',
  'QRL_TOT', 'QRS_TOT', 'PSL', 'HNO3_STS', 'HNO3_NAT', 
  'HNO3_GAS', 'NO_Aircraft', 'NO_Lightning',
  'QNO',  
  'SAD_ICE', 'SAD_LNAT', 'SAD_SULFC', 'T', 'TREFHT', 
  'TTGW', 'U', 'UTGWORO', 'UTGWSPEC', 'V', 'VTGWORO', 'VTGWSPEC', 'Z3', 
  'TOTH', 
  'UIONTEND', 'VIONTEND', 'DTCORE', 'T_24_COS',  'T_24_SIN', 'T_12_COS', 'T_12_SIN',
  'OMEGA_24_COS', 'OMEGA_24_SIN', 'OMEGA_12_COS', 'OMEGA_12_SIN',
  'U_24_COS', 'U_24_SIN', 'U_12_COS', 'U_12_SIN', 'V_24_COS', 'V_24_SIN', 'V_12_COS', 
  'V_12_SIN', 'PS_24_COS', 'PS_24_SIN', 'PS_12_COS', 'PS_12_SIN', 'CLDLIQ','CLDICE','CONCLD',
  'FRONTGF:I', 'BUTGWSPEC', 'BTAUE', 'BTAUW', 'BTAUN', 'BTAUS','TAUE','TAUW','TAUN','TAUS',
  'TAUGWX', 'TAUGWY', 'TAUX','TAUY','SNOWHLND','SNOWHICE','ICEFRAC','FSDSC',
  'WFRC_O','WFRC_O2','WFRC_O3','WFRC_NO','WFRC_H','WFRC_CO2','WFRC_QRS_TOT'
</fincl1>
<!-- Instantaneous every 10 days --> 
<fincl2>
  'PS', 'Z3', 'T', 'U', 'V',  'FLNT','PSL', 
  'OMEGA','FSDS','FSDSC','CLOUD','CONCLD','SNOWHLND','SNOWHICE',
  'CFC11', 'CFC12',   'CH4', 'N2O',
  'CLDLIQ', 'CLDICE', 'ASDIR'
</fincl2>

<!-- Instantaneous every 10 days --> 
<fincl3>
  'PS:B', 'T:B', 'Z3:B', 'U:B', 'V:B',
  'QRL_TOT:B', 'QRS_TOT:B',  'DTCORE:B', 'DTV:B', 'TTGW:B','OMEGA:B' 
</fincl3>
<!-- Daily Average --> 
<fincl4>
  'PS', 'PSL', 'U', 'V', 'T', 'Z3', 'PHIS','FRONTGF:I', 'OMEGA' 
</fincl4>

<!-- sim_year used for CLM datasets and SSTs forcings -->
<sim_year>2000</sim_year>

</namelist_defaults>
