<?xml version="1.0"?>

<namelist_defaults>

<!-- Solar data from Lean (via Caspar Ammann) -->
<solar_data_file>atm/cam/solar/spectral_irradiance_Lean_1850_cntl_c100407.nc</solar_data_file>
<solar_data_ymd>18500101</solar_data_ymd>
<solar_data_type>FIXED</solar_data_type>


<start_ymd> 00010101 </start_ymd>
<restart_option> yearly </restart_option>

<!-- cam_inparm -->

<nsplit>8</nsplit>
<phys_loadbalance>2</phys_loadbalance>
<dtime>1800</dtime>

<!-- Flags -->

<print_energy_errors>.false.</print_energy_errors>
<iradsw>-1</iradsw>

<!-- Yaga's GW Drag file -->
<gw_drag_file>atm/waccm/gw/newmfspectra40_dc25.nc</gw_drag_file>

<!--Species IC -->

<ncdata dyn="fv"  hgrid="1.9x2.5" >atm/waccm/ic/b1850.waccm-mam3_1.9x2.5_L70.cam2.i.0156-01-01.c120523.nc</ncdata>
<ncdata dyn="fv"  hgrid="4x5"     >atm/waccm/ic/waccm3548_4x_t43.cam2.i.1870-01-01-00000_c100113.nc</ncdata>

<!-- Deposition Velocities : DEFAULTS okay -->

<!-- volcanic aerosol heating -->
<strat_aero_feedback>.true.</strat_aero_feedback> 

<!-- Emissions DEFAULTS OKAY for: airpl_emis_file,ch2o_emis_file,co_emis_file,nox_emis_file-->

<!-- LBC, UBC Files -->
<flbc_file>atm/waccm/lb/LBC_1765-2005_1.9x2.5_CMIP5_za_c091204.nc</flbc_file>
<flbc_cycle_yr>1850</flbc_cycle_yr>
<flbc_type>'CYCLICAL'</flbc_type>

<tgcm_ubc_file>atm/waccm/ub/tgcm_ubc_1850_c100204.nc</tgcm_ubc_file>

<!-- Sulfate Aerosols: DEFAULTS okay for sulf_file -->
<prescribed_strataero_type>CYCLICAL</prescribed_strataero_type>
<prescribed_strataero_cycle_yr>1849</prescribed_strataero_cycle_yr>
<prescribed_strataero_file>CESM_1849_2100_sad_V2_c140307.nc</prescribed_strataero_file>
<prescribed_strataero_datapath>atm/waccm/sulf</prescribed_strataero_datapath>

<!-- emis files -->

<!-- use time-dependent aircraft emissions  -->
<ipcc_aircraft_emis>.true.</ipcc_aircraft_emis>
<airpl_emis_file>atm/waccm/emis/emis.air.1870.nc</airpl_emis_file>

<!-- Surface emissions for MAM -->
<ch2o_emis_file>atm/cam/chem/1850-2000_emis/IPCC_emissions_houw_CH2O_1850-2000_1.9x2.5.c090728.nc</ch2o_emis_file>
<co_emis_file>atm/cam/chem/1850-2000_emis/IPCC_emissions_houw_CO_1850-2000_1.9x2.5.c090728.nc</co_emis_file>
<nox_emis_file>atm/cam/chem/1850-2000_emis/IPCC_emissions_houw_NOx_1850-2000_1.9x2.5.c090728.nc</nox_emis_file>
<dms_emis_file>atm/cam/chem/1850-2000_emis/IPCC_emissions_houw_DMS_1850-2000_1.9x2.5.c090827.nc</dms_emis_file>
<no_emis_file>atm/cam/chem/1850-2000_emis/IPCC_emissions_houw_NOx_1850-2000_1.9x2.5.c090728.nc</no_emis_file>
<so2_emis_file>atm/cam/chem/trop_mozart_aero/emis/ar5_mam3_so2_surf_1850-2010_c20100902_v12.nc</so2_emis_file>
<soag_emis_file>atm/cam/chem/trop_mozart_aero/emis/ar5_mam3_soag_surf_1850-2005_c130424.nc</soag_emis_file>
<bc_a1_emis_file>atm/cam/chem/trop_mozart_aero/emis/ar5_mam3_bc_surf_1850-2005_c090804.nc</bc_a1_emis_file>
<pom_a1_emis_file>atm/cam/chem/trop_mozart_aero/emis/ar5_mam3_pom_surf_1850-2005_c130424.nc</pom_a1_emis_file>
<so4_a1_emis_file>atm/cam/chem/trop_mozart_aero/emis/ar5_mam3_so4_a1_surf_1850-2005_c090804.nc</so4_a1_emis_file>
<so4_a2_emis_file>atm/cam/chem/trop_mozart_aero/emis/ar5_mam3_so4_a2_surf_1850-2005_c090804.nc</so4_a2_emis_file>
<num_a1_emis_file>atm/cam/chem/trop_mozart_aero/emis/ar5_mam3_num_a1_surf_1850-2005_c090804.nc</num_a1_emis_file>
<num_a2_emis_file>atm/cam/chem/trop_mozart_aero/emis/ar5_mam3_num_a2_surf_1850-2005_c090804.nc</num_a2_emis_file>
<srf_emis_type>'CYCLICAL'</srf_emis_type>
<srf_emis_cycle_yr>1850</srf_emis_cycle_yr>

<!-- External forcing for BAM or MAM -->
<so2_ext_file>atm/cam/chem/trop_mozart_aero/emis/ar5_mam3_so2_elev_1850_c090726.nc </so2_ext_file>
<so4_a1_ext_file>atm/cam/chem/trop_mozart_aero/emis/ar5_mam3_so4_a1_elev_1850_c090726.nc</so4_a1_ext_file>
<so4_a2_ext_file>atm/cam/chem/trop_mozart_aero/emis/ar5_mam3_so4_a2_elev_1850_c090726.nc</so4_a2_ext_file>
<num_a1_ext_file>atm/cam/chem/trop_mozart_aero/emis/ar5_mam3_num_a1_elev_1850_c090726.nc</num_a1_ext_file>
<num_a2_ext_file>atm/cam/chem/trop_mozart_aero/emis/ar5_mam3_num_a2_elev_1850_c090726.nc</num_a2_ext_file>
<pom_a1_ext_file>atm/cam/chem/trop_mozart_aero/emis/ar5_mam3_pom_elev_1850_c130423.nc</pom_a1_ext_file>
<bc_a1_ext_file>atm/cam/chem/trop_mozart_aero/emis/ar5_mam3_bc_elev_1850_c090726.nc </bc_a1_ext_file>
<ext_frc_type>CYCLICAL</ext_frc_type>
<ext_frc_cycle_yr>0</ext_frc_cycle_yr>

<!-- Photolysis Inputs DEFAULTS okay for: rsf_file,xs_long_file,xs_short_file -->

<!-- Extraterestrial Flux and MLT inputs DEFAULTS okay for:  -->
<!-- efield_hflux_file, efield_lflux_file, efield_wei96_file -->
<!-- electron_file,euvac_file,euvacdat_file,photon_file,neckel_file,woods_etf_file,xs_coef_file -->

<solar_parms_file>atm/waccm/phot/wasolar_ave.nc</solar_parms_file>

<!-- History Files -->

<mfilt>            1,   10,   20,  73, 365 </mfilt>
<nhtfrq>           0, -240, -240, -24, -24 </nhtfrq>
<avgflag_pertape> 'A', 'I',  'I', 'A', 'A' </avgflag_pertape>

<!-- Monthly --> 
<fincl1>
  'AOA1', 'AOA2', 'BR', 'BRCL', 'BRO', 'BRONO2', 'CCL4', 'CF2CLBR', 'CF3BR', 
  'CFC11', 'CFC113', 'CFC12', 'CH2O', 'CH3BR', 'CH3CCL3', 'CH3CL', 'CH3O2', 'CH3OOH', 
  'CH4', 'CL', 'CL2', 'CL2O2', 'CLDHGH', 'CLDLOW', 'CLDMED', 'CLDTOT', 'CLO', 'CLONO2', 
  'CLOUD', 'CO', 'CO2', 'DTCOND', 'DTV', 'DUV', 'DVV', 'EKGWSPEC', 'FLNS', 'FLNSC', 'FLNT', 
  'FLNTC', 'FSDS', 'FSNS', 'FSNSC', 'FSNT', 'FSNTC', 'H', 'H2', 'H2O', 'H2O2', 'HBR',
  'HCFC22', 'HCL', 'HNO3', 'HO2', 'HO2NO2', 'HOBR', 'HOCL', 'HORZ', 'LANDFRAC', 'LHFLX',
  'N', 'N2O', 'N2O5', 'NO', 'NO2', 'NO3', 'O', 'O1D', 'O2', 'O3',
  'OCLO', 'OCNFRAC', 'OH', 'OMEGA', 'PHIS', 'PRECC', 'PRECL', 'PS', 'Q', 'QFLX',
  'QPERT', 'QRL', 'QRLNLTE', 'QRS', 'RELHUM', 'SHFLX', 'SOLIN', 'SWCF', 'QCP',
  'QTHERMAL', 'QRL_TOT', 'QRS_TOT', 'QJOULE', 'PSL', 'HNO3_STS', 'HNO3_NAT', 
  'HNO3_GAS', 'NO_Aircraft', 'NO_Lightning', 'QNO', 'QRS_AUR', 'QRS_CO2NIR', 'QRS_EUV', 
  'SAD_ICE', 'SAD_LNAT', 'SAD_SULFC', 'T', 'TREFHT', 
  'TTGW', 'U', 'UTGWORO', 'UTGWSPEC', 'V', 'VERT', 'VTGWORO', 'VTGWSPEC', 'Z3', 'O2_1S', 
  'O2_1D', 'NOX', 'NOY', 'CLOX', 'CLOY', 'BROX', 'BROY', 'TCLY', 'TOTH', 'QJOULE', 'UE', 
  'VE', 'UIONTEND', 'VIONTEND', 'DTCORE', 'T_24_COS',  'T_24_SIN', 'T_12_COS', 'T_12_SIN',
  'OMEGA_24_COS', 'OMEGA_24_SIN', 'OMEGA_12_COS', 'OMEGA_12_SIN',
  'U_24_COS', 'U_24_SIN', 'U_12_COS', 'U_12_SIN', 'V_24_COS', 'V_24_SIN', 'V_12_COS', 
  'V_12_SIN', 'PS_24_COS', 'PS_24_SIN', 'PS_12_COS', 'PS_12_SIN', 'CLDLIQ','CLDICE','CONCLD',
  'FRONTGF:I', 'BUTGWSPEC', 'BTAUE', 'BTAUW', 'BTAUN', 'BTAUS','TAUE','TAUW','TAUN','TAUS',
  'TAUGWX', 'TAUGWY', 'TAUX', 'TAUY', 'SNOWHLND', 'SNOWHICE', 'ICEFRAC', 'FSDSC', 'SFNO', 'SFCO',
  'SFCH2O', 'CFC11STAR', 'H2SO4', 'SO2', 'DMS', 'SOAG', 'so4_a1', 'pom_a1', 'soa_a1', 'bc_a1', 
  'dst_a1', 'ncl_a1', 'num_a1', 'so4_a2','soa_a2', 'ncl_a2', 'num_a2', 'dst_a3', 'ncl_a3', 
  'so4_a3', 'num_a3', 'TROP_P', 'TROP_T', 'TROP_Z', 'UW_ri', 'UW_leng'
</fincl1>

<!-- Instantaneous every 10 days --> 
<fincl2>
  'PS', 'Z3', 'T', 'U', 'V',  'FLNT','PSL', 
  'OMEGA','FSDS','FSDSC','CLOUD','CONCLD','SNOWHLND','SNOWHICE',
  'CH3CL', 'CFC11', 'CFC12', 'CFC113', 'HCFC22', 'CCL4', 'CH3CCL3', 
  'CH3BR', 'CF3BR', 'CF2CLBR',
  'CO', 'CO2', 'CH2O', 'CH3OOH', 'CH4',
  'O3', 'O', 'O1D',
  'N', 'NO', 'NO2', 'NO3', 'N2O5', 'HNO3', 'HO2NO2', 'NOX', 'NOY', 'N2O',
  'H', 'H2', 'OH', 'HO2', 'H2O2',  'H2O',
  'CL','CL2', 'CLO', 'OCLO', 'CL2O2', 'CLONO2', 'HOCL', 'HCL', 'CLOX', 'CLOY', 
  'BR', 'BRO', 'HOBR', 'HBR', 'BRCL', 'BRONO2', 'BROX', 'BROY', 'TCLY',
  'jo2_a', 'jo2_b', 'jo3_a',  'jo3_b', 'jhocl', 'jno3_b', 'jcl2o2',
  'SAD_SULFC', 'SAD_LNAT', 'SAD_ICE','AOA1','AOA2',
  'O2', 'CLDLIQ', 'CLDICE', 'ASDIR',
  'VTH2d', 'WTH2d', 'UV2d', 'UW2d', 'TH', 'MSKtem'
</fincl2>

<!-- Instantaneous every 10 days --> 
<fincl3>
  'PS:B', 'T:B', 'Z3:B', 'U:B', 'V:B', 'CO:B', 'CO2:B',
  'H2:B', 'O:B', 'O2:B', 'O3:B', 'H:B', 'OH:B', 'HO2:B', 'H2O:B',
  'N:B', 'NO:B', 'NO2:B', 'O1D:B', 'O2_1S:B', 'O2_1D:B', 'N2D:B',
  'Np:B', 'N2p:B', 'Op:B', 'O2p:B', 'NOp:B', 'e:B', 'QRL_TOT:B',
  'QRS_TOT:B', 'QJOULE:B', 'jno3_a:B', 'jno3_b:B', 'jcl2o2:B', 'CL2O2:B', 'CLO:B',
  'BRO:B', 'NO3:B', 'DTCORE:B', 'DTV:B', 'TTGW:B','OMEGA:B' </fincl3>
<!-- Daily Average --> 
<fincl4>
  'PS', 'PSL', 'U', 'V', 'T', 'Z3', 'PHIS','FRONTGF:I', 'OMEGA' 
</fincl4>
<!-- Daily Average --> 
<fincl5>
  'MSKtem', 'PS', 'PSL', 'VTH2d', 'UV2d', 'UW2d', 'U2d', 'V2d', 'TH2d','W2d', 'PHIS'
</fincl5>

<!-- sim_year used for CLM datasets and SSTs forcings -->
<sim_year>1850</sim_year>

</namelist_defaults>
