<?xml version="1.0"?>

<namelist_defaults>

<!--
Values to use by default for creation of CLM model namelists.
The element names are the same as the corresponding namelist
variables.  Values that depend on the model configuration use
attributes to express the dependency.  The recognized attributes
are: RESOLUTION, defaults, mask, ic_ymd, ic_tod, sim_year and all configuration
attributes from the config_cache.xml file (with keys converted to upper-case).
-->

<!-- Initial file (relative to ${csmdata}) -->

<finidat >usrfiles/clmi.${clm_usr_name}_${mask}_simyr${sim_year}.nc</finidat>

<!-- Surface dataset (relative to ${csmdata}) -->
<fsurdat >usrfiles/surfdata_${clm_usr_name}_simyr${sim_year}.nc</fsurdat>

<!-- Dynamic PFT surface dataset (relative to ${csmdata}) -->
<fpftdyn >usrfiles/surfdata.pftdyn_${clm_usr_name}_simyr${sim_year_range}.nc</fpftdyn>

<!-- Grid dataset (relative to ${csmdata}) -->
<fatmgrid >usrfiles/griddata_${clm_usr_name}.nc</fatmgrid>

<!-- Land topo dataset (when running land at different resolution than atm coupling) (relative to ${csmdata})  -->
<flndtopo >usrfiles/topodata_${clm_usr_name}.nc</flndtopo>

<!-- Atmosphere topo dataset (when running land at different resolution than atm coupling) (relative to
${csmdata})  -->
<fatmtopo >usrfiles/topodata_${clm_usr_name}.nc</fatmtopo>

<!-- Fraction dataset (relative to ${csmdata})  -->

<fatmlndfrc >usrfiles/fracdata_${clm_usr_name}_${mask}.nc</fatmlndfrc>

<!-- Aerosol deposition fluxes if NOT coupled to CAM or NOT running CAM with dust and aerosols -->
<faerdep sim_year_range="constant" >usrfiles/aerosoldep_monthly_${sim_year}_${clm_usr_name}.nc</faerdep>
<faerdep                           >usrfiles/aerosoldep_monthly_${sim_year_range}_${clm_usr_name}.nc</faerdep>

<!--CN Nitrogen deposition dataset for a fixed year (relative to ${csmdata})  -->

<fndepdat bgc="cn" sim_year_range="constant" >usrfiles/ndep_clm_${sim_year}_${clm_usr_name}.nc</fndepdat>

<!--CN Nitrogen deposition dataset for a series of years (relative to ${csmdata})  -->

<fndepdyn bgc="cn"                           >usrfiles/fndep_clm_${sim_year_range}_${clm_usr_name}.nc</fndepdyn>

</namelist_defaults>
