<?xml version= "1.0"?>

<expectedFails>
   <namelistTest> 
      <yellowstone>
         <INTEL>
            <compare>
            </compare>
            <generate>
            </generate>
         </INTEL>
      </yellowstone>
      <goldbach>
         <INTEL>
            <compare>
            </compare>
            <generate>
            </generate>
         </INTEL>
      </goldbach>
   </namelistTest>

   <cesm> 
      <auxShortTests>
         <yellowstone>
            <INTEL>
               <entry testId="PET_P15x2_Ly3.f10_f10.ICLM45BGCCROP.yellowstone_intel.clm-irrigOn_reduceOutput.140210-001104"
failType="FAIL" >Negative conc. in ch4tran. c,j,deficit (mol):        6175           1</entry>
            </INTEL>
            <PGI>
               <entry testId="SMS_Ly1.f19_g16.ICLM45BGCCROP.yellowstone_pgi" failType="FAIL" >Water balance errors followed by (negative conc. in ch4tran), then tries (-10^-12 .lt. smin_nh4 .lt. 0. resetting to zero.), then it exits at approximately 9 months.  This same test passes with yellowstone_intel and frankfurt_intel</entry>
            </PGI>
         </yellowstone>
         <goldbach>
            <INTEL>
            </INTEL>
            <NAG>
            </NAG>
            <PGI>
               <entry testId="SMS_Ly1.f19_g16.ICLM45BGCCROP.frankfurt_pgi" failType="FAIL" >Water balance errors followed by (negative conc. in ch4tran), then tries (-10^-12 .lt. smin_nh4 .lt. 0. resetting to zero.), then it exits at approximately 9 months.  This same test passes with yellowstone_intel and frankfurt_intel</entry>
            </PGI>
         </goldbach>
      </auxShortTests>
      <auxTests>
         <edison>
            <INTEL>
               <entry testId="ERH_D.f19_g16.I1850CLM45CN.edison_intel.clm-default"               failType="FAIL" >See (ERH_D.f19_g16.I1850CLM45CN.yellowstone_pgi.clm-default</entry>
               <entry testId="ERI_D.ne30_g16.ICLM45BGC.edison_intel.clm-vrtlay"                  failType="FAIL" >Seg fault while writing h1 file</entry>
               <entry testId="ERS_Ld211_D_P144x1.f10_f10.ICNCROP.edison_intel.clm-crop"          failType="FAIL" bugz="1696" >See ERS_Ld211_D_P112x1.f10_f10.ICNCROP in yellowstone intel list</entry>
            </INTEL>
         </edison>
         <yellowstone>
            <INTEL>
               <entry testId="ERI_D.ne30_g16.ICLM45BGC.yellowstone_intel.clm-vrtlay"      failType="FAIL" >Seg fault while writing h1 file. This used to pass on yellowstone, but it failed on edison; now it is failing on yellowstone, too (it fails in clm4_5_37, too).</entry>
               <entry testId="ERS_D.f09_g16.ICLM45VIC.yellowstone_intel.clm-vrtlay"       failType="RUN" >core dump when writing h1 history file.  fort: (7): Attempt to use pointer PTR when it is not associated with a target</entry>
            </INTEL>
            <PGI>
               <entry testId="ERH_D.f19_g16.I1850CLM45CN.yellowstone_pgi.clm-default"     failType="RUN" > </entry>
               <entry testId="ERS.f09_g16.ICLM45VIC.yellowstone_pgi.clm-vrtlay"           failType="RUN" >core dump when writing h1 history file</entry>
            </PGI>
         </yellowstone>
         <goldbach>
            <INTEL>
            </INTEL>
            <NAG>
            </NAG>
            <PGI>
            </PGI>
         </goldbach>
     </auxTests>
   </cesm>

   <tools_test_driver>
         <yellowstone>
            <INTEL>
            </INTEL>
         </yellowstone>
         <goldbach>
            <INTEL>
               <entry testId="sm684" failType="FAIL">goldbach not recognized</entry>
               <entry testId="smf84" failType="FAIL">goldbach not recognized</entry>
               <entry testId="smfc4" failType="FAIL">goldbach not recognized</entry>
            </INTEL>
         </goldbach>
   </tools_test_driver>

   <PTCLM>
         <yellowstone>
            <INTEL>
            </INTEL>
         </yellowstone>
         <goldbach>
            <PGI>
            </PGI>
         </goldbach>
   </PTCLM>

</expectedFails> 
