<?xml version="1.0"?>

<namelist_defaults>

<start_ymd>00010101</start_ymd>

<ncdata hgrid="1.9x2.5" >atm/cam/inic/fv/cami-chemmam3_0000-01-01_1.9x2.5_L30_c091013.nc</ncdata>
<ncdata hgrid="0.9x1.25">atm/cam/inic/fv/ar5_cam_1850_0.9x1.25_L26.i.1860-01-01-00000.nc</ncdata>

<!-- Solar constant from Lean (via Caspar Ammann) -->
<solar_data_file>atm/cam/solar/SOLAR_SPECTRAL_Lean_1610-2008_annual_c090324.nc</solar_data_file>
<solar_data_ymd>18500101</solar_data_ymd>
<solar_data_type>FIXED</solar_data_type>

<solar_parms_file>atm/waccm/phot/wasolar_ave.nc</solar_parms_file>

<fstrat_file>atm/cam/chem/trop_mozart/ub/ub_vals_moz3.nc</fstrat_file>

<!-- 1850 GHG values from ipcc-ar4-cfcs-1850-2000.xls (Doug Kinnison) -->
<co2vmr>284.7e-6</co2vmr>
<ch4vmr>791.6e-9</ch4vmr>
<n2ovmr>275.68e-9</n2ovmr>
<f11vmr>12.48e-12</f11vmr>
<f12vmr>0.0</f12vmr>

<!-- Surface emissions for MAM -->
<srf_emis_type>CYCLICAL</srf_emis_type>
<dms_emis_file	   chem="super_fast_llnl_mam3">atm/cam/chem/trop_mozart_aero/emis/aerocom_mam3_dms_surf_2000_c090129.nc</dms_emis_file>
<so2_emis_file	   chem="super_fast_llnl_mam3">atm/cam/chem/trop_mozart_aero/emis/ar5_mam3_so2_surf_1850_c090726.nc</so2_emis_file>
<soag_emis_file	   chem="super_fast_llnl_mam3">atm/cam/chem/trop_mozart_aero/emis/ar5_mam3_soag_1.5_surf_1850_c130423.nc</soag_emis_file>
<bc_a1_emis_file   chem="super_fast_llnl_mam3">atm/cam/chem/trop_mozart_aero/emis/ar5_mam3_bc_surf_1850_c090726.nc</bc_a1_emis_file>
<pom_a1_emis_file  chem="super_fast_llnl_mam3">atm/cam/chem/trop_mozart_aero/emis/ar5_mam3_pom_surf_1850_c130423.nc</pom_a1_emis_file>
<so4_a1_emis_file  chem="super_fast_llnl_mam3">atm/cam/chem/trop_mozart_aero/emis/ar5_mam3_so4_a1_surf_1850_c090726.nc</so4_a1_emis_file>
<so4_a2_emis_file  chem="super_fast_llnl_mam3">atm/cam/chem/trop_mozart_aero/emis/ar5_mam3_so4_a2_surf_1850_c090726.nc</so4_a2_emis_file>
<num_a1_emis_file  chem="super_fast_llnl_mam3">atm/cam/chem/trop_mozart_aero/emis/ar5_mam3_num_a1_surf_1850_c090726.nc</num_a1_emis_file>
<num_a2_emis_file  chem="super_fast_llnl_mam3">atm/cam/chem/trop_mozart_aero/emis/ar5_mam3_num_a2_surf_1850_c090726.nc</num_a2_emis_file>
<ch2o_emis_file    chem="super_fast_llnl_mam3">atm/cam/chem/1850_emis/IPCC_emissions_houw_CH2O_1850_1.9x2.5_c091012.nc</ch2o_emis_file>
<co_emis_file      chem="super_fast_llnl_mam3">atm/cam/chem/1850_emis/IPCC_emissions_houw_CO_1850_1.9x2.5_c091012.nc</co_emis_file>
<nox_emis_file     chem="super_fast_llnl_mam3">atm/cam/chem/1850_emis/IPCC_emissions_houw_NOx_1850_1.9x2.5_c091012.nc</nox_emis_file>
<isop_emis_file    chem="super_fast_llnl_mam3">atm/cam/chem/1850_emis/IPCC_emissions_houw_ISOP_1850_1.9x2.5_c091012.nc</isop_emis_file>

<!-- turn on clm MEGAN VOC emis -->
<megan_specifier>'ISOP=isoprene'</megan_specifier>
<megan_mapped_emisfctrs>.true.</megan_mapped_emisfctrs>

<!-- External forcing for BAM or MAM -->
<ext_frc_type>CYCLICAL</ext_frc_type>
<so2_vrt_emis_file    chem="super_fast_llnl_mam3">atm/cam/chem/trop_mozart_aero/emis/ar5_mam3_so2_elev_1850_c090726.nc </so2_vrt_emis_file>
<so4_a1_vrt_emis_file chem="super_fast_llnl_mam3">atm/cam/chem/trop_mozart_aero/emis/ar5_mam3_so4_a1_elev_1850_c090726.nc</so4_a1_vrt_emis_file>
<so4_a2_vrt_emis_file chem="super_fast_llnl_mam3">atm/cam/chem/trop_mozart_aero/emis/ar5_mam3_so4_a2_elev_1850_c090726.nc</so4_a2_vrt_emis_file>
<num_a1_vrt_emis_file chem="super_fast_llnl_mam3">atm/cam/chem/trop_mozart_aero/emis/ar5_mam3_num_a1_elev_1850_c090726.nc</num_a1_vrt_emis_file>
<num_a2_vrt_emis_file chem="super_fast_llnl_mam3">atm/cam/chem/trop_mozart_aero/emis/ar5_mam3_num_a2_elev_1850_c090726.nc</num_a2_vrt_emis_file>
<pom_a1_vrt_emis_file chem="super_fast_llnl_mam3">atm/cam/chem/trop_mozart_aero/emis/ar5_mam3_pom_elev_1850_c130423.nc </pom_a1_vrt_emis_file>
<bc_a1_vrt_emis_file  chem="super_fast_llnl_mam3">atm/cam/chem/trop_mozart_aero/emis/ar5_mam3_bc_elev_1850_c090726.nc </bc_a1_vrt_emis_file>

<!-- 1850 aircraft emis - zeroed CO and NO emis -->
<airpl_emis_file>atm/waccm/emis/emis.air.1870.nc</airpl_emis_file>

<!-- prescribed methane  -->
<tracer_cnst_file     >CH4_1850-1859_clim_c090605.nc</tracer_cnst_file>
<tracer_cnst_datapath >atm/cam/chem/methane</tracer_cnst_datapath>
<tracer_cnst_type     >CYCLICAL</tracer_cnst_type>
<tracer_cnst_cycle_yr >1855</tracer_cnst_cycle_yr>
<prescribed_ghg_file      >CH4_1850-1859_clim_c090605.nc</prescribed_ghg_file>
<prescribed_ghg_datapath  >atm/cam/chem/methane</prescribed_ghg_datapath>
<prescribed_ghg_type      >CYCLICAL</prescribed_ghg_type>
<prescribed_ghg_cycle_yr  >1855</prescribed_ghg_cycle_yr>


<!-- 1850 LINOZ data  -->
<linoz_data_file>linoz1850_2006jpl_1.9x2.5_26L.nc</linoz_data_file>
<linoz_data_path>atm/cam/chem/trop_mozart/ub</linoz_data_path>
<linoz_data_type>CYCLICAL</linoz_data_type>
<linoz_data_cycle_yr>1850</linoz_data_cycle_yr>
<chlorine_loading_type>FIXED</chlorine_loading_type>
<chlorine_loading_fixed_ymd>18500101</chlorine_loading_fixed_ymd>

<!-- fixed lower boundary data  -->
<flbc_cycle_yr>1850</flbc_cycle_yr>
<flbc_file>atm/waccm/lb/LBC_1850-2100_1.9x2.5_REF2_za_c080114.nc</flbc_file>
<flbc_type>CYCLICAL</flbc_type>

<!-- strat aerosol data  -->
<sad_cycle_yr>1850</sad_cycle_yr>
<sad_file>atm/waccm/sulf/SAD_SULF_1850-2100_1.9x2.5_c080220.nc</sad_file>
<sad_type>CYCLICAL</sad_type>

</namelist_defaults>
