<?xml version="1.0"?>

<namelist_defaults>

<start_ymd>18500101</start_ymd>

<!-- TSI dataset from Lean (via Caspar Ammann) -->
<solar_data_file>atm/cam/solar/SOLAR_TSI_Lean_1610-2007_annual_c090324.nc</solar_data_file>

<!-- GHG values from AR5 PRE2005_MIDYR_CONC.DAT (via Jean-Francois Lamarque) -->
<scenario_ghg>RAMPED</scenario_ghg>
<bndtvghg>atm/cam/ggas/ghg_hist_1765-2005_c091218.nc</bndtvghg>

<!-- Prescribed BAM data is from Jean-Francois Lamarque -->
<prescribed_aero_datapath>atm/cam/chem/trop_mozart_aero/aero</prescribed_aero_datapath>
<prescribed_aero_file>aero_1.9x2.5_L26_1850-2005_c091112.nc</prescribed_aero_file>
<prescribed_aero_type>INTERP_MISSING_MONTHS</prescribed_aero_type>

<!-- aerosol deposition -->
<aerodep_flx_datapath>atm/cam/chem/trop_mozart_aero/aero</aerodep_flx_datapath>
<aerodep_flx_file>aerosoldep_monthly_1849-2006_1.9x2.5_c090803.nc</aerodep_flx_file>
<aerodep_flx_type>INTERP_MISSING_MONTHS</aerodep_flx_type>

<!-- Prescribed ozone data is from Jean-Francois Lamarque -->
<prescribed_ozone_datapath>atm/cam/ozone</prescribed_ozone_datapath>
<prescribed_ozone_file>ozone_1.9x2.5_L26_1850-2005_c091112.nc</prescribed_ozone_file>
<prescribed_ozone_name>O3</prescribed_ozone_name>
<prescribed_ozone_type>INTERP_MISSING_MONTHS</prescribed_ozone_type>

<!-- Volcanic aerosol from eruptions is from Caspar Ammann -->
<prescribed_volcaero_datapath>atm/cam/volc</prescribed_volcaero_datapath>
<prescribed_volcaero_file>CCSM4_volcanic_1850-2008_prototype1.nc</prescribed_volcaero_file>

<!-- TEM diagnostics output -->
<do_circulation_diags         >.false.</do_circulation_diags>
<do_circulation_diags dyn="fv">.true.</do_circulation_diags>


<!-- Output some diagnostics for monitoring time varying forcing -->
<fincl1>
  'cb_ozone_c', 'cb_sulf_c'
</fincl1>
<fincl1 dyn="fv">
  'cb_ozone_c', 'cb_sulf_c',
  'MSKtem','VTH2d','UV2d','UW2d','U2d','V2d','TH2d','W2d','UTGWORO'
</fincl1>

<!-- Add sub-monthly output for AR5 runs -->
<mfilt>1,365,30,120,240</mfilt>
<nhtfrq>0,-24,-24,-6,-3</nhtfrq>

<!-- Daily avg fields present in all runs -->
<fincl2>'TREFHTMN','TREFHTMX','TREFHT','PRECC','PRECL','PSL'</fincl2>

<!-- sim_year attribute used for boundary datasets -->
<sim_year>1850-2000</sim_year>

<!-- Use AMIP SST datasets -->
<sstcyc>.false.</sstcyc>
<stream_year_first>1850</stream_year_first>
<stream_year_last>2012</stream_year_last>
<stream_year_last hgird="48x96" >2008</stream_year_last>

<bndtvs hgrid="0.47x0.63"  sim_year="1850-2000">atm/cam/sst/sst_HadOIBl_bc_0.47x0.63_1850_2012_c130411.nc</bndtvs>
<bndtvs hgrid="0.9x1.25"   sim_year="1850-2000">atm/cam/sst/sst_HadOIBl_bc_0.9x1.25_1850_2012_c130411.nc</bndtvs>
<bndtvs hgrid="1.9x2.5"    sim_year="1850-2000">atm/cam/sst/sst_HadOIBl_bc_1.9x2.5_1850_2012_c130411.nc</bndtvs>
<bndtvs hgrid="4x5"        sim_year="1850-2000">atm/cam/sst/sst_HadOIBl_bc_4x5_1850_2012_c130411.nc</bndtvs>
<bndtvs hgrid="10x15"      sim_year="1850-2000">atm/cam/sst/sst_HadOIBl_bc_10x15_1850_2012_c130411.nc</bndtvs>

<bndtvs hgrid="128x256"    sim_year="1850-2000">atm/cam/sst/sst_HadOIBl_bc_128x256_1850_2012_c130411.nc</bndtvs>
<bndtvs hgrid="64x128"     sim_year="1850-2000">atm/cam/sst/sst_HadOIBl_bc_64x128_1850_2012_c130411.nc</bndtvs>
<bndtvs hgrid="48x96"      sim_year="1850-2000">atm/cam/sst/sst_HadOIBl_bc_48x96_1850_2008_c100128.nc</bndtvs>
<bndtvs hgrid="32x64"      sim_year="1850-2000">atm/cam/sst/sst_HadOIBl_bc_32x64_1850_2012_c130411.nc</bndtvs>
<bndtvs hgrid="8x16"       sim_year="1850-2000">atm/cam/sst/sst_HadOIBl_bc_8x16_1850_2012_c130411.nc</bndtvs>

<!-- Use the clim_pi SST datasets if AMIP datasets not available -->
<sstcyc            hgrid="0.23x0.31">.true.</sstcyc>
<stream_year_first hgrid="0.23x0.31">0</stream_year_first>
<stream_year_last  hgrid="0.23x0.31">0</stream_year_last>
<bndtvs            hgrid="0.23x0.31"  sim_year="1850-2000">atm/cam/sst/sst_HadOIBl_bc_0.23x0.31_clim_pi_c091020.nc</bndtvs>

</namelist_defaults>
