<?xml version="1.0"?>

<namelist_defaults>

<start_ymd>18500101</start_ymd>

<!-- TSI dataset from Lean (via Caspar Ammann) -->
<solar_data_file>atm/cam/solar/SOLAR_SPECTRAL_Lean_1610-2008_annual_c090324.nc</solar_data_file>
<solar_data_type>SERIAL</solar_data_type>

<!-- GHG values from Doug Kinnison -->
<scenario_ghg>RAMPED</scenario_ghg>
<bndtvghg>atm/cam/ggas/ghg_hist_1765-2005_c091218.nc</bndtvghg>

<!-- Surface emissions for MAM from by R Easter, PNNL -->
<srf_emis_type>INTERP_MISSING_MONTHS</srf_emis_type>
<dms_emis_file	   chem="trop_mam3">atm/cam/chem/trop_mozart_aero/emis/aerocom_mam3_dms_surf_1849-2006_c090804.nc</dms_emis_file>
<so2_emis_file	   chem="trop_mam3">atm/cam/chem/trop_mozart_aero/emis/ar5_mam3_so2_surf_1850-2005_c090804.nc    </so2_emis_file>
<soag_emis_file	   chem="trop_mam3">atm/cam/chem/trop_mozart_aero/emis/ar5_mam3_soag_1.5_surf_1850-2005_c130424.nc</soag_emis_file>
<bc_a1_emis_file   chem="trop_mam3">atm/cam/chem/trop_mozart_aero/emis/ar5_mam3_bc_surf_1850-2005_c090804.nc     </bc_a1_emis_file>
<pom_a1_emis_file  chem="trop_mam3">atm/cam/chem/trop_mozart_aero/emis/ar5_mam3_pom_surf_1850-2005_c130424.nc    </pom_a1_emis_file>
<so4_a1_emis_file  chem="trop_mam3">atm/cam/chem/trop_mozart_aero/emis/ar5_mam3_so4_a1_surf_1850-2005_c090804.nc </so4_a1_emis_file>
<so4_a2_emis_file  chem="trop_mam3">atm/cam/chem/trop_mozart_aero/emis/ar5_mam3_so4_a2_surf_1850-2005_c090804.nc </so4_a2_emis_file>
<num_a1_emis_file  chem="trop_mam3">atm/cam/chem/trop_mozart_aero/emis/ar5_mam3_num_a1_surf_1850-2005_c090804.nc </num_a1_emis_file>
<num_a2_emis_file  chem="trop_mam3">atm/cam/chem/trop_mozart_aero/emis/ar5_mam3_num_a2_surf_1850-2005_c090804.nc </num_a2_emis_file>

<!-- External forcing for MAM -->
<ext_frc_type>INTERP_MISSING_MONTHS</ext_frc_type>
<so2_ext_file      chem="trop_mam3">atm/cam/chem/trop_mozart_aero/emis/ar5_mam3_so2_elev_1850-2005_c090804.nc    </so2_ext_file>
<so4_a1_ext_file   chem="trop_mam3">atm/cam/chem/trop_mozart_aero/emis/ar5_mam3_so4_a1_elev_1850-2005_c090804.nc </so4_a1_ext_file>
<so4_a2_ext_file   chem="trop_mam3">atm/cam/chem/trop_mozart_aero/emis/ar5_mam3_so4_a2_elev_1850-2005_c090804.nc </so4_a2_ext_file>
<num_a1_ext_file   chem="trop_mam3">atm/cam/chem/trop_mozart_aero/emis/ar5_mam3_num_a1_elev_1850-2005_c090804.nc </num_a1_ext_file>
<num_a2_ext_file   chem="trop_mam3">atm/cam/chem/trop_mozart_aero/emis/ar5_mam3_num_a2_elev_1850-2005_c090804.nc </num_a2_ext_file>
<pom_a1_ext_file   chem="trop_mam3">atm/cam/chem/trop_mozart_aero/emis/ar5_mam3_pom_elev_1850-2005_c130424.nc    </pom_a1_ext_file>
<bc_a1_ext_file    chem="trop_mam3">atm/cam/chem/trop_mozart_aero/emis/ar5_mam3_bc_elev_1850-2005_c090804.nc     </bc_a1_ext_file>

<!-- Volcanic aerosol from eruptions is from Caspar Ammann -->
<prescribed_volcaero_datapath>atm/cam/volc</prescribed_volcaero_datapath>
<prescribed_volcaero_file>CCSM4_volcanic_1850-2008_prototype1.nc</prescribed_volcaero_file>

<!-- Prescribed ozone data is from Jean-Francois Lamarque -->
<prescribed_ozone_datapath> atm/cam/ozone                         </prescribed_ozone_datapath>
<prescribed_ozone_file>     ozone_1.9x2.5_L26_1850-2005_c090803.nc</prescribed_ozone_file>
<prescribed_ozone_name>     O3                                    </prescribed_ozone_name>
<prescribed_ozone_type>     INTERP_MISSING_MONTHS                 </prescribed_ozone_type>

<!-- Prescribed oxidants for aerosol chemistry -->
<tracer_cnst_datapath> atm/cam/chem/trop_mozart_aero/oxid </tracer_cnst_datapath> 
<tracer_cnst_file>     oxid_1.9x2.5_L26_1850-2005_c091123.nc  </tracer_cnst_file> 
<tracer_cnst_type>     INTERP_MISSING_MONTHS                  </tracer_cnst_type> 

<!-- sim_year used for CLM datasets and SSTs forcings -->
<sim_year>1850-2000</sim_year>

<!-- Use AMIP SST datasets -->
<sstcyc>.false.</sstcyc>
<stream_year_first>1850</stream_year_first>
<stream_year_last>2012</stream_year_last>
<stream_year_last hgird="48x96" >2008</stream_year_last>

<bndtvs hgrid="0.47x0.63"  sim_year="1850-2000">atm/cam/sst/sst_HadOIBl_bc_0.47x0.63_1850_2012_c130411.nc</bndtvs>
<bndtvs hgrid="0.9x1.25"   sim_year="1850-2000">atm/cam/sst/sst_HadOIBl_bc_0.9x1.25_1850_2012_c130411.nc</bndtvs>
<bndtvs hgrid="1.9x2.5"    sim_year="1850-2000">atm/cam/sst/sst_HadOIBl_bc_1.9x2.5_1850_2012_c130411.nc</bndtvs>
<bndtvs hgrid="4x5"        sim_year="1850-2000">atm/cam/sst/sst_HadOIBl_bc_4x5_1850_2012_c130411.nc</bndtvs>
<bndtvs hgrid="10x15"      sim_year="1850-2000">atm/cam/sst/sst_HadOIBl_bc_10x15_1850_2012_c130411.nc</bndtvs>

<bndtvs hgrid="128x256"    sim_year="1850-2000">atm/cam/sst/sst_HadOIBl_bc_128x256_1850_2012_c130411.nc</bndtvs>
<bndtvs hgrid="64x128"     sim_year="1850-2000">atm/cam/sst/sst_HadOIBl_bc_64x128_1850_2012_c130411.nc</bndtvs>
<bndtvs hgrid="48x96"      sim_year="1850-2000">atm/cam/sst/sst_HadOIBl_bc_48x96_1850_2008_c100128.nc</bndtvs>
<bndtvs hgrid="32x64"      sim_year="1850-2000">atm/cam/sst/sst_HadOIBl_bc_32x64_1850_2012_c130411.nc</bndtvs>
<bndtvs hgrid="8x16"       sim_year="1850-2000">atm/cam/sst/sst_HadOIBl_bc_8x16_1850_2012_c130411.nc</bndtvs>

<!-- Use the clim_pi SST datasets if AMIP datasets not available -->
<sstcyc            hgrid="0.23x0.31">.true.</sstcyc>
<stream_year_first hgrid="0.23x0.31">0</stream_year_first>
<stream_year_last  hgrid="0.23x0.31">0</stream_year_last>
<bndtvs            hgrid="0.23x0.31"  sim_year="1850-2000">atm/cam/sst/sst_HadOIBl_bc_0.23x0.31_clim_pi_c091020.nc</bndtvs>

</namelist_defaults>
