<?xml version="1.0"?>

<namelist_defaults>

<!-- Solar constant from Lean (via Caspar Ammann) -->
<solar_const>1360.89</solar_const>

<!-- 1850 GHG values from ipcc-ar4-cfcs-1850-2000.xls (Doug Kinnison) -->
<!-- CO2 value is double the actual 1850 value of 284.7e-6 -->
<co2vmr>569.4e-6</co2vmr>
<ch4vmr>791.6e-9</ch4vmr>
<n2ovmr>275.68e-9</n2ovmr>
<f11vmr>12.48e-12</f11vmr>
<f12vmr>0.0</f12vmr>

<!-- 1850 BAM data is from Jean-Francois Lamarque -->
<!-- An older dataset is specified to preserve answers for the 1 degree run -->
<prescribed_aero_datapath>atm/cam/chem/trop_mozart_aero/aero</prescribed_aero_datapath>
<prescribed_aero_file                 >aero_1.9x2.5_L26_1850clim_c091112.nc</prescribed_aero_file>
<prescribed_aero_file hgrid="0.9x1.25">aero_1.9x2.5_L26_1850clim_c090420.nc</prescribed_aero_file>
<prescribed_aero_type>CYCLICAL</prescribed_aero_type>
<prescribed_aero_cycle_yr>1850</prescribed_aero_cycle_yr>

<!-- aerosol deposition -->
<aerodep_flx_datapath>atm/cam/chem/trop_mozart_aero/aero</aerodep_flx_datapath>
<aerodep_flx_file>aerosoldep_monthly_1850_mean_1.9x2.5_c090421.nc</aerodep_flx_file>
<aerodep_flx_type>CYCLICAL</aerodep_flx_type>
<aerodep_flx_cycle_yr>1850</aerodep_flx_cycle_yr>

<!-- 1850 ozone data is from Jean-Francois Lamarque -->
<!-- An older dataset is specified to preserve answers for the 1 degree run -->
<prescribed_ozone_datapath>atm/cam/ozone</prescribed_ozone_datapath>
<prescribed_ozone_file                 >ozone_1.9x2.5_L26_1850clim_c091112.nc</prescribed_ozone_file>
<prescribed_ozone_file hgrid="0.9x1.25">ozone_1.9x2.5_L26_1850clim_c090420.nc</prescribed_ozone_file>
<prescribed_ozone_name>O3</prescribed_ozone_name>
<prescribed_ozone_type>CYCLICAL</prescribed_ozone_type>
<prescribed_ozone_cycle_yr>1850</prescribed_ozone_cycle_yr>

<!-- sim_year used for CLM datasets and SSTs forcings -->
<sim_year>1850</sim_year>

</namelist_defaults>
