<?xml version="1.0"?>

<namelist_defaults>

<start_ymd>00010101</start_ymd>

<ncdata hgrid="1.9x2.5" >atm/cam/inic/fv/cami-chem_1990-01-01_1.9x2.5_L26_c080114.nc</ncdata>

<!-- Solar constant from Lean (via Caspar Ammann) -->
<solar_data_file>atm/cam/solar/spectral_irradiance_Lean_1610-2009_ann_c100405.nc</solar_data_file>
<solar_data_ymd>20000101</solar_data_ymd>
<solar_data_type>FIXED</solar_data_type>

<!-- Prescribed BAM data is from Jean-Francois Lamarque -->
<prescribed_aero_datapath>atm/cam/chem/trop_mozart_aero/aero</prescribed_aero_datapath>
<prescribed_aero_file>aero_1.9x2.5_L26_1850-2005_c091112.nc</prescribed_aero_file>
<prescribed_aero_type>CYCLICAL</prescribed_aero_type>
<prescribed_aero_cycle_yr>2000</prescribed_aero_cycle_yr>

<!-- aerosol deposition -->
<aerodep_flx_datapath>atm/cam/chem/trop_mozart_aero/aero</aerodep_flx_datapath>
<aerodep_flx_file>aerosoldep_monthly_2000_mean_1.9x2.5_c090421.nc</aerodep_flx_file>
<aerodep_flx_type>CYCLICAL</aerodep_flx_type>
<aerodep_flx_cycle_yr>2000</aerodep_flx_cycle_yr>

<!-- Prescribed ozone data is from Jean-Francois Lamarque -->
<prescribed_ozone_datapath> atm/cam/ozone                         </prescribed_ozone_datapath>
<prescribed_ozone_file>     ozone_1.9x2.5_L26_1850-2005_c090803.nc</prescribed_ozone_file>
<prescribed_ozone_name>     O3                                    </prescribed_ozone_name>
<prescribed_ozone_type>     CYCLICAL                              </prescribed_ozone_type>
<prescribed_ozone_cycle_yr> 2000                                  </prescribed_ozone_cycle_yr>

<chem_rad_passive>.true.</chem_rad_passive>
<drydep_method>'xactive_lnd'</drydep_method>

<!-- sim_year used for CLM datasets -->
<sim_year>2000</sim_year>

<!-- fixed lower boundary data  -->
<flbc_cycle_yr>2000</flbc_cycle_yr>
<flbc_file>atm/waccm/lb/LBC_1765-2500_1.9x2.5_CMIP5_RCP45_za_c120204.nc</flbc_file>
<flbc_type>CYCLICAL</flbc_type>

<!-- strat aerosol data  -->
<sad_cycle_yr>2000</sad_cycle_yr>
<sad_file>atm/waccm/sulf/SAD_SULF_1849-2100_1.9x2.5_c090817.nc</sad_file>
<sad_type>CYCLICAL</sad_type>

<!-- emissions timing  -->

<!-- <ext_frc_type>'SERIAL'</ext_frc_type> -->
<srf_emis_type>'CYCLICAL'</srf_emis_type>
<srf_emis_cycle_yr>2000</srf_emis_cycle_yr>
<!-- History Files -->

<mfilt>            1 </mfilt>
<nhtfrq>           0 </nhtfrq>
<avgflag_pertape> 'A' </avgflag_pertape>

<fincl1>
  'Q', 'U', 'V', 'OMEGA', 'T', 'PS', 'TROP_P','PBLH','PRECC','PRECL','PHIS', 'QFLX', 'SHFLX', 'TAUX', 'TAUY',
  'O3', 'O', 'O1D', 'N2O', 'NO', 'NO2', 'NO3', 'HNO3', 'HO2NO2', 'N2O5', 'H2', 'OH', 'HO2', 'H2O2',
  'CH4', 'CO', 'CH3O2', 'CH3OOH', 'CH2O', 'CH3OH', 'C2H5OH', 'C2H4', 'EO', 'EO2', 'CH3COOH', 'GLYALD', 'C2H6',
  'C2H5O2', 'C2H5OOH', 'CH3CHO', 'CH3CO3', 'CH3COOOH', 'C3H6', 'C3H8', 'C3H7O2', 'C3H7OOH', 'PO2', 'POOH',
  'CH3COCH3', 'RO2', 'ROOH', 'BIGENE', 'ENEO2', 'MEK', 'MEKO2', 'MEKOOH', 'BIGALK', 'ALKO2', 'ALKOOH', 'ISOP',
  'ISOPO2', 'ISOPOOH', 'MVK', 'MACR', 'MACRO2', 'MACROOH', 'MCO3', 'HYDRALD', 'HYAC', 'CH3COCHO', 'XO2', 'XOOH',
  'C10H16', 'TERPO2', 'TERPOOH', 'TOLUENE', 'CRESOL', 'TOLO2', 'TOLOOH', 'XOH', 'BIGALD', 'GLYOXAL', 'PAN',
  'ONIT', 'MPAN', 'ISOPNO3', 'ONITR', 'CB1', 'CB2', 'OC1', 'OC2', 'SOA', 'SO2', 'SO4', 'DMS', 'NH3', 'NH4', 'NH4NO3',
  'SSLT01', 'SSLT02', 'SSLT03', 'SSLT04', 'DST01', 'DST02', 'DST03', 'DST04', 'Rn', 'Pb','HCN','CH3CN',
  'SFNO','SFNO2','SFCO','SFBIGALK','SFBIGENE','SFC10H16','SFC2H4','SFC2H5OH','SFC2H6','SFC3H6','SFC3H8',
  'SFCH2O','SFCH3CHO','SFCH3COCH3','SFCH3OH','SFDMS','SFISOP','SFMEK','SFNH3',
  'SFCB1','SFCB2','SFOC1','SFOC2','SFSO2','SFTOLUENE','SFHCN','SFCH3CN',
  'DV_HCN','DV_CH3CN','WDR_HCN','WDR_CH3CN','WD_HCN','WD_CH3CN',
  'WDR_SO2','WDR_HNO3','WDR_H2O2','WDR_CH2O','WD_SO2',
  'O3_CHMP','O3_CHML','CO_CHMP','CO_CHML','CH4_CHML','SO4_CHMP','SO4_CHML',
</fincl1>

</namelist_defaults>
