<?xml version="1.0"?>

<namelist_defaults>

<start_ymd>00010101</start_ymd>

<ncdata hgrid="1.9x2.5" >atm/cam/inic/fv/camchemi_ar5_1860-01-01-00000_1.9x2.5_L26_c090501.nc</ncdata>
<ncdata hgrid="0.9x1.25">atm/cam/inic/fv/camchemi_ar5_1860-01-01-00000_0.9x1.25_L26_c090922.nc</ncdata>

<!-- Solar constant from Lean (via Caspar Ammann) -->
<solar_data_file>atm/cam/solar/spectral_irradiance_Lean_1610-2009_ann_c100405.nc</solar_data_file>
<solar_data_ymd>20000101</solar_data_ymd>
<solar_data_type>FIXED</solar_data_type>

<solar_parms_file>atm/waccm/phot/wasolar_ave.nc</solar_parms_file>

<fstrat_file>atm/cam/chem/trop_mozart/ub/ub_vals_moz3.nc</fstrat_file>

<!-- 2005 GHG values from ghg_hist_1765-2005_c091218.nc -->
<!-- Originally from AR5 PRE2005_MIDYR_CONC.DAT (via Jean-Francois Lamarque) -->
<co2vmr>378.8125e-6</co2vmr>
<ch4vmr>1753.735e-9</ch4vmr>
<n2ovmr>319.44e-9</n2ovmr>
<f11vmr>708.7149e-12</f11vmr>
<f12vmr>539.4e-12</f12vmr>

<cldfrc_rhminl>0.9225D0</cldfrc_rhminl>

<!-- Prescribed BAM data is from Jean-Francois Lamarque -->
<prescribed_aero_datapath>atm/cam/chem/trop_mozart_aero/aero</prescribed_aero_datapath>
<prescribed_aero_file>aero_1.9x2.5_L26_1850-2005_c091112.nc</prescribed_aero_file>
<prescribed_aero_type>CYCLICAL</prescribed_aero_type>
<prescribed_aero_cycle_yr>2000</prescribed_aero_cycle_yr>

<!-- aerosol deposition -->
<aerodep_flx_datapath>atm/cam/chem/trop_mozart_aero/aero</aerodep_flx_datapath>
<aerodep_flx_file>aerosoldep_monthly_2000_mean_1.9x2.5_c090421.nc</aerodep_flx_file>
<aerodep_flx_type>CYCLICAL</aerodep_flx_type>
<aerodep_flx_cycle_yr>2000</aerodep_flx_cycle_yr>

<!-- Prescribed ozone data is from Jean-Francois Lamarque -->
<prescribed_ozone_datapath>atm/cam/ozone</prescribed_ozone_datapath>
<prescribed_ozone_file>ozone_1.9x2.5_L26_1850-2005_c091112.nc</prescribed_ozone_file>
<prescribed_ozone_name>O3</prescribed_ozone_name>
<prescribed_ozone_type>CYCLICAL</prescribed_ozone_type>
<prescribed_ozone_cycle_yr>2000</prescribed_ozone_cycle_yr>

<!-- sim_year used for CLM datasets -->
<sim_year>2000</sim_year>

<!-- 1850 emissons is from Jean-Francois Lamarque -->
<srf_emis_type>CYCLICAL</srf_emis_type>
<srf_emis_cycle_yr>2000</srf_emis_cycle_yr>
<ch2o_emis_file    >atm/cam/chem/1850-2000_emis/IPCC_emissions_houw_CH2O_1850-2000_1.9x2.5.c090728.nc</ch2o_emis_file>
<co_emis_file      >atm/cam/chem/1850-2000_emis/IPCC_emissions_houw_CO_1850-2000_1.9x2.5.c090728.nc</co_emis_file>
<dms_emis_file     >atm/cam/chem/1850-2000_emis/IPCC_emissions_houw_DMS_1850-2000_1.9x2.5.c090827.nc</dms_emis_file>
<nox_emis_file     >atm/cam/chem/1850-2000_emis/IPCC_emissions_houw_NOx_1850-2000_1.9x2.5.c090728.nc</nox_emis_file>
<so2_emis_file     >atm/cam/chem/1850-2000_emis/IPCC_emissions_houw_SO2_1850-2000_1.9x2.5.c090522.nc</so2_emis_file>
<isop_emis_file    >atm/cam/chem/1850-2000_emis/IPCC_emissions_houw_ISOP_1850-2000_1.9x2.5.c090827.nc</isop_emis_file>

<!-- turn on clm MEGAN VOC emis -->
<megan_specifier>'ISOP = isoprene'</megan_specifier>
<megan_mapped_emisfctrs>.true.</megan_mapped_emisfctrs>

<ext_frc_type>FIXED</ext_frc_type>
<ext_frc_fixed_ymd>20000101</ext_frc_fixed_ymd>
<so2_vrt_emis_file                 >atm/cam/chem/1850-2000_emis/IPCC_emissions_volc_SO2_1850-2000_1.9x2.5.c090629.nc</so2_vrt_emis_file>
<so4_vrt_emis_file                 >atm/cam/chem/1850-2000_emis/IPCC_emissions_volc_SO4_1850-2000_1.9x2.5.c090629.nc</so4_vrt_emis_file>
<so2_vrt_emis_file hgrid="0.9x1.25">atm/cam/chem/1850-2000_emis/IPCC_emissions_volc_SO2_1850-2000_0.9x1.25.c090629.nc</so2_vrt_emis_file>
<so4_vrt_emis_file hgrid="0.9x1.25">atm/cam/chem/1850-2000_emis/IPCC_emissions_volc_SO4_1850-2000_0.9x1.25.c090629.nc</so4_vrt_emis_file>
<no2_aircraft_emis_file>atm/cam/chem/1850-2000_emis/IPCC_emissions_aircraft_NO2_1850-2000_1.9x2.5_c090729.nc</no2_aircraft_emis_file>
<ipcc_aircraft_emis>.true.</ipcc_aircraft_emis>

<!-- 1850 aircraft emis - zeroed CO and NO emis -->
<airpl_emis_file>atm/waccm/emis/emis.air.nc</airpl_emis_file>

<!-- prescribed methane  -->
<tracer_cnst_file     >CH4_2000-2009_clim_c090605.nc</tracer_cnst_file>
<tracer_cnst_datapath >atm/cam/chem/methane</tracer_cnst_datapath>
<tracer_cnst_type     >CYCLICAL</tracer_cnst_type>
<tracer_cnst_cycle_yr >2005</tracer_cnst_cycle_yr>
<prescribed_ghg_file    >CH4_2000-2009_clim_c090605.nc</prescribed_ghg_file>
<prescribed_ghg_datapath>atm/cam/chem/methane</prescribed_ghg_datapath>
<prescribed_ghg_type    >CYCLICAL</prescribed_ghg_type>
<prescribed_ghg_cycle_yr>2005</prescribed_ghg_cycle_yr>


<!-- 1850 LINOZ data  -->
<linoz_data_file>linoz1800-2100_2006jpl_climo_1.9x2.5_26L.c090424.nc</linoz_data_file>
<linoz_data_path>atm/cam/chem/trop_mozart/ub</linoz_data_path>
<linoz_data_type>CYCLICAL</linoz_data_type>
<linoz_data_cycle_yr>2000</linoz_data_cycle_yr>
<chlorine_loading_type>FIXED</chlorine_loading_type>
<chlorine_loading_fixed_ymd>20000101</chlorine_loading_fixed_ymd>

<!-- fixed lower boundary data  -->
<flbc_cycle_yr>2000</flbc_cycle_yr>
<flbc_file>atm/waccm/lb/LBC_1850-2100_1.9x2.5_REF2_za_c080114.nc</flbc_file>
<flbc_type>CYCLICAL</flbc_type>

<!-- strat aerosol data  -->
<sad_cycle_yr>2000</sad_cycle_yr>
<sad_file>atm/waccm/sulf/SAD_SULF_1850-2100_1.9x2.5_c080220.nc</sad_file>
<sad_type>CYCLICAL</sad_type>

</namelist_defaults>
