<?xml version="1.0"?>

<namelist_defaults>

<start_ymd>0101</start_ymd>
<ncdata dyn="fv" hgrid="1.9x2.5">atm/cam/chem/ic/f2000_tropmam3_alpha03c_chem2_1.9x2.5_L30_0009-01-01-00000_c130329.nc</ncdata>
<ncdata dyn="fv" hgrid="4x5">atm/cam/chem/ic/f2000_tropmam3_alpha03c_chem2_4x5_L30_0009-01-01-00000_c130329.nc</ncdata>

<gas_wetdep_method>NEU</gas_wetdep_method>

<lght_no_prd_factor hgrid="1.9x2.5">3.0</lght_no_prd_factor>

<fincl1>
  'AEROD_v', 'AOA1', 'AOA2', 'CH2O', 'CH3O2', 'CH3OOH', 'CH4', 'CLDHGH', 'CLDLOW', 'CLDMED', 'CLDTOT', 'CLOUD',
  'CO', 'FLNS', 'FLNSC', 'FLNT', 'FLNTC', 'FSDS', 'FSNS', 'FSNSC', 'FSNT', 'FSNTC', 'H', 'H2', 'H2O2', 'HNO3_GAS',
  'HNO3_STS', 'HNO3_NAT', 'HNO3', 'HO2', 'HO2NO2', 'LANDFRAC', 'LHFLX', 'N2O', 'N2O5', 'NO', 'NO2',
  'NO3', 'O', 'O1D', 'O3', 'OCNFRAC', 'OH', 'OMEGA', 'PHIS', 'PRECC', 'PRECL', 'PS', 'Q', 'QRL', 'QRS', 'RELHUM', 'SHFLX',
  'SOLIN', 'SWCF', 'T', 'U', 'V', 'Z3', 'NOX', 'NOY', 'CLOX', 'CLOY',
  'BROX', 'BROY', 'TCLY', 'TOTH', 'CLDLIQ', 'CLDICE', 'CONCLD', 'SNOWHLND', 'SNOWHICE', 'ICEFRAC', 'FSDSC',
  'C2H4', 'C2H6', 'C2H5O2', 'C2H5OOH', 'CH3CO3', 'CH3COOH', 'CH3CHO', 'C2H5OH', 'GLYALD', 'GLYOXAL', 'CH3COOOH',
  'EO2', 'EO', 'PAN', 'C3H6', 'C3H8', 'C3H7O2', 'C3H7OOH', 'CH3COCH3', 'PO2', 'POOH', 'HYAC', 'RO2', 'CH3COCHO',
  'ROOH', 'BIGENE', 'BIGALK', 'MEK', 'ENEO2', 'MEKO2', 'MEKOOH', 'MCO3', 'MVK', 'MACR', 'MACRO2', 'MACROOH', 'MPAN',
  'ONIT', 'ISOP', 'ALKO2', 'ALKOOH', 'BIGALD', 'HYDRALD', 'ISOPO2', 'ISOPNO3', 'ONITR', 'XO2', 'XOOH', 'CH3CN',
  'ISOPOOH', 'TOLUENE', 'CRESOL', 'TOLO2', 'TOLOOH', 'XOH', 'C10H16', 'TERPO2', 'TERPOOH', 'HCN', 
  'C2H2', 'HCOOH', 'HOCH2OO', 'LNO_PROD', 'LNO_COL_PROD', 'H2SO4',
  'SOAG', 'SOA', 'EOOH', 'bc_a1', 'num_a1', 'num_a2', 'pom_a1', 'so4_a1', 'so4_a2', 'so4_a3', 'dst_a1', 'dst_a3',
  'bc_a1SFWET', 'bc_a1DDF', 'SFbc_a1', 'bc_a1_CLXF', 'pom_a1SFWET', 'pom_a1DDF', 'SFpom_a1',
  'pom_a1_CLXF', 'so4_a1SFWET', 'so4_a2DDF', 'soa_a1', 'soa_a2', 'soa_a1SFWET', 'soa_a1DDF',
  'soa_a1_CHMP', 'soa_a1_CHML', 'soa_a2SFWET', 'soa_a2DDF', 'soa_a2_CHMP', 'soa_a2_CHML',
  'so4_a1_sfgaex1', 'so4_a2_sfgaex1', 'so4_a3_sfgaex1', 'soa_a1_sfgaex1', 'soa_a2_sfgaex1',
  'so4_c1AQH2SO4', 'so4_c2AQH2SO4', 'so4_c3AQH2SO4', 'so4_c1AQSO4', 'so4_c2AQSO4', 'so4_c3AQSO4',
  'ncl_a1', 'ncl_a2', 'ncl_a3', 'bc_c1', 'bc_c1SFWET', 'bc_c1DDF', 'dst_c1', 'dst_c1SFWET', 'dst_c1DDF',
  'pom_c1', 'pom_c1SFWET', 'pom_c1DDF', 'soa_c1', 'soa_c1SFWET', 'soa_c1DDF', 'soa_c2', 'soa_c2SFWET',
  'soa_c2DDF', 'ncl_c1', 'ncl_c1SFWET', 'ncl_c1DDF', 'ncl_c2', 'ncl_c2SFWET', 'ncl_c2DDF', 'ncl_c3',
  'ncl_c3SFWET', 'ncl_c3DDF', 'so4_c1', 'so4_c1SFWET', 'so4_c1DDF', 'so4_c2', 'so4_c2SFWET', 'so4_c2DDF',
  'so4_c3', 'so4_c3SFWET', 'so4_c3DDF', 'SFnum_a1', 'SFnum_a2', 'SFso4_a1', 'SFso4_a2', 'SFISOP',
  'SFC10H16', 'SFCH3OH', 'SFC2H5OH', 'SFCH3CHO', 'SFMEK', 'SFHCN', 'SFCH3CN', 'SFCH2O', 'SFC2H6', 'SFC3H8',
  'SFC2H4', 'SFC3H6', 'SFCH3COCH3', 'SFBIGALK', 'SFBIGENE', 'SFTOLUENE', 'SFCO', 'SFNO', 'SFNO2', 'SFCH2O',
  'SFC2H2', 'SFHCOOH', 'SFCH3COCHO', 'SFCH3COOH', 'SFCH3COCH3', 'SFCH3OH', 'SFDMS', 'SFMEK', 'SFNH3', 'SFSO2',
  'SFRn', 'SFSOAG', 'DTWR_ALKOOH', 'DTWR_C2H5OH', 'DTWR_C2H5OOH', 'DTWR_C3H7OOH', 'DTWR_CH2O',
  'DTWR_CH3CHO', 'DTWR_CH3CN', 'DTWR_CH3COCHO', 'DTWR_CH3COOH', 'DTWR_CH3COOOH', 'DTWR_CH3OH',
  'DTWR_CH3OOH', 'DTWR_EOOH', 'DTWR_GLYALD', 'DTWR_H2O2', 'DTWR_HCN', 'DTWR_HCOOH', 'DTWR_HNO3',
  'DTWR_HO2NO2', 'DTWR_HYAC', 'DTWR_HYDRALD', 'DTWR_ISOPNO3', 'DTWR_ISOPOOH', 'DTWR_MACR',
  'DTWR_MACROOH', 'DTWR_MEKOOH', 'DTWR_MVK', 'DTWR_NH3', 'DTWR_ONIT', 'DTWR_ONITR', 'DTWR_POOH',
  'DTWR_Pb', 'DTWR_ROOH', 'DTWR_SO2', 'DTWR_TERPOOH', 'DTWR_TOLOOH', 'DTWR_XOOH', 'DV_CH3OOH', 'DV_CH2O',
  'DV_CO', 'DV_H2O2', 'DV_CH3COOOH', 'DV_PAN', 'DV_MPAN', 'DV_C2H5OOH', 'DV_ONIT', 'DV_ONITR', 'DV_MACROOH',
  'DV_POOH', 'DV_C3H7OOH', 'DV_ROOH', 'DV_CH3COCHO', 'DV_CH3COCH3', 'DV_XOOH', 'DV_ISOPOOH', 'DV_CH3OH',
  'DV_C2H5OH', 'DV_CH3CHO', 'DV_EOOH', 'DV_GLYALD', 'DV_HYAC', 'DV_HYDRALD', 'DV_ALKOOH', 'DV_MEKOOH',
  'DV_TOLOOH', 'DV_TERPOOH', 'DV_CH3COOH', 'DV_HCN', 'DV_CH3CN', 'DV_HCOOH', 'DV_NO2', 'DV_HNO3', 'DV_NO',
  'DV_HO2NO2', 'DO3CHM', 'DCOCHM', 'DHNO3CHM', 'DH2O2CHM', 'O3_CHMP', 'O3_CHML', 'OH_CHML', 'H2O2_CHML',
  'H2O2_CHMP', 'HNO3_CHML', 'HNO3_CHMP', 'CH4_CHML', 'HCN_CHML', 'CO_CHMP', 'CO_CHML', 'N2O_CHML',
  'H2SO4_CHMP', 'H2SO4_CHML', 'jno2', 'jpan', 'jh2o2', 'jo3_a', 'ABSORB', 'AODVIS', 'AODMODE1', 'AODMODE2',
  'AODMODE3', 'AODDUST1', 'AODDUST2', 'AODDUST3'
</fincl1>

<cosp_amwg>.true.</cosp_amwg>

<history_aerosol>.true.</history_aerosol>

</namelist_defaults>
