<?xml version="1.0"?>

<namelist_defaults>

<start_ymd>0101</start_ymd>
<ncdata dyn="fv" hgrid="1.9x2.5">atm/cam/chem/ic/f2000_stratmam3_alpha03c_chem2_1.9x2.5_L30_0011-01-01-00000_c130328.nc</ncdata>
<ncdata dyn="fv" hgrid="4x5">atm/cam/chem/ic/f2000_stratmam3_alpha03c_chem2_4x5_L30_0011-01-01-00000_c130328.nc</ncdata>

<gas_wetdep_method>NEU</gas_wetdep_method>

<sad_file>'atm/waccm/sulf/SAD_SULF_1950-2011_1.9x2.5_c130102.nc'</sad_file>
<sad_type>'CYCLICAL'</sad_type>
<sad_cycle_yr>2000</sad_cycle_yr>

<solar_data_file>'atm/cam/solar/spectral_irradiance_Lean_1950-2012_daily_Leap_c130227.nc'</solar_data_file>
<solar_htng_spctrl_scl>.true.</solar_htng_spctrl_scl>
<solar_data_type>'FIXED'</solar_data_type>
<solar_data_ymd>20000101</solar_data_ymd>

<flbc_file>atm/waccm/lb/LBC_1765-2500_1.9x2.5_CMIP5_RCP45_za_c120204.nc</flbc_file>

<co2vmr>0.000001e-6</co2vmr>

<lght_no_prd_factor hgrid="1.9x2.5">3.0</lght_no_prd_factor>
 
<do_circulation_diags>.true.</do_circulation_diags>
<history_aerosol>.true.</history_aerosol>

<fincl1>
  'AEROD_v', 'AOA1', 'AOA2', 'BR', 'BRCL', 'BRO', 'BRONO2', 'CCL4', 'CF2CLBR', 'CF3BR', 'CFC11', 'CFC113', 'CFC12',
  'CH2O', 'CH3BR', 'CH3CCL3', 'CH3CL', 'CH3O2', 'CH3OOH', 'CH4', 'CL', 'CL2', 'CL2O2', 'CLDHGH', 'CLDLOW', 'CLDMED',
  'CLDTOT', 'CLO', 'CLONO2', 'CLOUD', 'CO', 'CO2', 'FLNS', 'FLNSC', 'FLNT', 'FLNTC', 'FSDS', 'FSNS', 'FSNSC', 'FSNT',
  'FSNTC', 'H', 'H2', 'H2O', 'H2O2', 'HBR', 'HCFC22', 'HCL', 'HNO3_GAS', 'HNO3_STS', 'HNO3_NAT', 'VEL_NAT2', 'HNO3',
  'HO2', 'HO2NO2', 'HOBR', 'HOCL', 'LANDFRAC', 'LHFLX', 'N', 'N2O', 'N2O5', 'NO', 'NO2', 'NO3', 'O', 'O1D', 'O3', 'OCLO',
  'OCNFRAC', 'OH', 'OMEGA', 'PHIS', 'PRECC', 'PRECL', 'PS', 'Q', 'QRL', 'QRS', 'RELHUM', 'SHFLX', 'SOLIN', 'SWCF',
  'SAD_ICE', 'SAD_LNAT', 'SAD_SULFC', 'SAD_TROP', 'T', 'U', 'V', 'Z3', 'NOX', 'NOY', 'CLOX', 'CLOY', 'BROX', 'BROY',
  'TCLY', 'TOTH', 'CLDLIQ', 'CLDICE', 'CONCLD', 'SNOWHLND', 'SNOWHICE', 'ICEFRAC', 'FSDSC', 'C2H4', 'C2H6',
  'C2H5O2', 'C2H5OOH', 'CH3CO3', 'CH3COOH', 'CH3CHO', 'C2H5OH', 'GLYALD', 'GLYOXAL', 'CH3COOOH', 'EO2', 'EO',
  'PAN', 'C3H6', 'C3H8', 'C3H7O2', 'C3H7OOH', 'CH3COCH3', 'PO2', 'POOH', 'HYAC', 'RO2', 'CH3COCHO', 'ROOH',
  'BIGENE', 'BIGALK', 'MEK', 'ENEO2', 'MEKO2', 'MEKOOH', 'MCO3', 'MVK', 'MACR', 'MACRO2', 'MACROOH', 'MPAN', 'ONIT',
  'ISOP', 'ALKO2', 'ALKOOH', 'BIGALD', 'HYDRALD', 'ISOPO2', 'ISOPNO3', 'ONITR', 'XO2', 'XOOH', 'CH3CN', 'ISOPOOH',
  'TOLUENE', 'CRESOL', 'TOLO2', 'TOLOOH', 'XOH', 'C10H16', 'TERPO2', 'TERPOOH', 'HCN', 'RAD_ICE', 'RAD_LNAT',
  'RAD_SULFC', 'H2SO4M_C', 'C2H2', 'HCOOH', 'HOCH2OO', 'LNO_PROD', 'LNO_COL_PROD', 'H2SO4', 'SOAG', 'SOA',
  'EOOH', 'bc_a1', 'num_a1', 'num_a2', 'pom_a1', 'so4_a1', 'so4_a2', 'so4_a3', 'dst_a1', 'dst_a3', 'bc_a1SFWET',
  'bc_a1DDF', 'SFbc_a1', 'bc_a1_CLXF', 'pom_a1SFWET', 'pom_a1DDF', 'SFpom_a1', 'pom_a1_CLXF',
  'so4_a1SFWET', 'so4_a2DDF', 'soa_a1', 'soa_a2', 'soa_a1SFWET', 'soa_a1DDF', 'soa_a1_CHMP',
  'soa_a1_CHML', 'soa_a2SFWET', 'soa_a2DDF', 'soa_a2_CHMP', 'soa_a2_CHML', 'so4_a1_sfgaex1',
  'so4_a2_sfgaex1', 'so4_a3_sfgaex1', 'soa_a1_sfgaex1', 'soa_a2_sfgaex1', 'so4_c1AQH2SO4',
  'so4_c2AQH2SO4', 'so4_c3AQH2SO4', 'so4_c1AQSO4', 'so4_c2AQSO4', 'so4_c3AQSO4', 'ncl_a1', 'ncl_a2',
  'ncl_a3', 'bc_c1', 'bc_c1SFWET', 'bc_c1DDF', 'dst_c1', 'dst_c1SFWET', 'dst_c1DDF', 'pom_c1',
  'pom_c1SFWET', 'pom_c1DDF', 'soa_c1', 'soa_c1SFWET', 'soa_c1DDF', 'soa_c2', 'soa_c2SFWET', 'soa_c2DDF',
  'ncl_c1', 'ncl_c1SFWET', 'ncl_c1DDF', 'ncl_c2', 'ncl_c2SFWET', 'ncl_c2DDF', 'ncl_c3', 'ncl_c3SFWET',
  'ncl_c3DDF', 'so4_c1', 'so4_c1SFWET', 'so4_c1DDF', 'so4_c2', 'so4_c2SFWET', 'so4_c2DDF', 'so4_c3',
  'so4_c3SFWET', 'so4_c3DDF', 'SFnum_a1', 'SFnum_a2', 'SFso4_a1', 'SFso4_a2', 'SFISOP', 'SFC10H16',
  'SFCH3OH', 'SFC2H5OH', 'SFCH3CHO', 'SFMEK', 'SFHCN', 'SFCH3CN', 'SFCH2O', 'SFC2H6', 'SFC3H8', 'SFC2H4',
  'SFC3H6', 'SFCH3COCH3', 'SFBIGALK', 'SFBIGENE', 'SFTOLUENE', 'SFCO', 'SFNO', 'SFNO2', 'SFCH2O', 'SFC2H2',
  'SFHCOOH', 'SFCH3COCHO', 'SFCH3COOH', 'SFCH3COCH3', 'SFCH3OH', 'SFDMS', 'SFMEK', 'SFNH3', 'SFSO2', 'SFRn',
  'SFSOAG', 'DTWR_ALKOOH', 'DTWR_BRONO2', 'DTWR_C2H5OH', 'DTWR_C2H5OOH', 'DTWR_C3H7OOH', 'DTWR_CH2O',
  'DTWR_CH3CHO', 'DTWR_CH3CN', 'DTWR_CH3COCHO', 'DTWR_CH3COOH', 'DTWR_CH3COOOH', 'DTWR_CH3OH',
  'DTWR_CH3OOH', 'DTWR_CLONO2', 'DTWR_EOOH', 'DTWR_GLYALD', 'DTWR_H2O2', 'DTWR_HCL', 'DTWR_HCN',
  'DTWR_HCOOH', 'DTWR_HNO3', 'DTWR_HO2NO2', 'DTWR_HOBR', 'DTWR_HOCL', 'DTWR_HYAC', 'DTWR_HYDRALD',
  'DTWR_ISOPNO3', 'DTWR_ISOPOOH', 'DTWR_MACR', 'DTWR_MACROOH', 'DTWR_MEKOOH', 'DTWR_MVK', 'DTWR_NH3',
  'DTWR_ONIT', 'DTWR_ONITR', 'DTWR_POOH', 'DTWR_Pb', 'DTWR_ROOH', 'DTWR_SO2', 'DTWR_TERPOOH',
  'DTWR_TOLOOH', 'DTWR_XOOH', 'DV_CH3OOH', 'DV_CH2O', 'DV_CO', 'DV_H2O2', 'DV_CH3COOOH', 'DV_PAN',
  'DV_MPAN', 'DV_C2H5OOH', 'DV_ONIT', 'DV_ONITR', 'DV_MACROOH', 'DV_POOH', 'DV_C3H7OOH', 'DV_ROOH',
  'DV_CH3COCHO', 'DV_CH3COCH3', 'DV_XOOH', 'DV_ISOPOOH', 'DV_CH3OH', 'DV_C2H5OH', 'DV_CH3CHO', 'DV_EOOH',
  'DV_GLYALD', 'DV_HYAC', 'DV_HYDRALD', 'DV_ALKOOH', 'DV_MEKOOH', 'DV_TOLOOH', 'DV_TERPOOH', 'DV_CH3COOH',
  'DV_HCN', 'DV_CH3CN', 'DV_HCOOH', 'DV_NO2', 'DV_HNO3', 'DV_NO', 'DV_HO2NO2', 'DO3CHM', 'DCOCHM', 'DHNO3CHM',
  'DH2O2CHM', 'O3_CHMP', 'O3_CHML', 'OH_CHML', 'H2O2_CHML', 'H2O2_CHMP', 'HNO3_CHML', 'HNO3_CHMP',
  'H2O_CHML', 'CH4_CHML', 'HCN_CHML', 'CO_CHMP', 'CO_CHML', 'CO2_CHML', 'N2O_CHML', 'CH3CL_CHML',
  'CCL4_CHML', 'CH3CCL3_CHML', 'CFC11_CHML', 'CFC12_CHML', 'CFC113_CHML', 'CFC114_CHML', 'CFC115_CHML',
  'HCFC22_CHML', 'HCFC141B_CHML', 'HCFC142B_CHML', 'CH3BR_CHML', 'CHBR3_CHML', 'CH2BR2_CHML',
  'CF3BR_CHML', 'CF2CLBR_CHML', 'H1202_CHML', 'H2402_CHML', 'H2SO4_CHMP', 'H2SO4_CHML', 'jno2', 'jpan',
  'jh2o2', 'jo3_a', 'ABSORB', 'AODVIS', 'AODMODE1', 'AODMODE2', 'AODMODE3', 'AODDUST1', 'AODDUST2',
  'AODDUST3'
</fincl1>

<cosp_amwg>.true.</cosp_amwg>


</namelist_defaults>
