<?xml version="1.0"?>

<namelist_defaults>

<!-- Solar data from Lean (via Caspar Ammann) -->
<solar_data_file>atm/cam/solar/spectral_irradiance_Lean_1950-2009_daily_c100507.nc</solar_data_file>
<solar_htng_spctrl_scl>.true.</solar_htng_spctrl_scl>

<start_ymd>19920101</start_ymd>
<restart_option> yearly </restart_option>

<!-- Turbulent mountain stress truned on -->
<do_tms>.false.</do_tms>
<do_iss>.false.</do_iss>

<gas_wetdep_method>NEU</gas_wetdep_method>

<atm_dep_flux>.true.</atm_dep_flux>

<!--Species IC -->
<ncdata dyn="fv"  hgrid="1.9x2.5" >atm/cam/chem/ic/camchem_i_1992-01-01_1.9x2.5_L26_c110426.nc</ncdata>

<!-- LBC, UBC Files -->
<flbc_file>atm/waccm/lb/LBC_1765-2500_1.9x2.5_CMIP5_RCP45_za_c120204.nc</flbc_file>
<flbc_type>'SERIAL'</flbc_type>
<co2vmr>0.000001e-6</co2vmr>

<!-- Sulfate Aerosols: DEFAULTS okay for sulf_file -->
<sad_file>atm/waccm/sulf/SAD_SULF_1849-2100_1.9x2.5_c090817.nc</sad_file>
<sad_type>'SERIAL'</sad_type>

<!-- volcanic aerosol heating -->
<strat_aero_feedback>.true.</strat_aero_feedback>

<!-- use time-dependent aircraft emissions  -->
<ext_frc_type>'SERIAL'</ext_frc_type>

<srf_emis_type>'SERIAL'</srf_emis_type>

<!-- History Files -->

<mfilt>            1,   5 </mfilt>
<nhtfrq>           0, -240 </nhtfrq>
<avgflag_pertape> 'A', 'I'</avgflag_pertape>

<!-- Monthly --> 
<fincl1>
  'AOA1', 'AOA2', 'BR', 'BRCL', 'BRO', 'BRONO2', 'CCL4', 'CF2CLBR', 'CF3BR', 'CFC11', 'CFC113', 'CFC12', 'CH2O',
  'CH3BR', 'CH3CCL3', 'CH3CL', 'CH3O2', 'CH3OOH', 'CH4', 'CL', 'CL2', 'CL2O2', 'CLDHGH', 'CLDLOW', 'CLDMED',
  'CLDTOT', 'CLO', 'CLONO2', 'CLOUD', 'CO', 'CO2', 'FLNS', 'FLNSC', 'FLNT',
  'FLNTC', 'FSDS', 'FSNS', 'FSNSC', 'FSNT', 'FSNTC', 'H', 'H2', 'H2O', 'H2O2', 'HBR', 'HCFC22', 'HCL',
  'HNO3_GAS', 'HNO3_STS', 'HNO3_NAT', 'VEL_NAT2',
  'HNO3', 'HO2', 'HO2NO2', 'HOBR', 'HOCL', 'HORZ', 'LANDFRAC', 'LHFLX', 'N', 'N2O', 'N2O5', 'NO', 'NO2', 'NO3', 'O',
  'O1D', 'O3', 'OCLO', 'OCNFRAC', 'OH', 'OMEGA', 'PHIS', 'PRECC', 'PRECL', 'PS', 'Q', 'QRL',
  'QRS', 'RELHUM', 'SHFLX', 'SOLIN', 'SWCF',  'NO2_XFRC', 
  'SAD_ICE', 'SAD_LNAT', 'SAD_SULFC', 'T',  'U', 'V', 'Z3',
  'NOX', 'NOY', 'CLOX', 'CLOY', 'BROX', 'BROY', 'TCLY', 'TOTH',
  'CLDLIQ', 'CLDICE', 'CONCLD', 'SNOWHLND', 'SNOWHICE', 'ICEFRAC', 'FSDSC',
  'SFNO', 'SFCO', 'SFCH2O', 'SFC2H6', 'SFC3H8', 'SFC2H4', 'SFC3H6', 'SFCH3COCH3', 'SFBIGALK', 'SFBIGENE',
  'SFTOLUENE', 'SFISOP', 'SFC10H16', 'SFCH3OH', 'SFC2H5OH', 'SFCH3CHO', 'SFMEK', 'SFHCN', 'SFCH3CN', 'C2H4',
  'C2H6', 'C2H5O2', 'C2H5OOH', 'CH3CO3', 'CH3COOH', 'CH3CHO', 'C2H5OH', 'GLYALD', 'GLYOXAL', 'CH3COOOH', 'EO2',
  'EO', 'PAN', 'C3H6', 'C3H8', 'C3H7O2', 'C3H7OOH', 'CH3COCH3', 'PO2', 'POOH', 'HYAC', 'RO2', 'CH3COCHO', 'ROOH',
  'BIGENE', 'BIGALK', 'MEK', 'ENEO2', 'MEKO2', 'MEKOOH', 'MCO3', 'MVK', 'MACR', 'MACRO2', 'MACROOH', 'MPAN', 'ONIT',
  'ISOP', 'ALKO2', 'ALKOOH', 'BIGALD', 'HYDRALD', 'ISOPO2', 'ISOPNO3', 'ONITR', 'XO2', 'XOOH', 'CH3CN', 'ISOPOOH',
  'TOLUENE', 'CRESOL', 'TOLO2', 'TOLOOH', 'XOH', 'C10H16', 'TERPO2', 'TERPOOH', 'HCN', 'DV_O3', 'DV_NO2',
  'DV_HNO3', 'DV_NO', 'DV_HO2NO2', 'DV_CH3OOH', 'DV_CH2O', 'DV_CO', 'DV_H2O2', 'DV_CH3COOOH', 'DV_PAN',
  'DV_MPAN', 'DV_C2H5OOH', 'DV_ONIT', 'DV_ONITR', 'DV_MACROOH', 'DV_POOH', 'DV_C3H7OOH', 'DV_ROOH',
  'DV_CH3COCHO', 'DV_CH3COCH3', 'DV_XOOH', 'DV_ISOPOOH', 'DV_CH3OH', 'DV_C2H5OH', 'DV_CH3CHO',
  'DV_GLYALD', 'DV_HYAC', 'DV_HYDRALD', 'DV_ALKOOH', 'DV_MEKOOH', 'DV_TOLOOH', 'DV_TERPOOH', 'DV_CH3COOH',
  'DV_HCN', 'DV_CH3CN', 'DV_HCOOH', 'WDR_HNO3', 'WDR_HCL', 'WDR_CLONO2', 'WDR_HOCL', 'WDR_HOBR', 'WDR_HBR',
  'WDR_BRONO2', 'WDR_HCN', 'WDR_CH3CN', 'WDR_BRONO2', 'WDR_H2O2', 'RAD_ICE', 'RAD_LNAT', 'RAD_SULFC',
  'RAD_SULFR', 'H2SO4M_C', 'H2SO4M_R', 'SAD_SULFR', 'C2H2', 'HCOOH', 'HOCH2OO', 'O3_CHMP', 'O3_CHML', 'DF_O3'
</fincl1>

<!-- Instantaneous every 10 days --> 
<fincl2>
 'PS', 'Z3', 'T', 'U', 'V', 'OMEGA', 'CLOUD', 'CLDLIQ', 'CLDICE', 'ASDIR', 'FLNT', 'PSL', 'FSDS', 'FSDSC', 'CLOUD',
  'CONCLD', 'SNOWHLND', 'SNOWHICE', 'CH4', 'N2O', 'TCLY', 'AOA1', 'AOA2', 'CO2', 'CO', 'CH2O', 'HCN', 'CH3CN',
  'CH3OH', 'CH3CHO', 'C2H5OH', 'CH3COCH3', 'CH3OOH', 'HCOOH', 'C2H2', 'C2H4', 'C2H6', 'C3H6', 'C3H8', 'BIGENE',
  'BIGALK', 'ISOP', 'C10H16', 'TOLUENE', 'CH3COCH3', 'CFC11', 'CFC12', 'CFC113', 'HCFC22', 'CCL4', 'CH3CL',
  'CH3CCL3', 'CH3BR', 'CF3BR', 'CF2CLBR', 'O', 'O1D', 'O3', 'H', 'OH', 'HO2', 'H2O2', 'H2', 'H2O', 'N',
  'NO', 'NO2', 'NO3', 'N2O5', 'HNO3', 'HNO3_GAS', 'HNO3_STS', 'HNO3_NAT', 'HO2NO2', 'PAN', 'NOY', 'CL', 'CLO', 'OCLO',
  'CL2', 'CL2O2', 'HOCL', 'CLONO2', 'HCL', 'CLOX', 'CLOY', 'BR', 'BRO', 'HOBR', 'HBR', 'BRCL', 'BROY', 'SAD_SULFC',
  'SAD_LNAT', 'SAD_ICE', 'RAD_SULFC', 'RAD_LNAT', 'RAD_ICE', 'VEL_NAT2', 'het1', 'het2', 'het3', 'het4', 'het5',
  'het6', 'het7', 'het8', 'het9', 'het10', 'het11', 'het12', 'het13', 'het14', 'het15', 'het16', 'het17',
  'jo2_b', 'jo3_a', 'jo3_b', 'jcl2o2', 'jhocl', 'jno3_b', 'jclono2_a', 'jco2', 'jclono2_b', 'jhno3', 'jno'  
</fincl2>

<!-- sim_year used for CLM datasets and SSTs forcings -->
<sim_year>1850-2000</sim_year>

<!-- Use AMIP SST datasets -->

<sstcyc>.false.</sstcyc>
<stream_year_first>1850</stream_year_first>
<stream_year_last>2008</stream_year_last>

<bndtvs hgrid="0.47x0.63"  sim_year="1850-2000">atm/cam/sst/sst_HadOIBl_bc_0.47x0.63_1850_2009_c101028.nc</bndtvs>
<bndtvs hgrid="0.9x1.25"   sim_year="1850-2000">atm/cam/sst/sst_HadOIBl_bc_0.9x1.25_1850_2009_c101028.nc</bndtvs>
<bndtvs hgrid="1.9x2.5"    sim_year="1850-2000">atm/cam/sst/sst_HadOIBl_bc_1.9x2.5_1850_2009_c101028.nc</bndtvs>
<bndtvs hgrid="4x5"        sim_year="1850-2000">atm/cam/sst/sst_HadOIBl_bc_4x5_1850_2009_c101028.nc</bndtvs>

</namelist_defaults>
