<?xml version="1.0"?>

<namelist_defaults>

<start_ymd>20080101</start_ymd>

<!-- IC file -->
<ncdata hgrid="1.9x2.5" >atm/cam/inic/fv/camchem_ic_2008-01-01_1.9x2.5_L56_c110118.nc</ncdata>

<!-- bnd_topo --->
<bnd_topo>atm/cam/met/USGS-gtopo30_1.9x2.5_phys_geos5_c100929.nc</bnd_topo>

<!-- meteorology inputs --->
<met_data_file>2008/GEOS5.1_19x2_2008-JAN_c110728.nc</met_data_file>
<met_data_path>atm/cam/met/GEOS5</met_data_path>
<met_filenames_list>atm/cam/met/GEOS5_filenames_list_c120516.txt</met_filenames_list>

<!-- Solar constant from Lean (via Caspar Ammann) -->
<solar_data_file>atm/cam/solar/spectral_irradiance_Lean_1610-2009_ann_c100405.nc</solar_data_file>
<solar_data_type>SERIAL</solar_data_type>

<!-- aerosol nl -->
<soil_erod_file>atm/cam/dst/dst_1.9x2.5_c090203.nc</soil_erod_file>
<dust_emis_fact>2.76D0</dust_emis_fact>

<!-- Prescribed BAM data is from Jean-Francois Lamarque -->
<prescribed_aero_datapath>atm/cam/chem/trop_mozart_aero/aero</prescribed_aero_datapath>
<prescribed_aero_file>aero_rcp26_v1_1.9x2.5_L26_1995-2105_c100316.nc</prescribed_aero_file>
<prescribed_aero_type>INTERP_MISSING_MONTHS</prescribed_aero_type>

<!-- Prescribed ozone data is from Jean-Francois Lamarque -->
<prescribed_ozone_datapath>atm/cam/ozone</prescribed_ozone_datapath>
<prescribed_ozone_file>ozone_rcp26_v1_1.9x2.5_L26_1995-2105_c100316.nc</prescribed_ozone_file>
<prescribed_ozone_name>O3</prescribed_ozone_name>
<prescribed_ozone_type>INTERP_MISSING_MONTHS</prescribed_ozone_type>

<!-- aerosol deposition -->
<aerodep_flx_datapath>atm/cam/chem/trop_mozart_aero/aero</aerodep_flx_datapath>
<aerodep_flx_file>aerosoldep_rcp2.6_monthly_1849-2104_1.9x2.5_c100402.nc</aerodep_flx_file>
<aerodep_flx_type>INTERP_MISSING_MONTHS</aerodep_flx_type>

<chem_rad_passive>.true.</chem_rad_passive>
<drydep_method>'xactive_lnd'</drydep_method>
<gas_wetdep_method>NEU</gas_wetdep_method>

<!-- fixed lower boundary data  -->
<flbc_file>atm/waccm/lb/LBC_1765-2500_1.9x2.5_CMIP5_RCP45_za_c120204.nc</flbc_file>
<flbc_type>SERIAL</flbc_type>

<!-- strat aerosol data  -->
<sad_file>atm/waccm/sulf/SAD_SULF_1849-2100_1.9x2.5_c090817.nc</sad_file>
<sad_type>SERIAL</sad_type>

<!-- emissions timing  -->

<!-- <ext_frc_type>'SERIAL'</ext_frc_type> -->
<srf_emis_type>'SERIAL'</srf_emis_type>

<!-- History Files -->

<mfilt>            1,  30, 40</mfilt>
<nhtfrq>           0, -24, -3</nhtfrq>
<avgflag_pertape> 'A','I','I'</avgflag_pertape>

<fincl1>
  'Q', 'U', 'V', 'OMEGA', 'T', 'PS', 'TROP_P','PBLH','PRECC','PRECL','PHIS', 'QFLX', 'SHFLX', 'TAUX', 'TAUY',
  'O3', 'O', 'O1D', 'N2O', 'NO', 'NO2', 'NO3', 'HNO3', 'HO2NO2', 'N2O5', 'H2', 'OH', 'HO2', 'H2O2',
  'CH4', 'CO', 'CH3O2', 'CH3OOH', 'CH2O', 'CH3OH', 'C2H5OH', 'C2H4', 'EO', 'EO2', 'CH3COOH', 'GLYALD', 'C2H6',
  'C2H5O2', 'C2H5OOH', 'CH3CHO', 'CH3CO3', 'CH3COOOH', 'C3H6', 'C3H8', 'C3H7O2', 'C3H7OOH', 'PO2', 'POOH',
  'CH3COCH3', 'RO2', 'ROOH', 'BIGENE', 'ENEO2', 'MEK', 'MEKO2', 'MEKOOH', 'BIGALK', 'ALKO2', 'ALKOOH', 'ISOP',
  'ISOPO2', 'ISOPOOH', 'MVK', 'MACR', 'MACRO2', 'MACROOH', 'MCO3', 'HYDRALD', 'HYAC', 'CH3COCHO', 'XO2', 'XOOH',
  'C10H16', 'TERPO2', 'TERPOOH', 'TOLUENE', 'CRESOL', 'TOLO2', 'TOLOOH', 'XOH', 'BIGALD', 'GLYOXAL', 'PAN',
  'ONIT', 'MPAN', 'ISOPNO3', 'ONITR', 'CB1', 'CB2', 'OC1', 'OC2', 'SOA', 'SO2', 'SO4', 'DMS', 'NH3', 'NH4', 'NH4NO3',
  'SSLT01', 'SSLT02', 'SSLT03', 'SSLT04', 'DST01', 'DST02', 'DST03', 'DST04', 'Rn', 'Pb','HCN','CH3CN',
  'SFNO','SFNO2','SFCO','SFBIGALK','SFBIGENE','SFC10H16','SFC2H4','SFC2H5OH','SFC2H6','SFC3H6','SFC3H8',
  'SFCH2O','SFCH3CHO','SFCH3COCH3','SFCH3OH','SFDMS','SFISOP','SFMEK','SFNH3',
  'SFCB1','SFCB2','SFOC1','SFOC2','SFSO2','SFTOLUENE','SFHCN','SFCH3CN',
  'DV_HCN','DV_CH3CN','WDR_HCN','WDR_CH3CN','WD_HCN','WD_CH3CN',
  'WDR_SO2','WDR_HNO3','WDR_H2O2','WDR_CH2O','WD_SO2',
  'O3_CHMP','O3_CHML','CO_CHMP','CO_CHML','CH4_CHML','SO4_CHMP','SO4_CHML',
</fincl1>

<fincl2>
  'Q', 'O3', 'OH', 'N2O', 'NO', 'NO2', 'NO3', 'HNO3', 'HO2NO2', 'N2O5', 'H2', 'OH', 'HO2', 'H2O2',
  'PAN', 'CO','CO_SRF','O3_SRF','NO3', 'N2O5', 'HO2NO2', 'CH4', 'C2H4', 'C2H6', 'SO2', 'SO4', 'CB1',
  'CB2', 'U', 'V', 'OMEGA', 'T', 'PS', 'PHIS', 'QFLX', 'SHFLX', 'TAUX', 'TAUY'
</fincl2>

<fincl3>
 'T', 'PS','Q', 'O3', 'OH', 'NO', 'NO2', 'NO3', 'HNO3', 'N2O5', 'HO2NO2', 'PAN', 'CH4', 'CO', 'C2H4', 
 'C2H6', 'SO2', 'SO4', 'CB1', 'CB2'
</fincl3>

<!-- sim_year attribute used for boundary datasets -->
<sim_year>1850-2000</sim_year>

<!-- Use AMIP SST datasets -->
<sstcyc>.false.</sstcyc>
<stream_year_first>1850</stream_year_first>
<stream_year_last>2008</stream_year_last>

<bndtvs hgrid="0.47x0.63"  sim_year="1850-2000">atm/cam/sst/sst_HadOIBl_bc_0.47x0.63_1850_2008_c100128.nc</bndtvs>
<bndtvs hgrid="0.9x1.25"   sim_year="1850-2000">atm/cam/sst/sst_HadOIBl_bc_0.9x1.25_1850_2008_c100127.nc</bndtvs>
<bndtvs hgrid="1.9x2.5"    sim_year="1850-2000">atm/cam/sst/sst_HadOIBl_bc_1.9x2.5_1850_2008_c100127.nc</bndtvs>
<bndtvs hgrid="4x5"        sim_year="1850-2000">atm/cam/sst/sst_HadOIBl_bc_4x5_1850_2008_c100127.nc</bndtvs>
<bndtvs hgrid="10x15"      sim_year="1850-2000">atm/cam/sst/sst_HadOIBl_bc_10x15_1850_2008_c100127.nc</bndtvs>

<bndtvs hgrid="128x256"    sim_year="1850-2000">atm/cam/sst/sst_HadOIBl_bc_128x256_1850_2008_c100128.nc</bndtvs>
<bndtvs hgrid="64x128"     sim_year="1850-2000">atm/cam/sst/sst_HadOIBl_bc_64x128_1850_2008_c100128.nc</bndtvs>
<bndtvs hgrid="48x96"      sim_year="1850-2000">atm/cam/sst/sst_HadOIBl_bc_48x96_1850_2008_c100128.nc</bndtvs>
<bndtvs hgrid="32x64"      sim_year="1850-2000">atm/cam/sst/sst_HadOIBl_bc_32x64_1850_2008_c100128.nc</bndtvs>
<bndtvs hgrid="8x16"       sim_year="1850-2000">atm/cam/sst/sst_HadOIBl_bc_8x16_1850_2008_c100128.nc</bndtvs>

</namelist_defaults>
