<?xml version="1.0"?>
<!-- "IOP: MPACE 2004 (05 Oct 2004 - 22 Oct  2004)" -->

<namelist_defaults>

<ncdata             hgrid="64x128"    nlev="30"   scam="1"  >atm/cam/inic/gaus/cami_0000-09-01_64x128_L30_c031210.nc</ncdata>
<iopfile dyn="eul"                                scam="1"  >atm/cam/scam/iop/MPACE_4scam.nc</iopfile>
<scmlat                                           scam="1"  >   70.5     </scmlat>
<scmlon                                           scam="1"  >   206.0    </scmlon>
<start_ymd                                        scam="1"  >   20041005 </start_ymd>
<start_tod                                        scam="1"  >   7171     </start_tod>
<stop_n                                           scam="1"  >   1242     </stop_n>
<mfilt                                            scam="1"  >   1500     </mfilt>
<nhtfrq                                           scam="1"  >   9        </nhtfrq>
<stop_option                                      scam="1"  >   nsteps   </stop_option>
<fincl1                                           scam="1"  >   'CLDST', 'CNVCLD',
        'ICWMR','ICIMR','FREQL','FREQI','LANDFRAC','CDNUMC','FICE','WSUB','CCN3','ICLDIWP',
        'CDNUMC', 'AQSNOW',  'WSUB', 'CCN3', 'FREQI', 'FREQL', 'FREQR', 'FREQS', 'CLDLIQ', 'CLDICE', 
        'FSDS', 'FLDS','AREL','AREI','NSNOW','QSNOW','DSNOW',  
        'FLNT','FLNTC','FSNT','FSNTC','FSNS','FSNSC','FLNT','FLNTC','QRS','QRSC','QRL','QRLC',
        'LWCF','SWCF', 'NCAI', 'NCAL', 'NIHF','NIDEP','NIIMM','NIMEY','ICLDIWP','ICLDTWP', 'CONCLD', 
        'QCSEVAP', 'QISEVAP', 'QVRES', 'CMELIQ', 'CMEIOUT', 'EVAPPREC', 'EVAPSNOW', 'TAQ', 
        'ICLMRCU', 'ICIMRCU' ,'ICWMRSH' ,'ICWMRDP', 'ICLMRTOT' , 'ICIMRTOT' , 'SH_CLD' ,  'DP_CLD', 
        'LIQCLDF','ICECLDF', 'ICWMRST', 'ICIMRST', 'EFFLIQ', 'EFFICE','ADRAIN','ADSNOW','WSUBI', 
        'TGCLDLWP','GCLDLWP' </fincl1>

<!-- sim_year used for CLM datasets -->
<sim_year>2000</sim_year>

</namelist_defaults>
