<?xml version="1.0"?>

<namelist_defaults>

<!-- Solar irradiance -->
<solar_data_file>atm/cam/solar/spectral_irradiance_Lean_1950-2011_daily_Leap_c120426.nc</solar_data_file>

<do_tms>.true.</do_tms>

<!-- Prescribed BAM data is from Jean-Francois Lamarque -->
<prescribed_aero_datapath>atm/cam/chem/trop_mozart_aero/aero</prescribed_aero_datapath>
<prescribed_aero_file>aero_rcp45_v1_1.9x2.5_L26_1995-2105_c100316.nc</prescribed_aero_file>
<prescribed_aero_type>INTERP_MISSING_MONTHS</prescribed_aero_type>

<!-- aerosol deposition -->
<aerodep_flx_datapath>atm/cam/chem/trop_mozart_aero/aero</aerodep_flx_datapath>
<aerodep_flx_file>aerosoldep_rcp4.5_monthly_1849-2104_1.9x2.5_c100402.nc</aerodep_flx_file>
<aerodep_flx_type>'INTERP_MISSING_MONTHS'</aerodep_flx_type>
<aerodep_flx_ymd>0</aerodep_flx_ymd>

<start_ymd>20050101</start_ymd>
<restart_option> yearly </restart_option>

<!-- cam_inparm -->

<nsplit>8</nsplit>
<phys_loadbalance>2</phys_loadbalance>
<dtime>1800</dtime>

<!-- cloud tuning factor -->
<cldfrc_rhminl>0.90D0</cldfrc_rhminl>

<!-- Flags -->

<print_energy_errors>.false.</print_energy_errors>
<iradsw>-1</iradsw>

<!-- Yaga's GW Drag file -->
<gw_drag_file>atm/waccm/gw/newmfspectra40_dc25.nc</gw_drag_file>

<!--Species IC -->
<ncdata dyn="fv"  hgrid="1.9x2.5" >atm/waccm/ic/wa4_beta07_geos5_2x_sim111.cam2.i.2005-01-01-00000.nc</ncdata>

<!-- Deposition Velocities -->
<drydep_method>'xactive_atm'</drydep_method>


<!-- Emissions DEFAULTS OKAY for: airpl_emis_file,ch2o_emis_file,co_emis_file,nox_emis_file-->

<!-- LBC, UBC Files -->
<flbc_file>atm/waccm/lb/LBC_1765-2500_1.9x2.5_CMIP5_RCP45_za_c120204.nc</flbc_file>
<flbc_type>'SERIAL'</flbc_type>

<tgcm_ubc_file>atm/waccm/ub/tgcm_ubc_1850-2100_c100204.nc</tgcm_ubc_file>
<tgcm_ubc_data_type>INTERP_MISSING_MONTHS</tgcm_ubc_data_type>

<!-- Sulfate Aerosols: DEFAULTS okay for sulf_file -->
<sad_file>atm/waccm/sulf/SAD_SULF_1849-2100_1.9x2.5_c090817.nc</sad_file>
<sad_type>'SERIAL'</sad_type>

<!-- QBO settings --> 
<qbo_cyclic>.false.</qbo_cyclic>
<qbo_forcing_file>' '</qbo_forcing_file>
<qbo_use_forcing>.false.</qbo_use_forcing>

<!-- volcanic aerosol heating -->
<strat_aero_feedback>.false.</strat_aero_feedback> 

<!-- emis files -->

<!-- use time-dependent aircraft emissions  -->
<ipcc_aircraft_emis>.true.</ipcc_aircraft_emis>
<ext_frc_type>'SERIAL'</ext_frc_type>
<no2_aircraft_emis_file>atm/cam/chem/2000-2100_RCP45/IPCC_emissions_RCP45_aircraft_NO2_2000-2100_1.9x2.5.nc</no2_aircraft_emis_file>

<so2_emis_file chem="waccm_mozart_sulfur">atm/cam/chem/2000-2100_RCP45/IPCC_emissions_houw_SO2_2000-2100_1.9x2.5.nc</so2_emis_file> 
<srf_emis_type>'SERIAL'</srf_emis_type>

<!-- Photolysis Inputs DEFAULTS okay for: rsf_file,xs_long_file,xs_short_file -->

<!-- Extraterestrial Flux and MLT inputs DEFAULTS okay for:  -->
<!-- efield_hflux_file, efield_lflux_file, efield_wei96_file -->
<!-- electron_file,euvac_file,euvacdat_file,photon_file,neckel_file,woods_etf_file,xs_coef_file -->

<!-- Kp Ap indices -->
<solar_parms_file>atm/waccm/solar/wasolar_1948-2140_daily_c120306.nc</solar_parms_file>

<!-- Solar protons -->
<spe_data_file>atm/waccm/solar/spes_1963-2012_c130307.nc</spe_data_file>

<!-- History Files -->

<mfilt>1,5,20,73,365,20</mfilt>
<nhtfrq>0,-24,-240,-24,-24,-24</nhtfrq>
<avgflag_pertape>'A','I','I','A','A','A'</avgflag_pertape>

<!-- Monthly --> 
<fincl1>
  'AOA1', 'AOA2', 'BR', 'BRCL', 'BRO', 'BRONO2', 'CCL4', 'CF2CLBR',
  'CF3BR', 'CFC11', 'CFC113', 'CFC12', 'CH2O', 'CH3BR', 'CH3CCL3', 'CH3CL',
  'CH3O2', 'CH3OOH', 'CH4', 'CL', 'CL2', 'CL2O2', 'CLDHGH', 'CLDLOW',
  'CLDMED', 'CLDTOT', 'CLO', 'CLONO2', 'CLOUD', 'CO', 'CO2', 'DTCOND',
  'DTV', 'DUV', 'DVV', 'EKGWSPEC', 'FLNS', 'FLNSC', 'FLNT', 'FLNTC',
  'FSDS', 'FSNS', 'FSNSC', 'FSNT', 'FSNTC', 'H', 'H2', 'H2O','H2O_GAS',
  'H2O2', 'HBR', 'HCFC22', 'HCL', 'HNO3', 'HO2', 'HO2NO2', 'HOBR',
  'HOCL', 'HORZ', 'LANDFRAC', 'LHFLX', 'N', 'N2O', 'N2O5', 'NO',
  'NO2', 'NO3', 'O', 'O1D', 'O2', 'O3', 'OCLO', 'OCNFRAC',
  'OH', 'OMEGA', 'PHIS', 'PRECC', 'PRECL', 'PS', 'Q', 'QFLX',
  'QPERT', 'QRL', 'QRLNLTE', 'QRS', 'RELHUM', 'SHFLX', 'SOLIN', 
  'SWCF', 'QCP', 'QTHERMAL', 'QRL_TOT', 'QRS_TOT', 'QJOULE', 'PSL', 
  'HNO3_STS', 'HNO3_NAT', 'HNO3_GAS', 'NO2_XFRC', 'LNO_PROD', 'QNO', 'QRS_AUR', 
  'QRS_CO2NIR', 'QRS_EUV', 'SAD_ICE', 'SAD_LNAT', 'SAD_SULFC', 'T', 'TREFHT', 'TTGW', 
  'U', 'UTGWORO', 'UTGWSPEC', 'V', 'VERT', 'VTGWORO', 'VTGWSPEC', 'Z3', 'O2_1S',
  'O2_1D', 'NOX', 'NOY', 'CLOX', 'CLOY', 'BROX', 'BROY', 'TCLY',
  'TOTH', 'QJOULE', 'UE', 'VE', 'UIONTEND', 'VIONTEND', 'DTCORE', 'T_24_COS',
  'T_24_SIN', 'T_12_COS', 'T_12_SIN', 'U_24_COS', 'U_24_SIN', 'U_12_COS', 'U_12_SIN', 
  'V_24_COS', 'V_24_SIN', 'V_12_COS', 'V_12_SIN', 'PS_24_COS', 'PS_24_SIN', 'PS_12_COS', 
  'PS_12_SIN','QRS_TOT_24_COS', 'QRS_TOT_24_SIN', 'QRS_TOT_12_COS', 'QRS_TOT_12_SIN', 
  'DTCOND_24_SIN', 'DTCOND_24_COS', 'DTCOND_12_SIN', 'DTCOND_12_COS',
  'CLDLIQ', 'CLDICE', 'CONCLD', 'FRONTGF:I', 'BUTGWSPEC', 'BTAUE', 'BTAUW', 
  'BTAUN', 'BTAUS', 'TAUE', 'TAUW', 'TAUN', 'TAUS', 'TAUGWX', 'TAUGWY', 'TAUX', 'TAUY',
  'SNOWHLND', 'SNOWHICE', 'ICEFRAC', 'FSDSC', 
  'SFNO', 'SFCO','SFCH2O', 'SFC2H6', 'SFC3H8', 'SFHCOOH',
  'SFC2H4', 'SFC3H6', 'SFCH3COCH3', 'SFBIGALK', 'SFBIGENE', 'SFTOLUENE', 'SFISOP', 
  'SFC10H16', 'SFCH3OH', 'SFC2H5OH', 'SFCH3CHO', 'SFMEK', 'SFHCN', 'SFCH3CN',
  'C2H4', 'C2H6', 'C2H5O2', 'C2H5OOH', 'CH3CO3','CH3COOH', 'CH3CHO', 'C2H5OH', 'GLYALD', 
  'GLYOXAL', 'CH3COOOH','EO2', 'EO', 'PAN', 'C3H6', 'C3H8', 'C3H7O2', 'C3H7OOH', 'CH3COCH3', 
  'PO2', 'POOH', 'HYAC', 'RO2', 'CH3COCHO', 'ROOH', 'BIGENE', 'BIGALK', 'MEK', 'ENEO2', 
  'MEKO2', 'MEKOOH', 'MCO3', 'MVK', 'MACR', 'MACRO2', 'MACROOH', 'MPAN', 'ONIT', 'ISOP', 
  'ALKO2', 'ALKOOH', 'BIGALD', 'HYDRALD', 'ISOPO2', 'ISOPNO3', 'ONITR', 'XO2', 'XOOH', 'CH3CN',
  'ISOPOOH', 'TOLUENE', 'CRESOL', 'TOLO2', 'TOLOOH', 'XOH', 'C10H16', 'TERPO2', 'TERPOOH', 'HCN',
  'DV_O3', 'DV_NO2', 'DV_HNO3', 'DV_NO', 'DV_HO2NO2', 'DV_CH3OOH', 'DV_CH2O', 'DV_CO', 'DV_H2O2', 
  'DV_CH3COOOH', 'DV_PAN', 'DV_MPAN', 'DV_C2H5OOH', 'DV_ONIT', 'DV_ONITR', 'DV_MACROOH', 'DV_POOH', 
  'DV_C3H7OOH', 'DV_ROOH', 'DV_CH3COCHO', 'DV_CH3COCH3', 'DV_XOOH', 'DV_ISOPOOH', 'DV_CH3OH',
  'DV_C2H5OH', 'DV_CH3CHO', 'DV_GLYALD', 'DV_HYAC', 'DV_HYDRALD', 'DV_ALKOOH', 'DV_MEKOOH', 'DV_TOLOOH', 
  'DV_TERPOOH', 'DV_CH3COOH','DV_HCN', 'DV_CH3CN', 'DV_HCOOH',
  'WDR_H2O2','WDR_HNO3', 'WDR_CH2O', 'WDR_CH3OOH', 'WDR_POOH', 'WDR_CH3COOH', 'WDR_CH3COOOH', 'WDR_HO2NO2', 'WDR_ONIT', 
  'WDR_MVK',  'WDR_MACR', 'WDR_C2H5OOH', 'WDR_C3H7OOH', 'WDR_ROOH', 'WDR_CH3COCHO', 'WDR_MACROOH', 
  'WDR_XOOH', 'WDR_ONITR', 'WDR_ISOPOOH','WDR_CH3OH', 'WDR_C2H5OH', 'WDR_GLYALD', 'WDR_HYAC', 'WDR_HYDRALD', 
  'WDR_CH3CHO', 'WDR_ISOPNO3', 'WDR_ALKOOH', 'WDR_MEKOOH', 'WDR_TOLOOH', 'WDR_TERPOOH',
  'WDR_HCL', 'WDR_CLONO2', 'WDR_HOCL', 'WDR_HOBR', 'WDR_HBR', 'WDR_BRONO2', 
  'WDR_HCN', 'WDR_CH3CN', 'WDR_HCOOH',  
  'RAD_ICE', 'RAD_LNAT', 'RAD_SULFC', 'H2SO4M_C',
  'C2H2', 'HCOOH', 'HOCH2OO'              
</fincl1>

<fincl2>
  'PS', 'Z3', 'T', 'U', 'V', 'OMEGA', 'CLOUD', 'CLDLIQ','CLDICE', 'ASDIR', 
  'FLNT', 'PSL',  'FSDS', 'FSDSC', 'CLOUD', 'CONCLD', 'SNOWHLND', 'SNOWHICE',
  'CH4', 'N2O', 'TCLY', 'AOA1', 'AOA2',
  'CO2', 'CO',  'CH2O','HCN', 'CH3CN',
  'CH3OH', 'CH3CHO', 'C2H5OH', 'CH3COCH3','CH3OOH','HCOOH',
  'C2H2','C2H4', 'C2H6', 'C3H6', 'C3H8', 'BIGENE', 'BIGALK', 'ISOP', 'C10H16', 'TOLUENE', 'CH3COCH3',
  'CFC11', 'CFC12',  'CFC113', 'HCFC22', 'CCL4', 'CH3CL', 'CH3CCL3', 'CH3BR', 'CF3BR', 'CF2CLBR',
  'O', 'O1D', 'O2', 'O3', 'Op',
  'H', 'OH', 'HO2', 'H2O2', 'H2', 'H2O', 'H2O_GAS', 
  'N', 'NO', 'NO2', 'NO3', 'N2O5', 'HNO3',  'HNO3_STS', 'HNO3_NAT', 'HO2NO2', 'HNO3_GAS', 'PAN', 'NOY', 
  'CL', 'CLO', 'OCLO', 'CL2', 'CL2O2', 'HOCL', 'CLONO2',  'HCL', 'CLOX', 'CLOY', 
  'BR', 'BRO', 'HOBR', 'HBR', 'BRCL','BROY', 
  'SAD_SULFC', 'SAD_LNAT', 'SAD_ICE', 'RAD_SULFC', 'RAD_LNAT', 'RAD_ICE','VEL_NAT2',
  'het1_total', 'het1', 'het2',  'het3', 'het4', 'het5', 'het6', 'het7',  'het8',  'het9', 
  'het10', 'het11', 'het12', 'het13', 'het14', 'het15', 'het16', 'het17',  
  'jo2_a', 'jo2_b', 'jo3_a',  'jo3_b', 'jcl2o2', 'jhocl','jno3_b', 'jclono2_a', 'jco2', 'jeuv_26',
  'jclono2_b', 'jhno3', 'jno', 'SZA'
</fincl2>

<fincl3>
  'PS:B', 'T:B', 'Z3:B', 'U:B', 'V:B', 'CO:B', 'CO2:B',
  'H2:B', 'O:B', 'O2:B', 'O3:B', 'H:B', 'OH:B', 'HO2:B', 'H2O:B',
  'N:B', 'NO:B', 'NO2:B', 'O1D:B', 'O2_1S:B', 'O2_1D:B', 'N2D:B',
  'Np:B', 'N2p:B', 'Op:B', 'O2p:B', 'NOp:B', 'e:B', 'QRL_TOT:B',
  'QRS_TOT:B', 'QJOULE:B', 'jno3_a:B', 'jno3_b:B', 'jcl2o2:B', 'CL2O2:B', 'CLO:B',
  'BRO:B', 'NO3:B', 'DTCORE:B', 'DTV:B', 'TTGW:B'
</fincl3>

<fincl4>
  'PS','PSL','U','V','T','Z3','PHIS','FRONTGF:I','FSDS','OMEGA'
</fincl4>

<fincl5>
  'MSKtem','PS','PSL','VTH2d','UV2d','UW2d','U2d','V2d','TH2d','W2d','PHIS'
</fincl5>

<fincl6>
  'PS','T','O3','UTGWORO','UTGWSPEC','CO'
</fincl6>

<met_rlx_bot>50.</met_rlx_bot>
<met_rlx_top>60.</met_rlx_top>
<met_max_rlx>0.1</met_max_rlx>
<met_fix_mass>.true.</met_fix_mass>
<met_data_file>'2005/GEOS5.1_19x2_2005-JAN_c110728.nc'</met_data_file>
<met_data_path>atm/cam/met/GEOS5</met_data_path>
<met_filenames_list>atm/cam/met/GEOS5_filenames_list_c120516.txt</met_filenames_list>

<!-- bnd_topo --->
<bnd_topo>atm/cam/met/USGS-gtopo30_1.9x2.5_phys_geos5_c100929.nc</bnd_topo>

<!-- sim_year used for CLM datasets and SSTs forcings -->
<sim_year>1850-2000</sim_year>

<!-- Use AMIP SST datasets -->
<sstcyc>.false.</sstcyc>
<stream_year_first>1850</stream_year_first>
<stream_year_last>2008</stream_year_last>

<bndtvs hgrid="0.47x0.63"  sim_year="1850-2000">atm/cam/sst/sst_HadOIBl_bc_0.47x0.63_1850_2008_c100128.nc</bndtvs>
<bndtvs hgrid="0.9x1.25"   sim_year="1850-2000">atm/cam/sst/sst_HadOIBl_bc_0.9x1.25_1850_2008_c100127.nc</bndtvs>
<bndtvs hgrid="1.9x2.5"    sim_year="1850-2000">atm/cam/sst/sst_HadOIBl_bc_1.9x2.5_1850_2008_c100127.nc</bndtvs>
<bndtvs hgrid="4x5"        sim_year="1850-2000">atm/cam/sst/sst_HadOIBl_bc_4x5_1850_2008_c100127.nc</bndtvs>
<bndtvs hgrid="10x15"      sim_year="1850-2000">atm/cam/sst/sst_HadOIBl_bc_10x15_1850_2008_c100127.nc</bndtvs>

<bndtvs hgrid="128x256"    sim_year="1850-2000">atm/cam/sst/sst_HadOIBl_bc_128x256_1850_2008_c100128.nc</bndtvs>
<bndtvs hgrid="64x128"     sim_year="1850-2000">atm/cam/sst/sst_HadOIBl_bc_64x128_1850_2008_c100128.nc</bndtvs>
<bndtvs hgrid="48x96"      sim_year="1850-2000">atm/cam/sst/sst_HadOIBl_bc_48x96_1850_2008_c100128.nc</bndtvs>
<bndtvs hgrid="32x64"      sim_year="1850-2000">atm/cam/sst/sst_HadOIBl_bc_32x64_1850_2008_c100128.nc</bndtvs>
<bndtvs hgrid="8x16"       sim_year="1850-2000">atm/cam/sst/sst_HadOIBl_bc_8x16_1850_2008_c100128.nc</bndtvs>

<!-- Use the clim_pi SST datasets if AMIP datasets not available -->
<sstcyc            hgrid="0.23x0.31">.true.</sstcyc>
<stream_year_first hgrid="0.23x0.31">0</stream_year_first>
<stream_year_last  hgrid="0.23x0.31">0</stream_year_last>
<bndtvs            hgrid="0.23x0.31"  sim_year="1850-2000">atm/cam/sst/sst_HadOIBl_bc_0.23x0.31_clim_pi_c091020.nc</bndtvs>

</namelist_defaults>
