<?xml version="1.0"?>

<?xml-stylesheet type="text/xsl" href="namelist_defaults.xsl"?>

<namelist_defaults>

<!--
Values to use by default for creation of CLM model namelists.
These are overall settings used as defaults for the model
configuration of all namelists. None of these are items
in a namelist, but they are default values that will help
determine default values for namelists.
-->

<!-- Default CLM start-type -->
<clm_start_type                 >arb_ic</clm_start_type>
<clm_start_type     spinup="AD" >cold</clm_start_type> <!-- CLM 4.0 -->
<clm_start_type bgc_spinup="on" >cold</clm_start_type> <!-- CLM 4.5 -->

<!-- Default location of {csmdata} -->
<csmdata>/fs/cgd/csm/inputdata</csmdata>

<!-- Default resolution -->
<res sitespf_pt="none"               >1.9x2.5</res>
<res sitespf_pt="1x1_brazil"         >1x1_brazil</res>
<res sitespf_pt="1x1_tropicAtl"      >1x1_tropicAtl</res>
<res sitespf_pt="5x5_amazon"         >5x5_amazon</res>
<res sitespf_pt="1x1_camdenNJ"       >1x1_camdenNJ</res>
<res sitespf_pt="1x1_vancouverCAN"   >1x1_vancouverCAN</res>
<res sitespf_pt="1x1_mexicocityMEX"  >1x1_mexicocityMEX</res>
<res sitespf_pt="1x1_asphaltjungleNJ">1x1_asphaltjungleNJ</res>
<res sitespf_pt="1x1_urbanc_alpha"   >1x1_urbanc_alpha</res>
<res sitespf_pt="1x1_numaIA"         >1x1_numaIA</res>
<res sitespf_pt="1x1_smallvilleIA"   >1x1_smallvilleIA</res>

<!-- Default simulation year -->
<sim_year>2000</sim_year>

<!-- Default simulation year range -->
<sim_year_range>constant</sim_year_range>

<!-- Check resolution and land/mask before continuing -->
<chk_res mode="clm_stndln" >1</chk_res>
<chk_res mode="ext_cesm"   >0</chk_res>

<!-- Add note to namelist files documenting the options given to build-namelist -->
<note mode="clm_stndln" >1</note>
<note mode="ext_cesm"   >0</note>

<!-- Default representative concentration pathway for future scenarios -->
<rcp>-999.9</rcp>

<!-- Default irrigation -->
<irrig>.false.</irrig>

<!-- Default land/ocean mask type -->
<mask hgrid="0.23x0.31"           >gx1v6</mask>
<mask hgrid="0.47x0.63"           >gx1v6</mask>
<mask hgrid="0.9x1.25"            >gx1v6</mask>
<mask hgrid="1.9x2.5"             >gx1v6</mask>
<mask hgrid="2.5x3.33"            >gx3v7</mask>
<mask hgrid="4x5"                 >gx3v7</mask>
<mask hgrid="10x15"               >USGS</mask>

<mask hgrid="360x720cru"          >cruncep</mask>
<mask hgrid="128x256"             >USGS</mask>
<mask hgrid="64x128"              >USGS</mask>
<mask hgrid="48x96"               >gx3v7</mask>
<mask hgrid="32x64"               >USGS</mask>
<mask hgrid="8x16"                >USGS</mask>

<mask hgrid="94x192"              >T62</mask>

<mask hgrid="ne120"               >gx1v6</mask>
<mask hgrid="ne240"               >gx1v6</mask>
<mask hgrid="ne30"                >gx1v6</mask>

<mask hgrid="5x5_amazon"          >navy</mask>
<mask hgrid="1x1_tropicAtl"       >test</mask>
<mask hgrid="1x1_camdenNJ"        >navy</mask>
<mask hgrid="1x1_vancouverCAN"    >navy</mask>
<mask hgrid="1x1_mexicocityMEX"   >navy</mask>
<mask hgrid="1x1_asphaltjungleNJ" >navy</mask>
<mask hgrid="1x1_brazil"          >navy</mask>
<mask hgrid="1x1_urbanc_alpha"    >test</mask>
<mask hgrid="1x1_numaIA"          >navy</mask>
<mask hgrid="1x1_smallvilleIA"    >test</mask>
<mask                             >gx1v6</mask>

<!-- Default glacier model grid/resolution -->

<glc_grid glc_nec="0">none</glc_grid>
<glc_grid            >gland5UM</glc_grid>
<glc_dyntopo         >.false.</glc_dyntopo>
<glc_smb             >.true.</glc_smb>
<glc_nec glc_nec="0" >0</glc_nec>
<glc_nec glc_nec="1" >1</glc_nec>
<glc_nec glc_nec="3" >3</glc_nec>
<glc_nec glc_nec="5" >5</glc_nec>
<glc_nec glc_nec="10">10</glc_nec>
<glc_nec glc_nec="36">36</glc_nec>

</namelist_defaults>
