<?xml version="1.0"?>

<namelist_defaults>

<use_case_desc            >Simulate transient land-use, and aerosol deposition changes from 1850 to 2005</use_case_desc>
<use_case_desc bgc="cn"   >Simulate transient land-use, aerosol deposition, and Nitrogen deposition changes from 1850 to 2005</use_case_desc>
<use_case_desc bgc="cndv" >Simulate transient land-use, aerosol deposition, and Nitrogen deposition changes from 1850 to 2005</use_case_desc>
<use_case_desc use_cn=".true." >Simulate transient land-use, aerosol deposition, and Nitrogen deposition changes from 1850 to 2005</use_case_desc>

<sim_year>1850</sim_year>

<sim_year_range>1850-2000</sim_year_range>

<clm_start_type>arb_ic</clm_start_type>

<clm_demand >flanduse_timeseries</clm_demand>

<glc_nec>10</glc_nec>

<!-- glc_smb will already be set if glc_nec is set, but set explicitly here -->
<glc_smb    >.true.</glc_smb>

<hist_fincl2>QICE</hist_fincl2>
<hist_mfilt >1,1</hist_mfilt>
<hist_nhtfrq>0,-8760</hist_nhtfrq>

<stream_year_first_ndep phys="clm4_0" bgc="cn"   >1850</stream_year_first_ndep>
<stream_year_last_ndep  phys="clm4_0" bgc="cn"   >2005</stream_year_last_ndep>
<model_year_align_ndep  phys="clm4_0" bgc="cn"   >1850</model_year_align_ndep>

<stream_year_first_ndep phys="clm4_0" bgc="cndv" >1850</stream_year_first_ndep>
<stream_year_last_ndep  phys="clm4_0" bgc="cndv" >2005</stream_year_last_ndep>
<model_year_align_ndep  phys="clm4_0" bgc="cndv" >1850</model_year_align_ndep>

<stream_year_first_ndep phys="clm4_5" use_cn=".true."   >1850</stream_year_first_ndep>
<stream_year_last_ndep  phys="clm4_5" use_cn=".true."   >2005</stream_year_last_ndep>
<model_year_align_ndep  phys="clm4_5" use_cn=".true."   >1850</model_year_align_ndep>

<stream_year_first_ndep phys="clm5_0" use_cn=".true."   >1850</stream_year_first_ndep>
<stream_year_last_ndep  phys="clm5_0" use_cn=".true."   >2005</stream_year_last_ndep>
<model_year_align_ndep  phys="clm5_0" use_cn=".true."   >1850</model_year_align_ndep>

<stream_year_first_popdens phys="clm4_5" use_cn=".true."   >1850</stream_year_first_popdens>
<stream_year_last_popdens  phys="clm4_5" use_cn=".true."   >2010</stream_year_last_popdens>
<model_year_align_popdens  phys="clm4_5" use_cn=".true."   >1850</model_year_align_popdens>

<stream_year_first_popdens phys="clm5_0" use_cn=".true."   >1850</stream_year_first_popdens>
<stream_year_last_popdens  phys="clm5_0" use_cn=".true."   >2010</stream_year_last_popdens>
<model_year_align_popdens  phys="clm5_0" use_cn=".true."   >1850</model_year_align_popdens>

</namelist_defaults>
