<?xml version='1.0'?>
<!DOCTYPE book PUBLIC "-//OASIS//DTD DocBook XML V4.1.2//EN" "http://www.oasis-open.org/docbook/xml/4.1.2/docbookx.dtd" [


  <!ENTITY bookinfo          SYSTEM "bookinfo.xml">
  <!ENTITY chap1             SYSTEM "chap1.xml">
  <!ENTITY chap2             SYSTEM "chap2.xml">
  <!ENTITY namelist          SYSTEM "namelist.xml">

  <!ENTITY bldnm             "<command>build-namelist</command>">
  <!ENTITY cam               "<acronym>CAM</acronym>">
  <!ENTITY cam_root          "<envar>CAM_ROOT</envar>">
  <!ENTITY ccsm              "<acronym>CCSM</acronym>">
  <!ENTITY cice              "<acronym>CICE</acronym>">
  <!ENTITY configure         "<command>configure</command>">
  <!ENTITY create_newcase    "<command>Filepath</command>">
  <!ENTITY esmf              "<acronym>ESMF</acronym>">
  <!ENTITY env_build.xml     "<filename>env_build.xml</filename>">
  <!ENTITY env_case.xml      "<filename>env_case.xml</filename>">
  <!ENTITY env_conf.xml      "<filename>env_conf.xml</filename>">
  <!ENTITY env_mach_pes.xml  "<filename>env_mach_pes.xml</filename>">
  <!ENTITY env_run.xml       "<filename>env_run.xml</filename>">
  <!ENTITY env_mach_specific "<filename>env_mach_specific</filename>">
  <!ENTITY filepath          "<filename>Filepath</filename>">
  <!ENTITY fortran           "<acronym>Fortran</acronym>">
  <!ENTITY gmake             "<command>gmake</command>">
  <!ENTITY gnu               "<acronym>GNU</acronym>">
  <!ENTITY lapack            "<acronym>LAPACK</acronym>">
  <!ENTITY make              "<command>make</command>">
  <!ENTITY makefile          "<filename>Makefile</filename>">
  <!ENTITY mpi               "<acronym>MPI</acronym>">
  <!ENTITY netcdf            "<acronym>NetCDF</acronym>">
  <!ENTITY omp               "<acronym>OpenMP</acronym>">
  <!ENTITY Perl              "<acronym>Perl</acronym>">
  <!ENTITY perl              "<command>perl</command>">
  <!ENTITY pnetcdf           "<acronym>PnetCDF</acronym>">
  <!ENTITY xml               "<acronym>XML</acronym>">

  <!ENTITY csmdata           "<envar>CSMDATA</envar>">
  <!ENTITY din_loc_root      "<envar>DIN_LOC_ROOT</envar>">
  <!ENTITY CASEROOT          "<envar>CASEROOT</envar>">
  <!ENTITY CASE              "<envar>CASE</envar>">
  <!ENTITY CCSMROOT          "<envar>CCSMROOT</envar>">
  <!ENTITY CLONEROOT         "<envar>CLONEROOT</envar>">
  <!ENTITY MACH              "<envar>MACH</envar>">

  <!ENTITY dir               "<userinput>&lt;dir&gt;</userinput>">
  <!ENTITY dirs              "<userinput>&lt;dir1&gt;[,&lt;dir2&gt;[,&lt;dir3&gt;[...]]]</userinput>">
  <!ENTITY list              "<userinput>&lt;list&gt;</userinput>">
  <!ENTITY name              "<userinput>&lt;name&gt;</userinput>">
  <!ENTITY num               "<userinput>&lt;n&gt;</userinput>">
  <!ENTITY string            "<userinput>&lt;string&gt;</userinput>">

]>

<book>

  &bookinfo;
  &chap1;
  &chap2;
  &namelist;

</book>
