<?xml version="1.0"?>

<?xml-stylesheet type="text/xsl" href="http://www.cgd.ucar.edu/~cam/namelist/namelist_definition_CICE.xsl"?>

<namelist_definition>

<!-- Each namelist variable is defined in an <entry> element.  The
     content of the element is the documentation of how the variable is
     used.  Other aspects of the variable's definition are expressed as
     attributes of the <entry> element.  Note that it is an XML requirement
     that the attribute values are enclosed in quotes.  The attributes are:

     id
          The variable's name.  *** N.B. *** The name must be lower case.
          The module convert all namelist variable names to lower case
          since Fortran is case insensitive.

     type
          An abbreviation of the fortran declaration for the variable.
	  Valid declarations are:

          char*n  
	  integer
	  logical
	  real

	  Any of these types may be followed by a comma separated list of
	  integers enclosed in parenthesis to indicate an array.

	  The current namelist validation code only distinquishes between
	  string and non-string types.

     input_pathname
          Only include this attribute to indicate that the variable
          contains the pathname of an input dataset. For "abs" and "rel:var_name" below
          it is assumed that this dataset resides in the CESM inputdata directory tree.  

	  For cice the recognized values are 
            "abs" - an absolute pathname is required - dataset is assumed ot reside in the
             CESM input data directory tree
	    "rel:var_name" - to indicate that the pathname is relative 
 	     and that the namelist variable "var_name" contains the absolute 
	     root directory. Not currently used. Dataset is assumed to reside in the CESM 
	     input data directory tree.
	    "stream" - used in prescribed mode to indicate a stream pathname
             (for stream_fldfilename and stream_domfilename). Dataset is NOT assumed
             to reside in the CESM input data diretory tree.

     category
          A category assigned for organizing the documentation.

     group
          The namelist group that the variable is declared in.

     valid_values
          This is an optional attribute that is mainly useful for variables
          that have only a small number of allowed values.
                                                                        -->
<!----------------------------->
<!---Derived namelist input---->
<!----------------------------->

<entry 
id="cam5" 
type="logical"  
category="cice" 
group="iceexp" >
Sets up tuning parameters for cice based on the atm mode
Default: default
</entry>

<!----------------------------->
<!---Group: setup_nml       --->
<!----------------------------->

<entry 
id="ice_ic" 
type="char*256" 
category="setup" 
group="setup_nml" 
input_pathname="abs" >
Method of ice cover initialization.
'default'=>latitude and sst dependent, 'none'=>no ice, restart filename (must be a full path)
Default: 'default'
</entry>

<entry 
id="write_ic" 
type="char*256" 
category="cice" 
group="setup_nml" 
input_pathname="abs" >
Write initial state.
Default: .false.
</entry>

<!---Time steps---->

<entry 
id="days_per_year" 
type="real"  
category="setup" 
group="setup_nml" >
Days per year (Default: 365)
</entry>

<entry 
id="year_init" 
type="integer"  
category="setup" 
group="setup_nml" >
Initial year. (Default: 0)
</entry>

<entry 
id="dt" 
type="real"  
category="setup" 
group="setup_nml" >
time step, s (Default: 3600)
</entry>

<entry 
id="xndt_dyn" 
type="real"  
category="setup" 
group="setup_nml" >
number of dynamic time steps per thermodynamic time step (Default: 1.0)
</entry>

<!---History output     ---->

<entry 
id="histfreq" 
type="char*1(5)"  
category="setup" 
group="setup_nml" >
frequency of history output (once per 1,h,d,m,y) 
Default: 'mxxxx'
</entry>

<entry 
id="histfreq_n" 
type="integer(5)"  
category="setup" 
group="setup_nml" >
frequency of history output (10 = once per 10 h,d,m,y)
Default: 1
</entry>

<entry 
id="hist_avg" 
type="logical"  
category="setup" 
group="setup_nml" >
if true, write time-averages (not snapshots)
Default: true
</entry>

<entry 
id="history_format" 
type="char*80"  
category="setup" 
group="setup_nml" >
file format ('bin'=binary or 'nc'=netcdf)
Default: 'nc' if CPP nc is defined, and 'bin' otherwise
</entry>

<entry 
id="write_ic" 
type="logical"  
category="setup" 
group="setup_nml" >
if true, write initial history file
Default: false
</entry>

<!---Diagnostic output     ---->

<entry 
id="diagfreq" 
type="integer"  
category="setup" 
group="setup_nml" >
diagnostic output frequency (10 = once per 10 dt)
Default: 48
</entry>

<!---64 bit offset      ---->

<entry 
id="lcdf64" 
type="logical"  
category="setup" 
group="setup_nml" >
64 bit offset
Default: FALSE
</entry>

<!---Grid information    ---->

<entry 
id="grid_type" 
type="char*256"  
category="grid" 
group="grid_nml" 
valid_values="displaced_pole,tripole,panarctic,latlon,rectangular">
type of grid
Default: 'rectangular'
</entry>

<entry 
id="grid_format" 
type="char*256"  
category="grid" 
group="grid_nml" 
valid_values="bin,nc">
file format ('bin'=binary or 'nc'=netcdf)
Default: 'bin'
</entry>

<entry 
id="grid_file" 
type="char*256"  
category="grid" 
group="grid_nml" 
input_pathname="abs">
input file for CICE grid info
</entry>

<entry 
id="kmt_file" 
type="char*256"  
category="grid" 
group="grid_nml" 
input_pathname="abs" >
input file for CICE grid info
</entry>

<entry 
id="gridcpl_file" 
type="char*256"  
category="grid" 
group="grid_nml" 
input_pathname="abs" >
input file for CICE coupling grid info
</entry>

<entry 
id="kcatbound" 
type="integer"  
category="grid" 
group="grid_nml" >
category boundary formula (0 = old, 1 = new)
Default: 0
</entry>

<!---Parameterizations  ---->

<entry 
id="kitd" 
type="integer"  
category="parameterizations" 
group="ice_nml"> 
type of itd conversions (0 = delta, 1 = linear)
Default: 1
</entry>

<entry 
id="kdyn" 
type="integer"  
category="parameterizations" 
group="ice_nml"> 
type of dynamics (1 = evp)
Default: 1
</entry>

<entry 
id="ndte" 
type="integer"  
category="parameterizations" 
group="ice_nml" >
subcycles per dynamics timestep
Default: 120
</entry>

<entry 
id="evp_damping" 
type="logical"  
category="parameterizations" 
group="ice_nml" >
if true, use damping procedure in evp dynamics
Default: false
</entry>

<entry 
id="yield_curve" 
type="char*80"  
category="parameterizations" 
group="ice_nml" >
Yield curve.
Default: ellipse
</entry>

<entry 
id="maskhalo_dyn" 
type="logical"  
category="decomp" 
group="ice_nml" >
turn on masked halos in subcycling
Default: true
</entry>

<entry 
id="maskhalo_remap" 
type="logical"  
category="decomp" 
group="ice_nml" >
turn on masked halos in tracer halo update in remap
Default: true
</entry>

<entry 
id="maskhalo_stress" 
type="logical"  
category="decomp" 
group="ice_nml" >
turn on masked halos in tripole stress update
Default: true
</entry>

<entry 
id="maskhalo_bound" 
type="logical"  
category="decomp" 
group="ice_nml" >
turn on masked halos in state bound
Default: true
</entry>

<entry 
id="splitcomm_dyn" 
type="logical"  
category="decomp" 
group="ice_nml" >
allow overlap of computation and communication in subcycling
Default: false
</entry>

<entry 
id="kstrength" 
type="integer"  
category="parameterizations" 
group="ice_nml" >
1 = Rothrock 75 strength, 0 = Hibler 79
Default: 1
</entry>

<entry 
id="krdg_partic" 
type="integer"  
category="parameterizations" 
group="ice_nml" >
1 = new participation, 0 = Thorndike et al 75
Default: 1
</entry>

<entry 
id="krdg_redist" 
type="integer"  
category="parameterizations" 
group="ice_nml" >
1 = new redistribution, 0 = Hibler 80
Default: 1
</entry>

<entry 
id="advection" 
type="char*80"  
category="parameterizations" 
group="ice_nml" >
incremental remapping transport scheme
Default: 'remap'
</entry>

<!---Ice albedos    ---->

<entry 
id="albicev" 
type="real"  
category="albedos" 
group="ice_nml" >
visible ice albedo for h > ahmax
</entry>

<entry 
id="albicei" 
type="real"  
category="albedos" 
group="ice_nml" >
near-ir ice albedo for h > ahmax
</entry>

<entry 
id="albsnowv" 
type="real"  
category="albedos" 
group="ice_nml" >
cold snow albedo, visible
</entry>

<entry 
id="albsnowi" 
type="real"  
category="albedos" 
group="ice_nml" >
cold snow albedo, near IR
</entry>

<entry 
id="albedo_type" 
type="char*80"  
category="albedos" 
group="ice_nml" 
valid_values="default,constant">
albedo parameterization, 'default' ('ccsm3') or 'constant' 
Default:'default'
</entry>

<entry 
id="shortwave" 
type="char*80"  
category="swrad" 
group="ice_nml" 
valid_values="default,dEdd">
shortwave method, 'default' ('ccsm3') or 'dEdd'
Default:'dEdd'
</entry>

<entry 
id="dT_mlt_in" 
type="real"  
category="swrad" 
group="ice_nml" >
melt onset temperature tunable parameter for dEdd albedo
</entry>

<entry 
id="rsnw_melt_in" 
type="real"  
category="swrad" 
group="ice_nml" >
maximum melting snow grain radius tunable parameter for dEdd albedo
</entry>

<entry 
id="R_snw" 
type="real"  
category="swrad" 
group="ice_nml" >
snow grain radius tunable parameter for dEdd albedo
</entry>

<!----------------------------->
<!---Tracer information    ---->
<!----------------------------->

<entry 
id="tr_iage" 
type="logical"  
category="tracers" 
group="tracer_nml" >
Ice age tracer.
Default: TRUE
</entry>

<entry 
id="tr_FY" 
type="logical"  
category="tracers" 
group="tracer_nml" >
FY area tracer.
Default: TRUE
</entry>

<entry 
id="tr_pond" 
type="logical"  
category="tracers" 
group="tracer_nml" >
Pond volume tracer.
Default: TRUE
</entry>

<entry 
id="tr_aero" 
type="logical"  
category="tracers" 
group="tracer_nml" >
Aerosol tracers.
Default: TRUE
</entry>

<!----------------------------->
<!---Domain information    ---->
<!----------------------------->

<entry 
id="processor_shape" 
type="char*80"  
category="decomp" 
group="domain_nml" 
valid_values="slenderX1,slenderX2,square-ice,square-pop,blocks,null">
method to use for distributing blocks
Default: square-pop
</entry>

<entry 
id="distribution_type"
type="char*80"  
category="decomp" 
group="domain_nml" 
valid_values="cartesian,rake,spacecurve,roundrobin,blkrobin,blkcart,DECOMPTYPE">
method to use for distributing blocks
Default: cartesian
</entry>

<entry 
id="distribution_wght" 
type="char*80"  
category="decomp" 
group="domain_nml" 
valid_values="block,latitude,erfc,file">
method to use for distributing blocks
Default: block
</entry>

<entry 
id="distribution_wght_file" 
type="char*256"  
category="decomp" 
group="domain_nml" >
file containing probability distribution for distribution_wght method
Default: unknown
</entry>

<entry 
id="ew_boundary_type" 
type="char*80"  
category="decomp" 
group="domain_nml" 
valid_values="cyclic,closed">
type of boundary in logical east-west dir
Default: cyclic
</entry>

<entry 
id="ns_boundary_type" 
type="char*80"  
category="decomp" 
group="domain_nml" 
valid_values="open,closed,cyclic,tripole">
Default: open
</entry>

<!----------------------------->
<!--Group: ice_prescribed_nml-->
<!----------------------------->

<entry 
id="prescribed_ice" 
type="logical"  
category="icepresc" 
group="ice_prescribed_nml" >
use prescribed ice mode if true
Default: FALSE
</entry>

<entry 
id="stream_fldvarname" 
type="char*256"  
category="icepresc" 
group="ice_prescribed_nml" >
ifrac variable name on sst/ifrac dataset
Default: 'ice_cov'
</entry>

<entry 
id="stream_fldfilename" 
type="char*256(400)"  
category="icepresc" 
group="ice_prescribed_nml" 
input_pathname="stream" >
file name containing sst/ifrac data 
</entry>

<entry 
id="stream_domtvarname" 
type="char*256"  
category="icepresc" 
group="ice_prescribed_nml" >
domain file: time-dim var name
Default: time
</entry>

<entry 
id="stream_domxvarname" 
type="char*256"  
category="icepresc" 
group="ice_prescribed_nml" >
domain file: x-dim var name
Default: lon
</entry>

<entry 
id="stream_domyvarname" 
type="char*256"  
category="icepresc" 
group="ice_prescribed_nml" >
domain file: y-dim varname
Default: lat
</entry>

<entry 
id="stream_domareaname" 
type="char*256"  
category="icepresc" 
group="ice_prescribed_nml" >
domain file: area varname
Default: area
</entry>

<entry 
id="stream_dommaskname" 
type="char*256"  
category="icepresc" 
group="ice_prescribed_nml" >
domain file: mask varname
Default: mask
</entry>

<entry 
id="stream_domfilename" 
type="char*256"  
category="icepresc" 
group="ice_prescribed_nml" 
input_pathname="stream" >
domain file name
</entry>

<entry 
id="stream_mapread" 
type="char*256"  
category="icepresc" 
group="ice_prescribed_nml" >
Map file to read to map stream data to domain data
Default: NOT_SET
</entry>

<entry 
id="stream_year_first" 
type="integer"  
category="icepresc" 
group="ice_prescribed_nml" >
first year in stream to use
Default: 1
</entry>

<entry 
id="stream_year_last" 
type="integer"  
category="icepresc" 
group="ice_prescribed_nml" >
Last year in stream to use
Default: 1
</entry>

<entry 
id="model_year_align" 
type="integer"  
category="icepresc" 
group="ice_prescribed_nml" >
Align stream_year_first with this model year
Default: 1
</entry>

<entry 
id="prescribed_ice_fill" 
type="logical"  
category="icepresc" 
group="ice_prescribed_nml" >
true => pice data fill required
Default: FALSE
</entry>

<!----------------------------->
<!-- Group: icefields_nml    -->
<!----------------------------->

<entry 
id="f_hi" 
type="char*5"  
category="history"  
group="icefields_nml" >
Default: mxxxx
</entry>

<entry 
id="f_hs" 
type="char*5"  
category="history"  
group="icefields_nml" >
Default: mxxxx
</entry>

<entry 
id="f_fs" 
type="char*5"  
category="history"  
group="icefields_nml" >
Default: mxxxx
</entry>

<entry 
id="f_Tsfc" 
type="char*5"  
category="history"  
group="icefields_nml" >
Default: mxxxx
</entry>

<entry 
id="f_aice" 
type="char*5"  
category="history"  
group="icefields_nml" >
Default: mxxxx
</entry>

<entry 
id="f_uvel" 
type="char*5"  
category="history"  
group="icefields_nml" >
Default: mxxxx
</entry>

<entry 
id="f_vvel" 
type="char*5"  
category="history"  
group="icefields_nml" >
Default: mxxxx
</entry>

<entry 
id="f_transix" 
type="char*5"  
category="history"  
group="icefields_nml" >
Default: mxxxx
</entry>

<entry 
id="f_transiy" 
type="char*5"  
category="history"  
group="icefields_nml" >
Default: mxxxx
</entry>

<entry 
id="f_qi" 
type="char*5"  
category="history"  
group="icefields_nml" >
Default: mxxxx
</entry>

<entry 
id="f_qs" 
type="char*5"  
category="history"  
group="icefields_nml" >
Default: mxxxx
</entry>

<entry 
id="f_fswdn" 
type="char*5"  
category="history"  
group="icefields_nml" >
Default: mxxxx
</entry>

<entry 
id="f_fswup" 
type="char*5"  
category="history"  
group="icefields_nml" >
Default: mxxxx
</entry>

<entry 
id="f_flwdn" 
type="char*5"  
category="history"  
group="icefields_nml" >
Default: mxxxx
</entry>

<entry 
id="f_snow" 
type="char*5"  
category="history"  
group="icefields_nml" >
Default: mxxxx
</entry>

<entry 
id="f_snow_ai" 
type="char*5"  
category="history"  
group="icefields_nml" >
Default: mxxxx
</entry>

<entry 
id="f_rain" 
type="char*5"  
category="history"  
group="icefields_nml" >
Default: mxxxx
</entry>

<entry 
id="f_rain_ai" 
type="char*5"  
category="history"  
group="icefields_nml" >
Default: mxxxx
</entry>

<entry 
id="f_faero_atm" 
type="char*5"  
category="history"  
group="icefields_nml" >
Default: mxxxx
</entry>

<entry 
id="f_faero_ocn" 
type="char*5"  
category="history"  
group="icefields_nml" >
Default: mxxxx
</entry>

<entry 
id="f_sst" 
type="char*5"  
category="history"  
group="icefields_nml" >
Default: mxxxx
</entry>

<entry 
id="f_sss" 
type="char*5"  
category="history"  
group="icefields_nml" >
Default: mxxxx
</entry>

<entry 
id="f_uocn" 
type="char*5"  
category="history"  
group="icefields_nml" >
Default: mxxxx
</entry>

<entry 
id="f_vocn" 
type="char*5"  
category="history"  
group="icefields_nml" >
Default: mxxxx
</entry>

<entry 
id="f_frzmlt" 
type="char*5"  
category="history"  
group="icefields_nml" >
Default: mxxxx
</entry>

<entry 
id="f_fswfac" 
type="char*5"  
category="history"  
group="icefields_nml" >
Default: mxxxx
</entry>

<entry 
id="f_fswabs" 
type="char*5"  
category="history"  
group="icefields_nml" >
Default: mxxxx
</entry>

<entry 
id="f_fswabs_ai" 
type="char*5"  
category="history"  
group="icefields_nml" >
Default: mxxxx
</entry>

<entry 
id="f_alidr" 
type="char*5"  
category="history"  
group="icefields_nml" >
Default: mxxxx
</entry>

<entry 
id="f_alvdr" 
type="char*5"  
category="history"  
group="icefields_nml" >
Default: mxxxx
</entry>

<entry 
id="f_alidf" 
type="char*5"  
category="history"  
group="icefields_nml" >
Default: mxxxx
</entry>

<entry 
id="f_alvdf" 
type="char*5"  
category="history"  
group="icefields_nml" >
Default: mxxxx
</entry>

<entry 
id="f_albice" 
type="char*5"  
category="history"  
group="icefields_nml" >
Default: mxxxx
</entry>

<entry 
id="f_albsno" 
type="char*5"  
category="history"  
group="icefields_nml" >
Default: mxxxx
</entry>

<entry 
id="f_albpnd" 
type="char*5"  
category="history"  
group="icefields_nml" >
Default: mxxxx
</entry>

<entry 
id="f_coszen" 
type="char*5"  
category="history"  
group="icefields_nml" >
Default: mxxxx
</entry>

<entry 
id="f_flat" 
type="char*5"  
category="history"  
group="icefields_nml" >
Default: mxxxx
</entry>

<entry 
id="f_flat_ai" 
type="char*5"  
category="history"  
group="icefields_nml" >
Default: mxxxx
</entry>

<entry 
id="f_fsens" 
type="char*5"  
category="history"  
group="icefields_nml" >
Default: mxxxx
</entry>

<entry 
id="f_fsens_ai" 
type="char*5"  
category="history"  
group="icefields_nml" >
Default: mxxxx
</entry>

<entry 
id="f_flwup" 
type="char*5"  
category="history"  
group="icefields_nml" >
Default: mxxxx
</entry>

<entry 
id="f_flwup_ai" 
type="char*5"  
category="history"  
group="icefields_nml" >
Default: mxxxx
</entry>

<entry 
id="f_evap" 
type="char*5"  
category="history"  
group="icefields_nml" >
Default: mxxxx
</entry>

<entry 
id="f_evap_ai" 
type="char*5"  
category="history"  
group="icefields_nml" >
Default: mxxxx
</entry>

<entry 
id="f_Tair" 
type="char*5"  
category="history"  
group="icefields_nml" >
Default: mxxxx
</entry>

<entry 
id="f_Tref" 
type="char*5"  
category="history"  
group="icefields_nml" >
Default: mxxxx
</entry>

<entry 
id="f_Qref" 
type="char*5"  
category="history"  
group="icefields_nml" >
Default: mxxxx
</entry>

<entry 
id="f_congel" 
type="char*5"  
category="history"  
group="icefields_nml" >
Default: mxxxx
</entry>

<entry 
id="f_frazil" 
type="char*5"  
category="history"  
group="icefields_nml" >
Default: mxxxx
</entry>

<entry 
id="f_snoice" 
type="char*5"  
category="history"  
group="icefields_nml" >
Default: mxxxx
</entry>

<entry 
id="f_meltt" 
type="char*5"  
category="history"  
group="icefields_nml" >
Default: mxxxx
</entry>

<entry 
id="f_melts" 
type="char*5"  
category="history"  
group="icefields_nml" >
Default: mxxxx
</entry>

<entry 
id="f_meltb" 
type="char*5"  
category="history"  
group="icefields_nml" >
Default: mxxxx
</entry>

<entry 
id="f_meltl" 
type="char*5"  
category="history"  
group="icefields_nml" >
Default: mxxxx
</entry>

<entry 
id="f_fresh" 
type="char*5"  
category="history"  
group="icefields_nml" >
Default: mxxxx
</entry>

<entry 
id="f_fresh_ai" 
type="char*5"  
category="history"  
group="icefields_nml" >
Default: mxxxx
</entry>

<entry 
id="f_fsalt" 
type="char*5"  
category="history"  
group="icefields_nml" >
Default: mxxxx
</entry>

<entry 
id="f_fsalt_ai" 
type="char*5"  
category="history"  
group="icefields_nml" >
Default: mxxxx
</entry>

<entry 
id="f_fhocn" 
type="char*5"  
category="history"  
group="icefields_nml" >
Default: mxxxx
</entry>

<entry 
id="f_fhocn_ai" 
type="char*5"  
category="history"  
group="icefields_nml" >
Default: mxxxx
</entry>

<entry 
id="f_fswthru" 
type="char*5"  
category="history"  
group="icefields_nml" >
Default: mxxxx
</entry>

<entry 
id="f_fswthru_ai" 
type="char*5"  
category="history"  
group="icefields_nml" >
Default: mxxxx
</entry>

<entry 
id="f_strairx" 
type="char*5"  
category="history"  
group="icefields_nml" >
Default: mxxxx
</entry>

<entry 
id="f_strairy" 
type="char*5"  
category="history"  
group="icefields_nml" >
Default: mxxxx
</entry>

<entry 
id="f_strtltx" 
type="char*5"  
category="history"  
group="icefields_nml" >
Default: xxxxx
</entry>

<entry 
id="f_strtlty" 
type="char*5"  
category="history"  
group="icefields_nml" >
Default: TRUE
</entry>

<entry 
id="f_strcorx" 
type="char*5"  
category="history"  
group="icefields_nml" >
Default: mxxxx
</entry>

<entry 
id="f_strcory" 
type="char*5"  
category="history"  
group="icefields_nml" >
Default: mxxxx
</entry>

<entry 
id="f_strocnx" 
type="char*5"  
category="history"  
group="icefields_nml" >
Default: mxxxx
</entry>

<entry 
id="f_strocny" 
type="char*5"  
category="history"  
group="icefields_nml" >
Default: mxxxx
</entry>

<entry 
id="f_strintx" 
type="char*5"  
category="history"  
group="icefields_nml" >
Default: mxxxx
</entry>

<entry 
id="f_strinty" 
type="char*5"  
category="history"  
group="icefields_nml" >
Default: mxxxx
</entry>

<entry 
id="f_strength" 
type="char*5"  
category="history"  
group="icefields_nml" >
Default: mxxxx
</entry>

<entry 
id="f_opening" 
type="char*5"  
category="history"  
group="icefields_nml" >
Default: mxxxx
</entry>

<entry 
id="f_divu" 
type="char*5"  
category="history"  
group="icefields_nml" >
Default: mxxxx
</entry>

<entry 
id="f_shear" 
type="char*5"  
category="history"  
group="icefields_nml" >
Default: mxxxx
</entry>

<entry 
id="f_sig1" 
type="char*5"  
category="history"  
group="icefields_nml" >
Default: mxxxx
</entry>

<entry 
id="f_sig2" 
type="char*5"  
category="history"  
group="icefields_nml" >
Default: mxxxx
</entry>

<entry 
id="f_dvidtt" 
type="char*5"  
category="history"  
group="icefields_nml" >
Default: mxxxx
</entry>

<entry 
id="f_dvidtd" 
type="char*5"  
category="history"  
group="icefields_nml" >
Default: mxxxx
</entry>

<entry 
id="f_daidtt" 
type="char*5"  
category="history"  
group="icefields_nml" >
Default: mxxxx
</entry>

<entry 
id="f_daidtd" 
type="char*5"  
category="history"  
group="icefields_nml" >
Default: mxxxx
</entry>

<entry 
id="f_mlt_onset" 
type="char*5"  
category="history"  
group="icefields_nml" >
Default: xxxxx
</entry>

<entry 
id="f_frz_onset" 
type="char*5"  
category="history"  
group="icefields_nml" >
Default: xxxxx
</entry>

<entry 
id="f_dardg1dt" 
type="char*5"  
category="history"  
group="icefields_nml" >
Default: mxxxx
</entry>

<entry 
id="f_dardg2dt" 
type="char*5"  
category="history"  
group="icefields_nml" >
Default: mxxxx
</entry>

<entry 
id="f_dvirdgdt" 
type="char*5"  
category="history"  
group="icefields_nml" >
Default: mxxxx
</entry>

<entry 
id="f_iage" 
type="char*5"  
category="history"  
group="icefields_nml" >
Default: mxxxx
</entry>

<entry 
id="f_ardg" 
type="char*5"  
category="history"  
group="icefields_nml" >
Default: mxxxx
</entry>

<entry 
id="f_vrdg" 
type="char*5"  
category="history"  
group="icefields_nml" >
Default: mxxxx
</entry>

<entry 
id="f_alvl" 
type="char*5"  
category="history"  
group="icefields_nml" >
Default: mxxxx
</entry>

<entry 
id="f_vlvl" 
type="char*5"  
category="history"  
group="icefields_nml" >
Default: mxxxx
</entry>

<entry 
id="f_FY" 
type="char*5"  
category="history"  
group="icefields_nml" >
Default: mxxxx
</entry>

<entry 
id="f_aeron" 
type="char*5"  
category="history"  
group="icefields_nml" >
Default: xxxxx
</entry>

<entry 
id="f_aero" 
type="char*5"  
category="history"  
group="icefields_nml" >
Default: xxxxx
</entry>

<entry 
id="f_apondn" 
type="char*5"  
category="history"  
group="icefields_nml" >
Default: xxxxx
</entry>

<entry 
id="f_apond" 
type="char*5"  
category="history"  
group="icefields_nml" >
Default: xxxxx
</entry>

<entry 
id="f_aisnap" 
type="char*5"  
category="history"  
group="icefields_nml" >
Default: mdxxx
</entry>

<entry 
id="f_hisnap" 
type="char*5"  
category="history"  
group="icefields_nml" >
Default: mdxxx
</entry>

<entry 
id="f_aicen" 
type="char*5"  
category="history"  
group="icefields_nml" >
Default: mxxxx
</entry>

<entry 
id="f_vicen" 
type="char*5"  
category="history"  
group="icefields_nml" >
Default: mxxxx
</entry>

<entry 
id="f_trsig" 
type="char*5"  
category="history"  
group="icefields_nml" >
Default: mxxxx
</entry>

<entry 
id="f_icepresent" 
type="char*5"  
category="history"  
group="icefields_nml" >
Default: mxxxx
</entry>

<entry 
id="f_fsurf_ai" 
type="char*5"  
category="history"  
group="icefields_nml" >
Default: mxxxx
</entry>

<entry 
id="f_fcondtop_ai" 
type="char*5"  
category="history"  
group="icefields_nml" >
Default: mxxxx
</entry>

<entry 
id="f_fsurfn_ai" 
type="char*5"  
category="history"  
group="icefields_nml" >
Default: xxxxx
</entry>

<entry 
id="f_fcondtopn_ai" 
type="char*5"  
category="history"  
group="icefields_nml" >
Default: xxxxx
</entry>

<entry 
id="f_fmelttn_ai" 
type="char*5"  
category="history"  
group="icefields_nml" >
Default: xxxxx
</entry>

<entry 
id="f_flatn_ai" 
type="char*5"  
category="history"
group="icefields_nml" >
Default: xxxxx
</entry>

</namelist_definition>
