<?xml version="1.0"?>

<pesinfo>

<!--

  ==============================================================
  Notes about the interpretation of attributes in this file (by
  ConfigCase.pm : set_pes)
  ==============================================================

  GRID: the value of the attribute can match either the beginning or
  end of the grid specification

  CCSM_LCOMPSET: the value of the attribute can match ANYWHERE in the
  long compset name (similar to GEN_COMPSET_MATCH in
  config_compsets.xml). Note, though, that this uses regular
  expressions, so you can match B compsets using CCSM_LCOMPSET="^B". 

  TEST: Matches on testname + test options (PET_PT_D) 
  The test name can be either specified as a text string, or with
  a regular expression.  If one wants to allow a specific test, 
  input the test name as a string. 
  If one wants to DISALLOW the pe layout for a specific test use 
  the following regex, which will be passed along to 
  ConfigCase->set_pes: TEST="^(?:(?!PATTERN).)*$", and replace
  PATTERN with the desired test name. 

  All other attributes: the value of the attribute must match the
  beginning of the variable.

  ==============================================================
  Matching compsets
  ==============================================================

  Compsets should be matched using their long name (using
  CCSM_LCOMPSET), NOT their short name. This allows for the use of
  compsets that do not have a short name.
  
-->

<!-------------------------------------------------------------------------------
 tasks/thread setup - default
 ------------------------------------------------------------------------------->

<pes>
    <NTASKS_ATM>16</NTASKS_ATM> <NTHRDS_ATM>1</NTHRDS_ATM>   <ROOTPE_ATM>0</ROOTPE_ATM>      <NINST_ATM>1</NINST_ATM>
    <NTASKS_LND>$NTASKS_ATM</NTASKS_LND> <NTHRDS_LND>$NTHRDS_ATM</NTHRDS_LND> <ROOTPE_LND>$ROOTPE_ATM</ROOTPE_LND> <NINST_LND>1</NINST_LND>
    <NTASKS_ROF>$NTASKS_ATM</NTASKS_ROF> <NTHRDS_ROF>$NTHRDS_ATM</NTHRDS_ROF> <ROOTPE_ROF>$ROOTPE_ATM</ROOTPE_ROF> <NINST_ROF>1</NINST_ROF>
    <NTASKS_ICE>$NTASKS_ATM</NTASKS_ICE> <NTHRDS_ICE>$NTHRDS_ATM</NTHRDS_ICE> <ROOTPE_ICE>$ROOTPE_ATM</ROOTPE_ICE> <NINST_ICE>1</NINST_ICE>
    <NTASKS_OCN>$NTASKS_ATM</NTASKS_OCN> <NTHRDS_OCN>$NTHRDS_ATM</NTHRDS_OCN> <ROOTPE_OCN>$ROOTPE_ATM</ROOTPE_OCN> <NINST_OCN>1</NINST_OCN>
    <NTASKS_GLC>$NTASKS_ATM</NTASKS_GLC> <NTHRDS_GLC>$NTHRDS_ATM</NTHRDS_GLC> <ROOTPE_GLC>$ROOTPE_ATM</ROOTPE_GLC> <NINST_GLC>1</NINST_GLC>
    <NTASKS_WAV>$NTASKS_ATM</NTASKS_WAV> <NTHRDS_WAV>$NTHRDS_ATM</NTHRDS_WAV> <ROOTPE_WAV>$ROOTPE_ATM</ROOTPE_WAV> <NINST_WAV>1</NINST_WAV>
    <NTASKS_CPL>$NTASKS_ATM</NTASKS_CPL> <NTHRDS_CPL>$NTHRDS_ATM</NTHRDS_CPL> <ROOTPE_CPL>$ROOTPE_ATM</ROOTPE_CPL>

    <PIO_NUMTASKS>-1</PIO_NUMTASKS><PIO_STRIDE>-1</PIO_STRIDE> <PIO_TYPENAME>netcdf</PIO_TYPENAME> <PIO_ROOT>1</PIO_ROOT>
    <PES_LEVEL>0</PES_LEVEL>
</pes>

<pes MACH="yellowstone|pronghorn">
    <NTASKS_ATM>15</NTASKS_ATM>
</pes>

<!-- Default settings for edison, one full node using SMT -->
<pes MACH="edison">
  <NTASKS_ATM>12</NTASKS_ATM> <NTHRDS_ATM>4</NTHRDS_ATM> <ROOTPE_ATM>0</ROOTPE_ATM><NINST_ATM>1</NINST_ATM>
</pes>

<!-- Default settings for eos, one full node using SMT -->
<pes MACH="eos">
  <NTASKS_ATM>8</NTASKS_ATM> <NTHRDS_ATM>4</NTHRDS_ATM> <ROOTPE_ATM>0</ROOTPE_ATM><NINST_ATM>1</NINST_ATM>
</pes>

<pes MACH="yellowstone" GRID="a%ne16np4">
  <NTASKS_ATM>630</NTASKS_ATM> <NTHRDS_ATM>2</NTHRDS_ATM> <ROOTPE_ATM>0</ROOTPE_ATM><NINST_ATM>1</NINST_ATM>
</pes>

<pes MACH="bluewaters" GRID="a%ne16np4">
  <NTASKS_ATM>640</NTASKS_ATM> <NTHRDS_ATM>2</NTHRDS_ATM> <ROOTPE_ATM>0</ROOTPE_ATM><NINST_ATM>1</NINST_ATM>
</pes>

<pes GRID="a%ne240np4">
    <NTASKS_ATM>2048</NTASKS_ATM> <NTHRDS_ATM>1</NTHRDS_ATM>   <ROOTPE_ATM>0</ROOTPE_ATM>      <NINST_ATM>1</NINST_ATM>
    <NTASKS_LND>$NTASKS_ATM</NTASKS_LND> <NTHRDS_LND>$NTHRDS_ATM</NTHRDS_LND> <ROOTPE_LND>$ROOTPE_ATM</ROOTPE_LND> <NINST_LND>1</NINST_LND>
    <NTASKS_ICE>$NTASKS_ATM</NTASKS_ICE> <NTHRDS_ICE>$NTHRDS_ATM</NTHRDS_ICE> <ROOTPE_ICE>$ROOTPE_ATM</ROOTPE_ICE> <NINST_ICE>1</NINST_ICE>
    <NTASKS_OCN>$NTASKS_ATM</NTASKS_OCN> <NTHRDS_OCN>$NTHRDS_ATM</NTHRDS_OCN> <ROOTPE_OCN>$ROOTPE_ATM</ROOTPE_OCN> <NINST_OCN>1</NINST_OCN>
    <NTASKS_CPL>$NTASKS_ATM</NTASKS_CPL> <NTHRDS_CPL>$NTHRDS_ATM</NTHRDS_CPL> <ROOTPE_CPL>$ROOTPE_ATM</ROOTPE_CPL>
    <NTASKS_GLC>$NTASKS_ATM</NTASKS_GLC> <NTHRDS_GLC>$NTHRDS_ATM</NTHRDS_GLC> <ROOTPE_GLC>$ROOTPE_ATM</ROOTPE_GLC> <NINST_GLC>1</NINST_GLC>

    <PIO_NUMTASKS>-1</PIO_NUMTASKS><PIO_STRIDE>-1</PIO_STRIDE> <PIO_TYPENAME>netcdf</PIO_TYPENAME> <PIO_ROOT>1</PIO_ROOT>
    <PES_LEVEL>0</PES_LEVEL>
</pes>



<pes GRID="a%ne120np4">
    <NTASKS_ATM>1024</NTASKS_ATM> <NTHRDS_ATM>1</NTHRDS_ATM>   <ROOTPE_ATM>0</ROOTPE_ATM>      <NINST_ATM>1</NINST_ATM>
    <NTASKS_LND>$NTASKS_ATM</NTASKS_LND> <NTHRDS_LND>$NTHRDS_ATM</NTHRDS_LND> <ROOTPE_LND>$ROOTPE_ATM</ROOTPE_LND> <NINST_LND>1</NINST_LND>
    <NTASKS_ICE>$NTASKS_ATM</NTASKS_ICE> <NTHRDS_ICE>$NTHRDS_ATM</NTHRDS_ICE> <ROOTPE_ICE>$ROOTPE_ATM</ROOTPE_ICE> <NINST_ICE>1</NINST_ICE>
    <NTASKS_OCN>$NTASKS_ATM</NTASKS_OCN> <NTHRDS_OCN>$NTHRDS_ATM</NTHRDS_OCN> <ROOTPE_OCN>$ROOTPE_ATM</ROOTPE_OCN> <NINST_OCN>1</NINST_OCN>
    <NTASKS_CPL>$NTASKS_ATM</NTASKS_CPL> <NTHRDS_CPL>$NTHRDS_ATM</NTHRDS_CPL> <ROOTPE_CPL>$ROOTPE_ATM</ROOTPE_CPL>
    <NTASKS_GLC>$NTASKS_ATM</NTASKS_GLC> <NTHRDS_GLC>$NTHRDS_ATM</NTHRDS_GLC> <ROOTPE_GLC>$ROOTPE_ATM</ROOTPE_GLC> <NINST_GLC>1</NINST_GLC>

    <PIO_NUMTASKS>-1</PIO_NUMTASKS><PIO_STRIDE>-1</PIO_STRIDE> <PIO_TYPENAME>netcdf</PIO_TYPENAME> <PIO_ROOT>1</PIO_ROOT>
    <PES_LEVEL>0</PES_LEVEL>
</pes>

<pes GRID="a%ne120np4" MACH="titan|stampede|bluewaters|edison|eos">
    <NTASKS_ATM>4800</NTASKS_ATM> <NTHRDS_ATM>4</NTHRDS_ATM>   <ROOTPE_ATM>0</ROOTPE_ATM>      <NINST_ATM>1</NINST_ATM>
    <NTASKS_LND>$NTASKS_ATM</NTASKS_LND> <NTHRDS_LND>$NTHRDS_ATM</NTHRDS_LND> <ROOTPE_LND>$ROOTPE_ATM</ROOTPE_LND> <NINST_LND>1</NINST_LND>
    <NTASKS_ICE>$NTASKS_ATM</NTASKS_ICE> <NTHRDS_ICE>$NTHRDS_ATM</NTHRDS_ICE> <ROOTPE_ICE>$ROOTPE_ATM</ROOTPE_ICE> <NINST_ICE>1</NINST_ICE>
    <NTASKS_OCN>$NTASKS_ATM</NTASKS_OCN> <NTHRDS_OCN>$NTHRDS_ATM</NTHRDS_OCN> <ROOTPE_OCN>$ROOTPE_ATM</ROOTPE_OCN> <NINST_OCN>1</NINST_OCN>
    <NTASKS_CPL>$NTASKS_ATM</NTASKS_CPL> <NTHRDS_CPL>$NTHRDS_ATM</NTHRDS_CPL> <ROOTPE_CPL>$ROOTPE_ATM</ROOTPE_CPL>
    <NTASKS_GLC>$NTASKS_ATM</NTASKS_GLC> <NTHRDS_GLC>$NTHRDS_ATM</NTHRDS_GLC> <ROOTPE_GLC>$ROOTPE_ATM</ROOTPE_GLC> <NINST_GLC>1</NINST_GLC>

    <PIO_NUMTASKS>-1</PIO_NUMTASKS><PIO_STRIDE>24</PIO_STRIDE> <PIO_TYPENAME>pnetcdf</PIO_TYPENAME> <PIO_ROOT>1</PIO_ROOT>
    <PES_LEVEL>0</PES_LEVEL>
</pes>

<pes GRID="a%ne120np4" CCSM_LCOMPSET="CAM.+CLM.+CICE%PRES.+DOCN%DOM" MACH="yellowstone">
    <NTASKS_ATM>7680</NTASKS_ATM> <NTHRDS_ATM>2</NTHRDS_ATM> <ROOTPE_ATM>0</ROOTPE_ATM> <NINST_ATM>1</NINST_ATM>
    <NTASKS_LND>3040</NTASKS_LND> <NTHRDS_LND>$NTHRDS_ATM</NTHRDS_LND> <ROOTPE_LND>$ROOTPE_ATM</ROOTPE_LND> <NINST_LND>1</NINST_LND>
    <NTASKS_ICE>3840</NTASKS_ICE> <NTHRDS_ICE>$NTHRDS_ATM</NTHRDS_ICE> <ROOTPE_ICE>$NTASKS_LND</ROOTPE_ICE> <NINST_ICE>1</NINST_ICE>
    <NTASKS_OCN>$NTASKS_ATM</NTASKS_OCN> <NTHRDS_OCN>$NTHRDS_ATM</NTHRDS_OCN> <ROOTPE_OCN>$ROOTPE_ATM</ROOTPE_OCN> <NINST_OCN>1</NINST_OCN>
    <NTASKS_CPL>$NTASKS_ATM</NTASKS_CPL> <NTHRDS_CPL>$NTHRDS_ATM</NTHRDS_CPL> <ROOTPE_CPL>$ROOTPE_ATM</ROOTPE_CPL>
    <NTASKS_GLC>$NTASKS_ATM</NTASKS_GLC> <NTHRDS_GLC>$NTHRDS_ATM</NTHRDS_GLC> <ROOTPE_GLC>$ROOTPE_ATM</ROOTPE_GLC> <NINST_GLC>1</NINST_GLC>

    <PIO_NUMTASKS>-1</PIO_NUMTASKS><PIO_STRIDE>15</PIO_STRIDE> <PIO_TYPENAME>pnetcdf</PIO_TYPENAME> <PIO_ROOT>1</PIO_ROOT>
    <PES_LEVEL>0</PES_LEVEL>
</pes>

<pes GRID="a%ne120np4" CCSM_LCOMPSET="CAM.+CLM.+CICE%PRES.+DOCN%DOM" MACH="stampede|pronghorn">
    <NTASKS_ATM>8192</NTASKS_ATM> <NTHRDS_ATM>2</NTHRDS_ATM> <ROOTPE_ATM>0</ROOTPE_ATM> <NINST_ATM>1</NINST_ATM>
    <NTASKS_LND>4096</NTASKS_LND> <NTHRDS_LND>$NTHRDS_ATM</NTHRDS_LND> <ROOTPE_LND>$ROOTPE_ATM</ROOTPE_LND> <NINST_LND>1</NINST_LND>
    <NTASKS_ICE>4096</NTASKS_ICE> <NTHRDS_ICE>$NTHRDS_ATM</NTHRDS_ICE> <ROOTPE_ICE>$NTASKS_LND</ROOTPE_ICE> <NINST_ICE>1</NINST_ICE>
    <NTASKS_OCN>$NTASKS_ATM</NTASKS_OCN> <NTHRDS_OCN>$NTHRDS_ATM</NTHRDS_OCN> <ROOTPE_OCN>$ROOTPE_ATM</ROOTPE_OCN> <NINST_OCN>1</NINST_OCN>
    <NTASKS_CPL>$NTASKS_ATM</NTASKS_CPL> <NTHRDS_CPL>$NTHRDS_ATM</NTHRDS_CPL> <ROOTPE_CPL>$ROOTPE_ATM</ROOTPE_CPL>
    <NTASKS_GLC>$NTASKS_ATM</NTASKS_GLC> <NTHRDS_GLC>$NTHRDS_ATM</NTHRDS_GLC> <ROOTPE_GLC>$ROOTPE_ATM</ROOTPE_GLC> <NINST_GLC>1</NINST_GLC>

    <PIO_NUMTASKS>-1</PIO_NUMTASKS><PIO_STRIDE>15</PIO_STRIDE> <PIO_TYPENAME>pnetcdf</PIO_TYPENAME> <PIO_ROOT>1</PIO_ROOT>
    <PES_LEVEL>0</PES_LEVEL>
</pes>

<pes GRID="a%ne120np4" CCSM_LCOMPSET="CAM.+CLM.+CICE.+POP" MACH="yellowstone|pronghorn">
    <NTASKS_ATM>15330</NTASKS_ATM> <NTHRDS_ATM>2</NTHRDS_ATM>   <ROOTPE_ATM>0</ROOTPE_ATM>      <NINST_ATM>1</NINST_ATM>
    <NTASKS_LND>5115</NTASKS_LND> <NTHRDS_LND>$NTHRDS_ATM</NTHRDS_LND> <ROOTPE_LND>0</ROOTPE_LND> <NINST_LND>1</NINST_LND>
    <NTASKS_ICE>10215</NTASKS_ICE> <NTHRDS_ICE>$NTHRDS_ATM</NTHRDS_ICE> <ROOTPE_ICE>5115</ROOTPE_ICE> <NINST_ICE>1</NINST_ICE>
    <NTASKS_OCN>30</NTASKS_OCN> <NTHRDS_OCN>$NTHRDS_ATM</NTHRDS_OCN> <ROOTPE_OCN>$NTASKS_ATM</ROOTPE_OCN> <NINST_OCN>1</NINST_OCN>
    <NTASKS_CPL>$NTASKS_ATM</NTASKS_CPL> <NTHRDS_CPL>$NTHRDS_ATM</NTHRDS_CPL> <ROOTPE_CPL>$ROOTPE_ATM</ROOTPE_CPL>
    <NTASKS_GLC>$NTASKS_ATM</NTASKS_GLC> <NTHRDS_GLC>$NTHRDS_ATM</NTHRDS_GLC> <ROOTPE_GLC>$ROOTPE_ATM</ROOTPE_GLC> <NINST_GLC>1</NINST_GLC>

    <PIO_NUMTASKS>-1</PIO_NUMTASKS><PIO_STRIDE>60</PIO_STRIDE> <PIO_TYPENAME>netcdf</PIO_TYPENAME> <PIO_ROOT>1</PIO_ROOT>
    <PES_LEVEL>0</PES_LEVEL>
</pes>

<pes GRID="a%ne120np4.+oi%tx0.1v2" CCSM_LCOMPSET="CAM.+CLM.+CICE.+POP" MACH="yellowstone|pronghorn">
    <NTASKS_ATM>4096</NTASKS_ATM> <NTHRDS_ATM>2</NTHRDS_ATM>   <ROOTPE_ATM>0</ROOTPE_ATM>      <NINST_ATM>1</NINST_ATM>
    <NTASKS_LND>2048</NTASKS_LND> <NTHRDS_LND>$NTHRDS_ATM</NTHRDS_LND> <ROOTPE_LND>0</ROOTPE_LND> <NINST_LND>1</NINST_LND>
    <NTASKS_ICE>2048</NTASKS_ICE> <NTHRDS_ICE>$NTHRDS_ATM</NTHRDS_ICE> <ROOTPE_ICE>2048</ROOTPE_ICE> <NINST_ICE>1</NINST_ICE>
    <NTASKS_OCN>512</NTASKS_OCN> <NTHRDS_OCN>$NTHRDS_ATM</NTHRDS_OCN> <ROOTPE_OCN>$NTASKS_ATM</ROOTPE_OCN> <NINST_OCN>1</NINST_OCN>
    <NTASKS_CPL>$NTASKS_ATM</NTASKS_CPL> <NTHRDS_CPL>$NTHRDS_ATM</NTHRDS_CPL> <ROOTPE_CPL>$ROOTPE_ATM</ROOTPE_CPL>
    <NTASKS_GLC>$NTASKS_ATM</NTASKS_GLC> <NTHRDS_GLC>$NTHRDS_ATM</NTHRDS_GLC> <ROOTPE_GLC>$ROOTPE_ATM</ROOTPE_GLC> <NINST_GLC>1</NINST_GLC>

    <PIO_NUMTASKS>-1</PIO_NUMTASKS><PIO_STRIDE>15</PIO_STRIDE> <PIO_TYPENAME>pnetcdf</PIO_TYPENAME> <PIO_ROOT>1</PIO_ROOT>
    <PES_LEVEL>0</PES_LEVEL>
</pes>

<pes GRID="a%ne120np4" CCSM_LCOMPSET="CAM.+CLM.+CICE.+POP" MACH="titan|stampede|bluewaters">
    <NTASKS_ATM>3200</NTASKS_ATM> <NTHRDS_ATM>2</NTHRDS_ATM>   <ROOTPE_ATM>0</ROOTPE_ATM>      <NINST_ATM>1</NINST_ATM>
    <NTASKS_LND>1600</NTASKS_LND> <NTHRDS_LND>$NTHRDS_ATM</NTHRDS_LND> <ROOTPE_LND>$ROOTPE_ATM</ROOTPE_LND> <NINST_LND>1</NINST_LND>
    <NTASKS_ICE>1600</NTASKS_ICE> <NTHRDS_ICE>$NTHRDS_ATM</NTHRDS_ICE> <ROOTPE_ICE>1600</ROOTPE_ICE> <NINST_ICE>1</NINST_ICE>
    <NTASKS_OCN>32</NTASKS_OCN> <NTHRDS_OCN>$NTHRDS_ATM</NTHRDS_OCN> <ROOTPE_OCN>$NTASKS_ATM</ROOTPE_OCN> <NINST_OCN>1</NINST_OCN>
    <NTASKS_CPL>$NTASKS_ATM</NTASKS_CPL> <NTHRDS_CPL>$NTHRDS_ATM</NTHRDS_CPL> <ROOTPE_CPL>$ROOTPE_ATM</ROOTPE_CPL>
    <NTASKS_GLC>$NTASKS_ATM</NTASKS_GLC> <NTHRDS_GLC>$NTHRDS_ATM</NTHRDS_GLC> <ROOTPE_GLC>$ROOTPE_ATM</ROOTPE_GLC> <NINST_GLC>1</NINST_GLC>

    <PIO_NUMTASKS>-1</PIO_NUMTASKS><PIO_STRIDE>-1</PIO_STRIDE> <PIO_TYPENAME>pnetcdf</PIO_TYPENAME> <PIO_ROOT>1</PIO_ROOT>
    <PES_LEVEL>0</PES_LEVEL>
</pes>

<pes GRID="a%ne30np4">
    <NTASKS_ATM>128</NTASKS_ATM> <NTHRDS_ATM>1</NTHRDS_ATM>   <ROOTPE_ATM>0</ROOTPE_ATM>      <NINST_ATM>1</NINST_ATM>
    <NTASKS_LND>$NTASKS_ATM</NTASKS_LND> <NTHRDS_LND>$NTHRDS_ATM</NTHRDS_LND> <ROOTPE_LND>$ROOTPE_ATM</ROOTPE_LND> <NINST_LND>1</NINST_LND>
    <NTASKS_ICE>$NTASKS_ATM</NTASKS_ICE> <NTHRDS_ICE>$NTHRDS_ATM</NTHRDS_ICE> <ROOTPE_ICE>$ROOTPE_ATM</ROOTPE_ICE> <NINST_ICE>1</NINST_ICE>
    <NTASKS_OCN>$NTASKS_ATM</NTASKS_OCN> <NTHRDS_OCN>$NTHRDS_ATM</NTHRDS_OCN> <ROOTPE_OCN>$ROOTPE_ATM</ROOTPE_OCN> <NINST_OCN>1</NINST_OCN>
    <NTASKS_CPL>$NTASKS_ATM</NTASKS_CPL> <NTHRDS_CPL>$NTHRDS_ATM</NTHRDS_CPL> <ROOTPE_CPL>$ROOTPE_ATM</ROOTPE_CPL>
    <NTASKS_GLC>$NTASKS_ATM</NTASKS_GLC> <NTHRDS_GLC>$NTHRDS_ATM</NTHRDS_GLC> <ROOTPE_GLC>$ROOTPE_ATM</ROOTPE_GLC> <NINST_GLC>1</NINST_GLC>
    <PIO_NUMTASKS>-1</PIO_NUMTASKS><PIO_STRIDE>-1</PIO_STRIDE> <PIO_TYPENAME>netcdf</PIO_TYPENAME> <PIO_ROOT>1</PIO_ROOT>
    <PES_LEVEL>0</PES_LEVEL>
</pes>

<pes GRID="a%ne30np4" MACH="edison">
    <NTASKS_ATM>960</NTASKS_ATM> <NTHRDS_ATM>4</NTHRDS_ATM>   <ROOTPE_ATM>0</ROOTPE_ATM>      <NINST_ATM>1</NINST_ATM>
    <PIO_NUMTASKS>-1</PIO_NUMTASKS><PIO_STRIDE>24</PIO_STRIDE> <PIO_TYPENAME>pnetcdf</PIO_TYPENAME> <PIO_ROOT>1</PIO_ROOT>
    <PES_LEVEL>0</PES_LEVEL>
</pes>

<pes GRID="a%ne30np4" MACH="eos">
    <NTASKS_ATM>960</NTASKS_ATM> <NTHRDS_ATM>4</NTHRDS_ATM>   <ROOTPE_ATM>0</ROOTPE_ATM>      <NINST_ATM>1</NINST_ATM>
    <PIO_NUMTASKS>-1</PIO_NUMTASKS><PIO_STRIDE>32</PIO_STRIDE> <PIO_TYPENAME>pnetcdf</PIO_TYPENAME> <PIO_ROOT>1</PIO_ROOT>
    <PES_LEVEL>0</PES_LEVEL>
</pes>

<pes GRID="a%ne30np4" MACH="yellowstone|pronghorn">
    <NTASKS_ATM>900</NTASKS_ATM> <NTHRDS_ATM>2</NTHRDS_ATM>   <ROOTPE_ATM>0</ROOTPE_ATM>      <NINST_ATM>1</NINST_ATM>
    <NTASKS_LND>$NTASKS_ATM</NTASKS_LND> <NTHRDS_LND>$NTHRDS_ATM</NTHRDS_LND> <ROOTPE_LND>$ROOTPE_ATM</ROOTPE_LND> <NINST_LND>1</NINST_LND>
    <NTASKS_ICE>$NTASKS_ATM</NTASKS_ICE> <NTHRDS_ICE>$NTHRDS_ATM</NTHRDS_ICE> <ROOTPE_ICE>$ROOTPE_ATM</ROOTPE_ICE> <NINST_ICE>1</NINST_ICE>
    <NTASKS_OCN>$NTASKS_ATM</NTASKS_OCN> <NTHRDS_OCN>$NTHRDS_ATM</NTHRDS_OCN> <ROOTPE_OCN>$ROOTPE_ATM</ROOTPE_OCN> <NINST_OCN>1</NINST_OCN>
    <NTASKS_CPL>$NTASKS_ATM</NTASKS_CPL> <NTHRDS_CPL>$NTHRDS_ATM</NTHRDS_CPL> <ROOTPE_CPL>$ROOTPE_ATM</ROOTPE_CPL>
    <NTASKS_GLC>$NTASKS_ATM</NTASKS_GLC> <NTHRDS_GLC>$NTHRDS_ATM</NTHRDS_GLC> <ROOTPE_GLC>$ROOTPE_ATM</ROOTPE_GLC> <NINST_GLC>1</NINST_GLC>
    <PIO_NUMTASKS>-1</PIO_NUMTASKS><PIO_STRIDE>15</PIO_STRIDE> <PIO_TYPENAME>pnetcdf</PIO_TYPENAME> <PIO_ROOT>1</PIO_ROOT>
    <PES_LEVEL>0</PES_LEVEL>
</pes>

<pes GRID="a%ne30np4" MACH="yellowstone|pronghorn" CCSM_LCOMPSET="CAM.+CLM.+CICE.+POP" >
    <NTASKS_ATM>900</NTASKS_ATM> <NTHRDS_ATM>2</NTHRDS_ATM>   <ROOTPE_ATM>0</ROOTPE_ATM>      <NINST_ATM>1</NINST_ATM>
    <NTASKS_LND>300</NTASKS_LND> <NTHRDS_LND>$NTHRDS_ATM</NTHRDS_LND> <ROOTPE_LND>$ROOTPE_ATM</ROOTPE_LND> <NINST_LND>1</NINST_LND>
    <NTASKS_ICE>600</NTASKS_ICE> <NTHRDS_ICE>$NTHRDS_ATM</NTHRDS_ICE> <ROOTPE_ICE>300</ROOTPE_ICE> <NINST_ICE>1</NINST_ICE>
    <NTASKS_OCN>60</NTASKS_OCN> <NTHRDS_OCN>$NTHRDS_ATM</NTHRDS_OCN> <ROOTPE_OCN>900</ROOTPE_OCN> <NINST_OCN>1</NINST_OCN>
    <NTASKS_CPL>$NTASKS_ATM</NTASKS_CPL> <NTHRDS_CPL>$NTHRDS_ATM</NTHRDS_CPL> <ROOTPE_CPL>$ROOTPE_ATM</ROOTPE_CPL>
    <NTASKS_GLC>$NTASKS_ATM</NTASKS_GLC> <NTHRDS_GLC>$NTHRDS_ATM</NTHRDS_GLC> <ROOTPE_GLC>$ROOTPE_ATM</ROOTPE_GLC> <NINST_GLC>1</NINST_GLC>
    <PIO_NUMTASKS>-1</PIO_NUMTASKS><PIO_STRIDE>60</PIO_STRIDE> <PIO_TYPENAME>pnetcdf</PIO_TYPENAME> <PIO_ROOT>1</PIO_ROOT>
    <PES_LEVEL>0</PES_LEVEL>
</pes>


<pes GRID="a%ne30np4" MACH="lynx">
    <NTASKS_ATM>256</NTASKS_ATM> <NTHRDS_ATM>1</NTHRDS_ATM>   <ROOTPE_ATM>0</ROOTPE_ATM>      <NINST_ATM>1</NINST_ATM>
    <NTASKS_LND>$NTASKS_ATM</NTASKS_LND> <NTHRDS_LND>$NTHRDS_ATM</NTHRDS_LND> <ROOTPE_LND>$ROOTPE_ATM</ROOTPE_LND> <NINST_LND>1</NINST_LND>
    <NTASKS_ICE>$NTASKS_ATM</NTASKS_ICE> <NTHRDS_ICE>$NTHRDS_ATM</NTHRDS_ICE> <ROOTPE_ICE>$ROOTPE_ATM</ROOTPE_ICE> <NINST_ICE>1</NINST_ICE>
    <NTASKS_OCN>$NTASKS_ATM</NTASKS_OCN> <NTHRDS_OCN>$NTHRDS_ATM</NTHRDS_OCN> <ROOTPE_OCN>$ROOTPE_ATM</ROOTPE_OCN> <NINST_OCN>1</NINST_OCN>
    <NTASKS_CPL>$NTASKS_ATM</NTASKS_CPL> <NTHRDS_CPL>$NTHRDS_ATM</NTHRDS_CPL> <ROOTPE_CPL>$ROOTPE_ATM</ROOTPE_CPL>
    <NTASKS_GLC>$NTASKS_ATM</NTASKS_GLC> <NTHRDS_GLC>$NTHRDS_ATM</NTHRDS_GLC> <ROOTPE_GLC>$ROOTPE_ATM</ROOTPE_GLC> <NINST_GLC>1</NINST_GLC>
    <PIO_NUMTASKS>-1</PIO_NUMTASKS><PIO_STRIDE>-1</PIO_STRIDE> <PIO_TYPENAME>netcdf</PIO_TYPENAME> <PIO_ROOT>1</PIO_ROOT>
    <PES_LEVEL>0</PES_LEVEL>
</pes>


<pes GRID="a%ne30np4" MACH="titan|stampede|bluewaters">
    <NTASKS_ATM>1280</NTASKS_ATM> <NTHRDS_ATM>1</NTHRDS_ATM>   <ROOTPE_ATM>0</ROOTPE_ATM>      <NINST_ATM>1</NINST_ATM>
    <NTASKS_LND>$NTASKS_ATM</NTASKS_LND> <NTHRDS_LND>$NTHRDS_ATM</NTHRDS_LND> <ROOTPE_LND>$ROOTPE_ATM</ROOTPE_LND> <NINST_LND>1</NINST_LND>
    <NTASKS_ICE>$NTASKS_ATM</NTASKS_ICE> <NTHRDS_ICE>$NTHRDS_ATM</NTHRDS_ICE> <ROOTPE_ICE>$ROOTPE_ATM</ROOTPE_ICE> <NINST_ICE>1</NINST_ICE>
    <NTASKS_OCN>$NTASKS_ATM</NTASKS_OCN> <NTHRDS_OCN>$NTHRDS_ATM</NTHRDS_OCN> <ROOTPE_OCN>$ROOTPE_ATM</ROOTPE_OCN> <NINST_OCN>1</NINST_OCN>
    <NTASKS_CPL>$NTASKS_ATM</NTASKS_CPL> <NTHRDS_CPL>$NTHRDS_ATM</NTHRDS_CPL> <ROOTPE_CPL>$ROOTPE_ATM</ROOTPE_CPL>
    <NTASKS_GLC>$NTASKS_ATM</NTASKS_GLC> <NTHRDS_GLC>$NTHRDS_ATM</NTHRDS_GLC> <ROOTPE_GLC>$ROOTPE_ATM</ROOTPE_GLC> <NINST_GLC>1</NINST_GLC>
    <PIO_NUMTASKS>-1</PIO_NUMTASKS><PIO_STRIDE>-1</PIO_STRIDE> <PIO_TYPENAME>netcdf</PIO_TYPENAME> <PIO_ROOT>1</PIO_ROOT>
    <PES_LEVEL>0</PES_LEVEL>
</pes>

<pes GRID="a%ne30np4" MACH="hopper">
    <NTASKS_ATM>1200</NTASKS_ATM> <NTHRDS_ATM>2</NTHRDS_ATM>   <ROOTPE_ATM>0</ROOTPE_ATM>      <NINST_ATM>1</NINST_ATM>
    <NTASKS_LND>$NTASKS_ATM</NTASKS_LND> <NTHRDS_LND>$NTHRDS_ATM</NTHRDS_LND> <ROOTPE_LND>$ROOTPE_ATM</ROOTPE_LND> <NINST_LND>1</NINST_LND>
    <NTASKS_ICE>$NTASKS_ATM</NTASKS_ICE> <NTHRDS_ICE>$NTHRDS_ATM</NTHRDS_ICE> <ROOTPE_ICE>$ROOTPE_ATM</ROOTPE_ICE> <NINST_ICE>1</NINST_ICE>
    <NTASKS_OCN>$NTASKS_ATM</NTASKS_OCN> <NTHRDS_OCN>$NTHRDS_ATM</NTHRDS_OCN> <ROOTPE_OCN>$ROOTPE_ATM</ROOTPE_OCN> <NINST_OCN>1</NINST_OCN>
    <NTASKS_CPL>$NTASKS_ATM</NTASKS_CPL> <NTHRDS_CPL>$NTHRDS_ATM</NTHRDS_CPL> <ROOTPE_CPL>$ROOTPE_ATM</ROOTPE_CPL>
    <NTASKS_GLC>$NTASKS_ATM</NTASKS_GLC> <NTHRDS_GLC>$NTHRDS_ATM</NTHRDS_GLC> <ROOTPE_GLC>$ROOTPE_ATM</ROOTPE_GLC> <NINST_GLC>1</NINST_GLC>
    <PIO_NUMTASKS>-1</PIO_NUMTASKS><PIO_STRIDE>-1</PIO_STRIDE> <PIO_TYPENAME>netcdf</PIO_TYPENAME> <PIO_ROOT>1</PIO_ROOT>
    <PES_LEVEL>0</PES_LEVEL>
</pes>

<pes GRID="a%ne30np4_l%ne30np4_oi%gx1v6" MACH="hopper">
    <NTASKS_ATM>1200</NTASKS_ATM><NTHRDS_ATM>2</NTHRDS_ATM><ROOTPE_ATM>0</ROOTPE_ATM><NINST_ATM>1</NINST_ATM>
    <NTASKS_LND>600</NTASKS_LND> <NTHRDS_LND>$NTHRDS_ATM</NTHRDS_LND> <ROOTPE_LND>$ROOTPE_ATM</ROOTPE_LND> <NINST_LND>1</NINST_LND>
    <NTASKS_ICE>600</NTASKS_ICE> <NTHRDS_ICE>$NTHRDS_ATM</NTHRDS_ICE> <ROOTPE_ICE>600</ROOTPE_ICE> <NINST_ICE>1</NINST_ICE>
    <NTASKS_OCN>120</NTASKS_OCN> <NTHRDS_OCN>1</NTHRDS_OCN> <ROOTPE_OCN>1200</ROOTPE_OCN> <NINST_OCN>1</NINST_OCN>
    <NTASKS_CPL>1320</NTASKS_CPL> <NTHRDS_CPL>$NTHRDS_ATM</NTHRDS_CPL> <ROOTPE_CPL>$ROOTPE_ATM</ROOTPE_CPL>
    <NTASKS_GLC>$NTASKS_ATM</NTASKS_GLC> <NTHRDS_GLC>$NTHRDS_ATM</NTHRDS_GLC> <ROOTPE_GLC>$ROOTPE_ATM</ROOTPE_GLC> <NINST_GLC>1</NINST_GLC>
    <PIO_NUMTASKS>-1</PIO_NUMTASKS><PIO_STRIDE>-1</PIO_STRIDE> <PIO_TYPENAME>netcdf</PIO_TYPENAME> <PIO_ROOT>1</PIO_ROOT>
    <PES_LEVEL>0</PES_LEVEL>
</pes>

<pes GRID="a%ne30np4_l%ne30np4_oi%gx1v6" MACH="titan|stampede|bluewaters">
    <NTASKS_ATM>2000</NTASKS_ATM> <NTHRDS_ATM>1</NTHRDS_ATM>   <ROOTPE_ATM>0</ROOTPE_ATM>      <NINST_ATM>1</NINST_ATM>
    <NTASKS_LND>960</NTASKS_LND> <NTHRDS_LND>$NTHRDS_ATM</NTHRDS_LND> <ROOTPE_LND>$ROOTPE_ATM</ROOTPE_LND> <NINST_LND>1</NINST_LND>
    <NTASKS_ICE>1040</NTASKS_ICE> <NTHRDS_ICE>$NTHRDS_ATM</NTHRDS_ICE> <ROOTPE_ICE>960</ROOTPE_ICE> <NINST_ICE>1</NINST_ICE>
    <NTASKS_OCN>32</NTASKS_OCN> <NTHRDS_OCN>1</NTHRDS_OCN> <ROOTPE_OCN>2000</ROOTPE_OCN> <NINST_OCN>1</NINST_OCN>
    <NTASKS_CPL>960</NTASKS_CPL> <NTHRDS_CPL>$NTHRDS_ATM</NTHRDS_CPL> <ROOTPE_CPL>$ROOTPE_ATM</ROOTPE_CPL>
    <NTASKS_GLC>1</NTASKS_GLC> <NTHRDS_GLC>$NTHRDS_ATM</NTHRDS_GLC> <ROOTPE_GLC>$ROOTPE_ATM</ROOTPE_GLC> <NINST_GLC>1</NINST_GLC>
    <PIO_NUMTASKS>-1</PIO_NUMTASKS><PIO_STRIDE>32</PIO_STRIDE> <PIO_TYPENAME>pnetcdf</PIO_TYPENAME> <PIO_ROOT>1</PIO_ROOT>
    <PES_LEVEL>0</PES_LEVEL>
</pes>

<pes PECOUNT="T" >
    <NTASKS_ATM>4</NTASKS_ATM> <NTHRDS_ATM>4</NTHRDS_ATM> <ROOTPE_ATM>0</ROOTPE_ATM>
    <PES_LEVEL>0p</PES_LEVEL>
</pes>

<!-------------------------------------------------------------------------------
  tasks/thread setup - GRID for one grid (not a pair of grids)
 ------------------------------------------------------------------------------->

<pes GRID="a%T31">
    <NTASKS_ATM>16</NTASKS_ATM> <NTHRDS_ATM>1</NTHRDS_ATM> <ROOTPE_ATM>0</ROOTPE_ATM>
    <PES_LEVEL>1r</PES_LEVEL>
</pes>

<pes GRID="a%T31" MACH="edison">
    <NTASKS_ATM>12</NTASKS_ATM> <NTHRDS_ATM>4</NTHRDS_ATM> <ROOTPE_ATM>0</ROOTPE_ATM>
</pes>

<pes GRID="a%T31" MACH="eos">
    <NTASKS_ATM>16</NTASKS_ATM> <NTHRDS_ATM>4</NTHRDS_ATM> <ROOTPE_ATM>0</ROOTPE_ATM>
</pes>

<pes GRID="a%T31" PECOUNT="T">
    <NTASKS_ATM>4</NTASKS_ATM> <NTHRDS_ATM>4</NTHRDS_ATM> <ROOTPE_ATM>0</ROOTPE_ATM>
    <PES_LEVEL>1rp</PES_LEVEL>
</pes>

<pes GRID="a%T31" MACH="hera|sierra" >
    <NTASKS_ATM>64</NTASKS_ATM> <NTHRDS_ATM>1</NTHRDS_ATM> <ROOTPE_ATM>0</ROOTPE_ATM>
    <PES_LEVEL>2rm</PES_LEVEL>
</pes>

<pes GRID="a%4x5">
    <NTASKS_ATM>8</NTASKS_ATM> <NTHRDS_ATM>1</NTHRDS_ATM> <ROOTPE_ATM>0</ROOTPE_ATM>
    <PES_LEVEL>1r</PES_LEVEL>
</pes>

<pes GRID="a%4x5" PECOUNT="T">
    <NTASKS_ATM>2</NTASKS_ATM> <NTHRDS_ATM>4</NTHRDS_ATM> <ROOTPE_ATM>0</ROOTPE_ATM>
    <PES_LEVEL>1rp</PES_LEVEL>
</pes>

<pes GRID="a%T62">
    <NTASKS_ATM>64</NTASKS_ATM> <NTHRDS_ATM>1</NTHRDS_ATM> <ROOTPE_ATM>0</ROOTPE_ATM>
    <PES_LEVEL>1r</PES_LEVEL>
</pes>

<pes GRID="a%T62" MACH="edison">
    <NTASKS_ATM>48</NTASKS_ATM> <NTHRDS_ATM>2</NTHRDS_ATM> <ROOTPE_ATM>0</ROOTPE_ATM>
    <PES_LEVEL>1r</PES_LEVEL>
</pes>

<pes GRID="a%T62" MACH="eos">
    <NTASKS_ATM>32</NTASKS_ATM> <NTHRDS_ATM>4</NTHRDS_ATM> <ROOTPE_ATM>0</ROOTPE_ATM>
    <PES_LEVEL>1r</PES_LEVEL>
</pes>

<pes GRID="a%T62" MACH="yellowstone|pronghorn">
    <NTASKS_ATM>60</NTASKS_ATM> <NTHRDS_ATM>2</NTHRDS_ATM> <ROOTPE_ATM>0</ROOTPE_ATM>
    <PES_LEVEL>1r</PES_LEVEL>
</pes>

<pes GRID="a%T62" PECOUNT="T">
    <NTASKS_ATM>16</NTASKS_ATM> <NTHRDS_ATM>4</NTHRDS_ATM> <ROOTPE_ATM>0</ROOTPE_ATM>
    <PES_LEVEL>1rp</PES_LEVEL>
</pes>

<pes GRID="a%T85" MACH="hopper|titan|stampede|janus">
    <NTASKS_ATM>128</NTASKS_ATM> <NTHRDS_ATM>4</NTHRDS_ATM> <ROOTPE_ATM>0</ROOTPE_ATM>
    <PES_LEVEL>1r</PES_LEVEL>
</pes>

<pes GRID="a%T85" PECOUNT="T">
    <NTASKS_ATM>32</NTASKS_ATM> <NTHRDS_ATM>4</NTHRDS_ATM> <ROOTPE_ATM>0</ROOTPE_ATM>
    <PES_LEVEL>1rp</PES_LEVEL>
</pes>

<pes GRID="a%T85" PECOUNT="T" MACH="edison|eos">
    <NTASKS_ATM>24</NTASKS_ATM> <NTHRDS_ATM>4</NTHRDS_ATM> <ROOTPE_ATM>0</ROOTPE_ATM>
    <PES_LEVEL>1rp</PES_LEVEL>
</pes>

<pes GRID="a%1.9x2.5">
    <NTASKS_ATM>64</NTASKS_ATM> <NTHRDS_ATM>1</NTHRDS_ATM> <ROOTPE_ATM>0</ROOTPE_ATM>
    <PES_LEVEL>1r</PES_LEVEL>
</pes>

<pes GRID="a%1.9x2.5" MACH="edison|eos">
    <NTASKS_ATM>96</NTASKS_ATM> <NTHRDS_ATM>4</NTHRDS_ATM> <ROOTPE_ATM>0</ROOTPE_ATM>
</pes>

<pes GRID="a%1.9x2.5" MACH="yellowstone|pronghorn">
    <NTASKS_ATM>180</NTASKS_ATM> <NTHRDS_ATM>2</NTHRDS_ATM> <ROOTPE_ATM>0</ROOTPE_ATM>
    <PES_LEVEL>1r</PES_LEVEL>
</pes>

<pes GRID="a%1.9x2.5" MACH="pleiades-wes">
    <NTASKS_ATM>96</NTASKS_ATM> <NTHRDS_ATM>1</NTHRDS_ATM> <ROOTPE_ATM>0</ROOTPE_ATM>
    <PES_LEVEL>1r</PES_LEVEL>
</pes>

<pes GRID="a%1.9x2.5" MACH="pleiades-san">
    <NTASKS_ATM>128</NTASKS_ATM> <NTHRDS_ATM>1</NTHRDS_ATM> <ROOTPE_ATM>0</ROOTPE_ATM>
    <PES_LEVEL>1r</PES_LEVEL>
</pes>

<pes GRID="a%1.9x2.5" MACH="pleiades-ivy">
    <NTASKS_ATM>180</NTASKS_ATM> <NTHRDS_ATM>1</NTHRDS_ATM> <ROOTPE_ATM>0</ROOTPE_ATM>
    <PES_LEVEL>1r</PES_LEVEL>
</pes>

<pes GRID="a%1.9x2.5" PECOUNT="T">
    <NTASKS_ATM>16</NTASKS_ATM> <NTHRDS_ATM>4</NTHRDS_ATM> <ROOTPE_ATM>0</ROOTPE_ATM>
    <PES_LEVEL>1rp</PES_LEVEL>
</pes>

<pes GRID="a%1.9x2.5" PECOUNT="T" MACH="edison|eos">
    <NTASKS_ATM>24</NTASKS_ATM> <NTHRDS_ATM>4</NTHRDS_ATM> <ROOTPE_ATM>0</ROOTPE_ATM>
    <PES_LEVEL>1rp</PES_LEVEL>
</pes>

<pes GRID="a%0.9x1.25">
    <NTASKS_ATM>128</NTASKS_ATM> <NTHRDS_ATM>1</NTHRDS_ATM> <ROOTPE_ATM>0</ROOTPE_ATM>
    <PES_LEVEL>1r</PES_LEVEL>
</pes>

<pes GRID="a%0.9x1.25" MACH="edison|eos">
    <NTASKS_ATM>192</NTASKS_ATM> <NTHRDS_ATM>4</NTHRDS_ATM> <ROOTPE_ATM>0</ROOTPE_ATM>
    <PES_LEVEL>1r</PES_LEVEL>
</pes>

<pes GRID="a%0.9x1.25" MACH="yellowstone|pronghorn">
    <NTASKS_ATM>240</NTASKS_ATM> <NTHRDS_ATM>2</NTHRDS_ATM> <ROOTPE_ATM>0</ROOTPE_ATM>
    <PES_LEVEL>1r</PES_LEVEL>
</pes>

<pes GRID="a%0.9x1.25" PECOUNT="T">
    <NTASKS_ATM>32</NTASKS_ATM> <NTHRDS_ATM>4</NTHRDS_ATM> <ROOTPE_ATM>0</ROOTPE_ATM>
    <PES_LEVEL>1rp</PES_LEVEL>
</pes>

<pes GRID="a%0.9x1.25" PECOUNT="T" MACH="edison|eos">
    <NTASKS_ATM>48</NTASKS_ATM> <NTHRDS_ATM>4</NTHRDS_ATM> <ROOTPE_ATM>0</ROOTPE_ATM>
    <PES_LEVEL>1rp</PES_LEVEL>
</pes>

<pes GRID="a%360x720cru" >
    <NTASKS_ATM>384</NTASKS_ATM> <NTHRDS_ATM>1</NTHRDS_ATM>   <ROOTPE_ATM>0</ROOTPE_ATM>      <NINST_ATM>1</NINST_ATM>
    <PES_LEVEL>1r</PES_LEVEL>
</pes>

<pes GRID="a%360x720cru" MACH="frankfurt" >
    <NTASKS_ATM>64</NTASKS_ATM> <NTHRDS_ATM>1</NTHRDS_ATM>   <ROOTPE_ATM>0</ROOTPE_ATM>      <NINST_ATM>1</NINST_ATM>
    <PES_LEVEL>1rm</PES_LEVEL>
</pes>

<pes GRID="a%360x720cru" MACH="yellowstone" >
    <NTASKS_ATM>30</NTASKS_ATM> <NTHRDS_ATM>1</NTHRDS_ATM> <ROOTPE_ATM>600</ROOTPE_ATM>      <NINST_ATM>1</NINST_ATM>
    <NTASKS_LND>600</NTASKS_LND> <NTHRDS_LND>$NTHRDS_ATM</NTHRDS_LND> <ROOTPE_LND>0</ROOTPE_LND> <NINST_LND>1</NINST_LND>
    <NTASKS_ROF>600</NTASKS_ROF> <NTHRDS_ROF>$NTHRDS_ATM</NTHRDS_ROF> <ROOTPE_ROF>0</ROOTPE_ROF> <NINST_ROF>1</NINST_ROF>
    <NTASKS_ICE>600</NTASKS_ICE> <NTHRDS_ICE>$NTHRDS_ATM</NTHRDS_ICE> <ROOTPE_ICE>0</ROOTPE_ICE> <NINST_ICE>1</NINST_ICE>
    <NTASKS_OCN>600</NTASKS_OCN> <NTHRDS_OCN>$NTHRDS_ATM</NTHRDS_OCN> <ROOTPE_OCN>0</ROOTPE_OCN> <NINST_OCN>1</NINST_OCN>
    <NTASKS_CPL>600</NTASKS_CPL> <NTHRDS_CPL>$NTHRDS_ATM</NTHRDS_CPL> <ROOTPE_CPL>0</ROOTPE_CPL>
    <NTASKS_GLC>600</NTASKS_GLC> <NTHRDS_GLC>$NTHRDS_ATM</NTHRDS_GLC> <ROOTPE_GLC>0</ROOTPE_GLC> <NINST_GLC>1</NINST_GLC>
    <NTASKS_WAV>600</NTASKS_WAV> <NTHRDS_WAV>$NTHRDS_ATM</NTHRDS_WAV> <ROOTPE_WAV>0</ROOTPE_WAV> <NINST_WAV>1</NINST_WAV>
    <PIO_TYPENAME>pnetcdf</PIO_TYPENAME>
    <PES_LEVEL>1rm</PES_LEVEL>
</pes>

<pes GRID="a%0.9x1.25_l%0.9x1.25_oi%gx1" CCSM_LCOMPSET="CAM.+CLM.+CICE.+POP" MACH="yellowstone|pronghorn">
     <NTASKS_ATM>300</NTASKS_ATM> <NTHRDS_ATM>2</NTHRDS_ATM> <ROOTPE_ATM>  0</ROOTPE_ATM>
     <NTASKS_LND>90</NTASKS_LND> <NTHRDS_LND>2</NTHRDS_LND> <ROOTPE_LND>  0</ROOTPE_LND>
     <NTASKS_ICE>210</NTASKS_ICE> <NTHRDS_ICE>2</NTHRDS_ICE> <ROOTPE_ICE>90</ROOTPE_ICE>
     <NTASKS_OCN>60</NTASKS_OCN> <NTHRDS_OCN>2</NTHRDS_OCN> <ROOTPE_OCN>300</ROOTPE_OCN>
     <NTASKS_CPL>300</NTASKS_CPL> <NTHRDS_CPL>2</NTHRDS_CPL> <ROOTPE_CPL>  0</ROOTPE_CPL>
     <NTASKS_GLC>300</NTASKS_GLC> <NTHRDS_GLC>2</NTHRDS_GLC> <ROOTPE_GLC>  0</ROOTPE_GLC>
     <PES_LEVEL>4rcmp</PES_LEVEL>
</pes>

<pes GRID="a%0.9x1.25_l%0.9x1.25_oi%gx1" CCSM_LCOMPSET="CAM.+CLM.+CICE.+POP" MACH="edison">
     <NTASKS_ATM>960</NTASKS_ATM> <NTHRDS_ATM>4</NTHRDS_ATM> <ROOTPE_ATM>  0</ROOTPE_ATM>
     <NTASKS_LND>48</NTASKS_LND> <NTHRDS_LND>4</NTHRDS_LND> <ROOTPE_LND>  0</ROOTPE_LND>
     <NTASKS_ICE>912</NTASKS_ICE> <NTHRDS_ICE>4</NTHRDS_ICE> <ROOTPE_ICE>48</ROOTPE_ICE>
     <NTASKS_OCN>48</NTASKS_OCN> <NTHRDS_OCN>4</NTHRDS_OCN> <ROOTPE_OCN>960</ROOTPE_OCN>
     <NTASKS_CPL>960</NTASKS_CPL> <NTHRDS_CPL>4</NTHRDS_CPL> <ROOTPE_CPL>  0</ROOTPE_CPL>
     <NTASKS_GLC>1</NTASKS_GLC> <NTHRDS_GLC>4</NTHRDS_GLC> <ROOTPE_GLC>  0</ROOTPE_GLC>
     <PES_LEVEL>4rcmp</PES_LEVEL>
</pes>

<pes GRID="a%0.9x1.25_l%0.9x1.25_oi%gx1" CCSM_LCOMPSET="CAM.+CLM.+CICE.+POP" MACH="yellowstone|pronghorn" PECOUNT="L" >
     <NTASKS_ATM>900</NTASKS_ATM> <NTHRDS_ATM>2</NTHRDS_ATM> <ROOTPE_ATM>  0</ROOTPE_ATM>
     <NTASKS_LND>300</NTASKS_LND> <NTHRDS_LND>2</NTHRDS_LND> <ROOTPE_LND>  0</ROOTPE_LND>
     <NTASKS_ICE>600</NTASKS_ICE> <NTHRDS_ICE>2</NTHRDS_ICE> <ROOTPE_ICE>300</ROOTPE_ICE>
     <NTASKS_OCN>90</NTASKS_OCN> <NTHRDS_OCN>2</NTHRDS_OCN> <ROOTPE_OCN>900</ROOTPE_OCN>
     <NTASKS_CPL>900</NTASKS_CPL> <NTHRDS_CPL>2</NTHRDS_CPL> <ROOTPE_CPL>  0</ROOTPE_CPL>
     <NTASKS_GLC>900</NTASKS_GLC> <NTHRDS_GLC>2</NTHRDS_GLC> <ROOTPE_GLC>  0</ROOTPE_GLC>
     <PES_LEVEL>4rcmp</PES_LEVEL>
</pes>

<pes GRID="a%0.9x1.25_l%0.9x1.25_oi%gx1" CCSM_LCOMPSET="CAM.+CLM.+CICE.+POP.+BGC.+" MACH="yellowstone|pronghorn" >
     <NTASKS_ATM>300</NTASKS_ATM> <NTHRDS_ATM>2</NTHRDS_ATM> <ROOTPE_ATM>  0</ROOTPE_ATM>
     <NTASKS_LND>120</NTASKS_LND> <NTHRDS_LND>2</NTHRDS_LND> <ROOTPE_LND>  0</ROOTPE_LND>
     <NTASKS_ICE>180</NTASKS_ICE> <NTHRDS_ICE>2</NTHRDS_ICE> <ROOTPE_ICE>120</ROOTPE_ICE>
     <NTASKS_OCN>180</NTASKS_OCN> <NTHRDS_OCN>2</NTHRDS_OCN> <ROOTPE_OCN>300</ROOTPE_OCN>
     <NTASKS_CPL>300</NTASKS_CPL> <NTHRDS_CPL>2</NTHRDS_CPL> <ROOTPE_CPL>  0</ROOTPE_CPL>
     <NTASKS_GLC>300</NTASKS_GLC> <NTHRDS_GLC>2</NTHRDS_GLC> <ROOTPE_GLC>  0</ROOTPE_GLC>
     <PES_LEVEL>4rcmp</PES_LEVEL>
</pes>

<pes GRID="a%0.9x1.25_l%0.9x1.25_oi%gx1" CCSM_LCOMPSET="CAM5.+CLM4.+CICE.+POP" MACH="yellowstone|pronghorn" >
     <NTASKS_ATM>600</NTASKS_ATM> <NTHRDS_ATM>2</NTHRDS_ATM> <ROOTPE_ATM>  0</ROOTPE_ATM>
     <NTASKS_LND>210</NTASKS_LND> <NTHRDS_LND>2</NTHRDS_LND> <ROOTPE_LND>  0</ROOTPE_LND>
     <NTASKS_ICE>390</NTASKS_ICE> <NTHRDS_ICE>2</NTHRDS_ICE> <ROOTPE_ICE>210</ROOTPE_ICE>
     <NTASKS_OCN>30</NTASKS_OCN> <NTHRDS_OCN>2</NTHRDS_OCN> <ROOTPE_OCN>600</ROOTPE_OCN>
     <NTASKS_CPL>600</NTASKS_CPL> <NTHRDS_CPL>2</NTHRDS_CPL> <ROOTPE_CPL>  0</ROOTPE_CPL>
     <NTASKS_GLC>600</NTASKS_GLC> <NTHRDS_GLC>2</NTHRDS_GLC> <ROOTPE_GLC>  0</ROOTPE_GLC>
     <PES_LEVEL>4rcmp</PES_LEVEL>
</pes>

<pes GRID="a%0.9x1.25_l%0.9x1.25_oi%gx1" CCSM_LCOMPSET="CAM5.+CLM4.+CICE.+POP" MACH="yellowstone|pronghorn" PECOUNT="L">
     <NTASKS_ATM>900</NTASKS_ATM> <NTHRDS_ATM>2</NTHRDS_ATM> <ROOTPE_ATM>  0</ROOTPE_ATM>
     <NTASKS_LND>300</NTASKS_LND> <NTHRDS_LND>2</NTHRDS_LND> <ROOTPE_LND>  0</ROOTPE_LND>
     <NTASKS_ICE>600</NTASKS_ICE> <NTHRDS_ICE>2</NTHRDS_ICE> <ROOTPE_ICE>300</ROOTPE_ICE>
     <NTASKS_OCN>60</NTASKS_OCN> <NTHRDS_OCN>2</NTHRDS_OCN> <ROOTPE_OCN>900</ROOTPE_OCN>
     <NTASKS_CPL>900</NTASKS_CPL> <NTHRDS_CPL>2</NTHRDS_CPL> <ROOTPE_CPL>  0</ROOTPE_CPL>
     <NTASKS_GLC>900</NTASKS_GLC> <NTHRDS_GLC>2</NTHRDS_GLC> <ROOTPE_GLC>  0</ROOTPE_GLC>
     <PES_LEVEL>4rcmp</PES_LEVEL>
</pes>

<pes GRID="a%0.47x0.63">
    <NTASKS_ATM>256</NTASKS_ATM> <NTHRDS_ATM>1</NTHRDS_ATM> <ROOTPE_ATM>0</ROOTPE_ATM>
    <PES_LEVEL>1r</PES_LEVEL>
</pes>

<pes GRID="a%0.47x0.63" PECOUNT="T">
    <NTASKS_ATM>64</NTASKS_ATM> <NTHRDS_ATM>4</NTHRDS_ATM> <ROOTPE_ATM>0</ROOTPE_ATM>
    <PES_LEVEL>1rp</PES_LEVEL>
</pes>

<pes GRID="a%0.47x0.63" MACH="hera|sierra">
    <NTASKS_ATM>480</NTASKS_ATM> <NTHRDS_ATM>1</NTHRDS_ATM> <ROOTPE_ATM>0</ROOTPE_ATM>
    <PES_LEVEL>2rm</PES_LEVEL>
</pes>

<pes GRID="a%0.23x0.31">
    <NTASKS_ATM>512</NTASKS_ATM> <NTHRDS_ATM>1</NTHRDS_ATM> <ROOTPE_ATM>0</ROOTPE_ATM>
    <PES_LEVEL>1r</PES_LEVEL>
</pes>

<pes GRID="a%0.23x0.31" PECOUNT="T">
    <NTASKS_ATM>128</NTASKS_ATM> <NTHRDS_ATM>4</NTHRDS_ATM> <ROOTPE_ATM>0</ROOTPE_ATM>
    <PES_LEVEL>1rp</PES_LEVEL>
</pes>

<pes GRID="a%0.23x0.31" MACH="hera|sierra">
    <NTASKS_ATM>960</NTASKS_ATM> <NTHRDS_ATM>1</NTHRDS_ATM> <ROOTPE_ATM>0</ROOTPE_ATM>
    <PES_LEVEL>2rm</PES_LEVEL>
</pes>


<pes GRID="a%ar9v">
    <NTASKS_ATM>32</NTASKS_ATM> <NTHRDS_ATM>1</NTHRDS_ATM> <ROOTPE_ATM>0</ROOTPE_ATM>
    <PES_LEVEL>1rc</PES_LEVEL>
</pes>

<pes GRID="a%wr50a">
    <NTASKS_ATM>25</NTASKS_ATM> <NTHRDS_ATM>1</NTHRDS_ATM> <ROOTPE_ATM>0</ROOTPE_ATM>
    <PES_LEVEL>1r</PES_LEVEL>
</pes>

<pes GRID="a%ar9v1|a%ar9v3">
    <NTASKS_ATM>64</NTASKS_ATM> <NTHRDS_ATM>1</NTHRDS_ATM> <ROOTPE_ATM>0</ROOTPE_ATM>
    <PES_LEVEL>1r</PES_LEVEL>
</pes>

<pes GRID="ar9v2|ar9v4">
    <NTASKS_ATM>40</NTASKS_ATM> <NTHRDS_ATM>1</NTHRDS_ATM> <ROOTPE_ATM>0</ROOTPE_ATM>
    <PES_LEVEL>1r</PES_LEVEL>
</pes>

<pes GRID="a%wr50a_l%wr50a_l%ar9v">
    <NTASKS_ATM>64</NTASKS_ATM> <NTHRDS_ATM>1</NTHRDS_ATM> <ROOTPE_ATM>0</ROOTPE_ATM>
    <NTASKS_LND>64</NTASKS_LND> <NTHRDS_LND>1</NTHRDS_LND> <ROOTPE_LND>0</ROOTPE_LND>
    <NTASKS_ICE>64</NTASKS_ICE> <NTHRDS_ICE>1</NTHRDS_ICE> <ROOTPE_ICE>0</ROOTPE_ICE>
    <NTASKS_OCN>64</NTASKS_OCN> <NTHRDS_OCN>1</NTHRDS_OCN> <ROOTPE_OCN>0</ROOTPE_OCN>
    <NTASKS_CPL>64</NTASKS_CPL> <NTHRDS_CPL>1</NTHRDS_CPL> <ROOTPE_CPL>0</ROOTPE_CPL>
    <NTASKS_GLC>64</NTASKS_GLC> <NTHRDS_GLC>1</NTHRDS_GLC> <ROOTPE_GLC>0</ROOTPE_GLC>
    <PES_LEVEL>1r</PES_LEVEL>
</pes>

<!-------------------------------------------------------------------------------
  tasks/thread setup - GRID independent, compset independent
 ------------------------------------------------------------------------------->


<!-- Assure that we get the minimum required 512 nodes to run on mira  --->
<pes MACH="mira" >
<NTASKS_ATM>1024</NTASKS_ATM> <NTHRDS_ATM>24</NTHRDS_ATM> <ROOTPE_ATM>0</ROOTPE_ATM>
<NTASKS_LND>1024</NTASKS_LND> <NTHRDS_LND>24</NTHRDS_LND> <ROOTPE_LND>0</ROOTPE_LND>
<NTASKS_ICE>1024</NTASKS_ICE> <NTHRDS_ICE>24</NTHRDS_ICE> <ROOTPE_ICE>0</ROOTPE_ICE>
<NTASKS_ROF>1024</NTASKS_ROF> <NTHRDS_ROF>24</NTHRDS_ROF> <ROOTPE_ROF>0</ROOTPE_ROF>
<NTASKS_OCN>1024</NTASKS_OCN> <NTHRDS_OCN>24</NTHRDS_OCN> <ROOTPE_OCN>0</ROOTPE_OCN>
<NTASKS_GLC>1024</NTASKS_GLC> <NTHRDS_GLC>24</NTHRDS_GLC> <ROOTPE_GLC>0</ROOTPE_GLC> <NINST_GLC>1</NINST_GLC>
<NTASKS_WAV>1024</NTASKS_WAV> <NTHRDS_WAV>24</NTHRDS_WAV> <ROOTPE_WAV>0</ROOTPE_WAV> <NINST_WAV>1</NINST_WAV>
<NTASKS_CPL>1024</NTASKS_CPL> <NTHRDS_CPL>24</NTHRDS_CPL> <ROOTPE_CPL>0</ROOTPE_CPL>
<PES_LEVEL>1m</PES_LEVEL>
</pes>


<!-------------------------------------------------------------------------------
  tasks/thread setup - GRID: T62 atm grid
 ------------------------------------------------------------------------------->

<pes GRID="a%T62.+oi%gx3">
    <NTASKS_ATM>16</NTASKS_ATM> <NTHRDS_ATM>2</NTHRDS_ATM> <ROOTPE_ATM> 0</ROOTPE_ATM>
    <PES_LEVEL>1r</PES_LEVEL>
</pes>

<pes GRID="a%T62.+oi%gx3" MACH="yellowstone|pronghorn">
    <NTASKS_ATM>30</NTASKS_ATM> <NTHRDS_ATM>2</NTHRDS_ATM> <ROOTPE_ATM> 0</ROOTPE_ATM>
   <PES_LEVEL>1r</PES_LEVEL>
</pes>

<pes GRID="a%T62.+oi%gx3" PECOUNT="T">
    <NTASKS_ATM>8</NTASKS_ATM> <NTHRDS_ATM>4</NTHRDS_ATM> <ROOTPE_ATM> 0</ROOTPE_ATM>
    <NTASKS_LND>8</NTASKS_LND> <NTHRDS_LND>4</NTHRDS_LND> <ROOTPE_LND> 0</ROOTPE_LND>
    <NTASKS_ICE>5</NTASKS_ICE> <NTHRDS_ICE>4</NTHRDS_ICE> <ROOTPE_ICE> 0</ROOTPE_ICE>
    <NTASKS_CPL>8</NTASKS_CPL> <NTHRDS_CPL>4</NTHRDS_CPL> <ROOTPE_CPL> 0</ROOTPE_CPL>
    <NTASKS_GLC>8</NTASKS_GLC> <NTHRDS_GLC>4</NTHRDS_GLC> <ROOTPE_GLC> 0</ROOTPE_GLC>
    <NTASKS_OCN>4</NTASKS_OCN> <NTHRDS_OCN>4</NTHRDS_OCN> <ROOTPE_OCN> 0</ROOTPE_OCN>
    <PES_LEVEL>2rp</PES_LEVEL>
</pes>

<pes GRID="a%T62.+oi%gx1" PECOUNT="T" MACH="yellowstone|pronghorn">
    <NTASKS_ATM>30</NTASKS_ATM> <NTHRDS_ATM>2</NTHRDS_ATM> <ROOTPE_ATM> 0</ROOTPE_ATM>
    <NTASKS_LND>30</NTASKS_LND> <NTHRDS_LND>2</NTHRDS_LND> <ROOTPE_LND> 0</ROOTPE_LND>
    <NTASKS_ICE>30</NTASKS_ICE> <NTHRDS_ICE>2</NTHRDS_ICE> <ROOTPE_ICE> 0</ROOTPE_ICE>
    <NTASKS_CPL>30</NTASKS_CPL> <NTHRDS_CPL>2</NTHRDS_CPL> <ROOTPE_CPL> 0</ROOTPE_CPL>
    <NTASKS_GLC>30</NTASKS_GLC> <NTHRDS_GLC>2</NTHRDS_GLC> <ROOTPE_GLC> 0</ROOTPE_GLC>
    <NTASKS_OCN>30</NTASKS_OCN> <NTHRDS_OCN>2</NTHRDS_OCN> <ROOTPE_OCN> 0</ROOTPE_OCN>
    <PES_LEVEL>2rp</PES_LEVEL>
</pes>

<pes GRID="a%T62.+oi%gx1|a%1.9x2.5.+oi%gx1" CCSM_LCOMPSET="DATM.+CICE.+POP"  >
    <NTASKS_ATM> 1</NTASKS_ATM> <NTHRDS_ATM>1</NTHRDS_ATM> <ROOTPE_ATM> 0</ROOTPE_ATM>
    <NTASKS_LND> 1</NTASKS_LND> <NTHRDS_LND>1</NTHRDS_LND> <ROOTPE_LND>16</ROOTPE_LND>
    <NTASKS_ICE>32</NTASKS_ICE> <NTHRDS_ICE>1</NTHRDS_ICE> <ROOTPE_ICE> 0</ROOTPE_ICE>
    <NTASKS_OCN>96</NTASKS_OCN> <NTHRDS_OCN>1</NTHRDS_OCN> <ROOTPE_OCN>32</ROOTPE_OCN>
    <NTASKS_CPL>32</NTASKS_CPL> <NTHRDS_CPL>1</NTHRDS_CPL> <ROOTPE_CPL> 0</ROOTPE_CPL>
    <NTASKS_GLC> 1</NTASKS_GLC> <NTHRDS_GLC>1</NTHRDS_GLC> <ROOTPE_GLC> 0</ROOTPE_GLC>
    <PES_LEVEL>2rc</PES_LEVEL>
</pes>

<pes GRID="a%T62.+oi%gx1|a%1.9x2.5.+oi%gx1" CCSM_LCOMPSET="DATM.+CICE.+POP" MACH="yellowstone|pronghorn" >
    <NTASKS_ATM> 1</NTASKS_ATM> <NTHRDS_ATM>2</NTHRDS_ATM> <ROOTPE_ATM> 0</ROOTPE_ATM>
    <NTASKS_LND> 1</NTASKS_LND> <NTHRDS_LND>2</NTHRDS_LND> <ROOTPE_LND>0</ROOTPE_LND>
    <NTASKS_ICE>30</NTASKS_ICE> <NTHRDS_ICE>2</NTHRDS_ICE> <ROOTPE_ICE> 0</ROOTPE_ICE>
    <NTASKS_OCN>60</NTASKS_OCN> <NTHRDS_OCN>2</NTHRDS_OCN> <ROOTPE_OCN>30</ROOTPE_OCN>
    <NTASKS_CPL>30</NTASKS_CPL> <NTHRDS_CPL>2</NTHRDS_CPL> <ROOTPE_CPL> 0</ROOTPE_CPL>
    <NTASKS_GLC> 1</NTASKS_GLC> <NTHRDS_GLC>2</NTHRDS_GLC> <ROOTPE_GLC> 0</ROOTPE_GLC>
    <PES_LEVEL>2rc</PES_LEVEL>
</pes>

<pes GRID="a%T62.+oi%gx1" CCSM_LCOMPSET="DATM.+CICE.+POP" PECOUNT="L" >
    <NTASKS_ATM>  1</NTASKS_ATM> <NTHRDS_ATM>1</NTHRDS_ATM> <ROOTPE_ATM> 0</ROOTPE_ATM>
    <NTASKS_LND>  1</NTASKS_LND> <NTHRDS_LND>1</NTHRDS_LND> <ROOTPE_LND> 0</ROOTPE_LND>
    <NTASKS_ICE> 80</NTASKS_ICE> <NTHRDS_ICE>4</NTHRDS_ICE> <ROOTPE_ICE> 0</ROOTPE_ICE>
    <NTASKS_OCN>192</NTASKS_OCN> <NTHRDS_OCN>4</NTHRDS_OCN> <ROOTPE_OCN>80</ROOTPE_OCN>
    <NTASKS_CPL> 80</NTASKS_CPL> <NTHRDS_CPL>1</NTHRDS_CPL> <ROOTPE_CPL> 0</ROOTPE_CPL>
    <NTASKS_GLC>  1</NTASKS_GLC> <NTHRDS_GLC>1</NTHRDS_GLC> <ROOTPE_GLC> 0</ROOTPE_GLC>
    <PES_LEVEL>3rcp</PES_LEVEL>
</pes>

<pes GRID="a%T62.+oi%tx0.1v2" CCSM_LCOMPSET="DATM.+DICE.+POP" PECOUNT="S" >
    <NTASKS_ATM>  8</NTASKS_ATM> <NTHRDS_ATM>1</NTHRDS_ATM> <ROOTPE_ATM> 0</ROOTPE_ATM>
    <NTASKS_LND>  8</NTASKS_LND> <NTHRDS_LND>1</NTHRDS_LND> <ROOTPE_LND> 8</ROOTPE_LND>
    <NTASKS_ICE>  8</NTASKS_ICE> <NTHRDS_ICE>1</NTHRDS_ICE> <ROOTPE_ICE>16</ROOTPE_ICE>
    <NTASKS_GLC>  8</NTASKS_GLC> <NTHRDS_GLC>1</NTHRDS_GLC> <ROOTPE_GLC>24</ROOTPE_GLC>
    <NTASKS_CPL> 32</NTASKS_CPL> <NTHRDS_CPL>1</NTHRDS_CPL> <ROOTPE_CPL> 0</ROOTPE_CPL>
    <NTASKS_OCN>480</NTASKS_OCN> <NTHRDS_OCN>1</NTHRDS_OCN> <ROOTPE_OCN>32</ROOTPE_OCN>
    <PES_LEVEL>3rcp</PES_LEVEL>
</pes>

<pes GRID="a%T62.+oi%tx0.1v2" CCSM_LCOMPSET="DATM.+CICE.+DOCN" PECOUNT="S">
    <NTASKS_ATM>  8</NTASKS_ATM> <NTHRDS_ATM>1</NTHRDS_ATM> <ROOTPE_ATM> 0</ROOTPE_ATM>
    <NTASKS_LND>  8</NTASKS_LND> <NTHRDS_LND>1</NTHRDS_LND> <ROOTPE_LND> 8</ROOTPE_LND>
    <NTASKS_OCN>  8</NTASKS_OCN> <NTHRDS_OCN>1</NTHRDS_OCN> <ROOTPE_OCN>16</ROOTPE_OCN>
    <NTASKS_GLC>  8</NTASKS_GLC> <NTHRDS_GLC>1</NTHRDS_GLC> <ROOTPE_GLC>24</ROOTPE_GLC>
    <NTASKS_CPL> 32</NTASKS_CPL> <NTHRDS_CPL>1</NTHRDS_CPL> <ROOTPE_CPL> 0</ROOTPE_CPL>
    <NTASKS_ICE>480</NTASKS_ICE> <NTHRDS_ICE>1</NTHRDS_ICE> <ROOTPE_ICE>32</ROOTPE_ICE>
    <PES_LEVEL>3rcp</PES_LEVEL>
</pes>

<pes GRID="a%T62.+oi%tx0.1v2" CCSM_LCOMPSET="DATM.+CICE.+POP" PECOUNT="S" >
    <NTASKS_ATM> 16</NTASKS_ATM> <NTHRDS_ATM>1</NTHRDS_ATM> <ROOTPE_ATM>  0</ROOTPE_ATM>
    <NTASKS_LND>  8</NTASKS_LND> <NTHRDS_LND>1</NTHRDS_LND> <ROOTPE_LND> 16</ROOTPE_LND>
    <NTASKS_GLC>  8</NTASKS_GLC> <NTHRDS_GLC>1</NTHRDS_GLC> <ROOTPE_GLC> 24</ROOTPE_GLC>
    <NTASKS_CPL> 32</NTASKS_CPL> <NTHRDS_CPL>1</NTHRDS_CPL> <ROOTPE_CPL>  0</ROOTPE_CPL>
    <NTASKS_ICE>480</NTASKS_ICE> <NTHRDS_ICE>1</NTHRDS_ICE> <ROOTPE_ICE> 32</ROOTPE_ICE>
    <NTASKS_OCN>480</NTASKS_OCN> <NTHRDS_OCN>1</NTHRDS_OCN> <ROOTPE_OCN> 32</ROOTPE_OCN>
    <PES_LEVEL>3rcp</PES_LEVEL>
</pes>

<pes GRID="a%T62.+oi%tx0.1v2" CCSM_LCOMPSET="DATM.+DICE.+POP" PECOUNT="M" >
    <NTASKS_ATM>  48</NTASKS_ATM> <NTHRDS_ATM>1</NTHRDS_ATM> <ROOTPE_ATM>  0</ROOTPE_ATM>
    <NTASKS_LND>  48</NTASKS_LND> <NTHRDS_LND>1</NTHRDS_LND> <ROOTPE_LND> 48</ROOTPE_LND>
    <NTASKS_GLC>  48</NTASKS_GLC> <NTHRDS_GLC>1</NTHRDS_GLC> <ROOTPE_GLC> 96</ROOTPE_GLC>
    <NTASKS_CPL>  48</NTASKS_CPL> <NTHRDS_CPL>1</NTHRDS_CPL> <ROOTPE_CPL>144</ROOTPE_CPL>
    <NTASKS_ICE>  48</NTASKS_ICE> <NTHRDS_ICE>1</NTHRDS_ICE> <ROOTPE_ICE>192</ROOTPE_ICE>
    <NTASKS_OCN>1024</NTASKS_OCN> <NTHRDS_OCN>1</NTHRDS_OCN> <ROOTPE_OCN>  0</ROOTPE_OCN>
    <PES_LEVEL>3rcp</PES_LEVEL>
</pes>

<pes GRID="a%T62.+oi%tx0.1v2" CCSM_LCOMPSET="DATM.+CICE.+DOCN" PECOUNT="M" >
    <NTASKS_ATM>  48</NTASKS_ATM> <NTHRDS_ATM>1</NTHRDS_ATM> <ROOTPE_ATM>  0</ROOTPE_ATM>
    <NTASKS_LND>  48</NTASKS_LND> <NTHRDS_LND>1</NTHRDS_LND> <ROOTPE_LND> 48</ROOTPE_LND>
    <NTASKS_GLC>  48</NTASKS_GLC> <NTHRDS_GLC>1</NTHRDS_GLC> <ROOTPE_GLC> 96</ROOTPE_GLC>
    <NTASKS_CPL>  48</NTASKS_CPL> <NTHRDS_CPL>1</NTHRDS_CPL> <ROOTPE_CPL>144</ROOTPE_CPL>
    <NTASKS_ICE>1024</NTASKS_ICE> <NTHRDS_ICE>1</NTHRDS_ICE> <ROOTPE_ICE>  0</ROOTPE_ICE>
    <NTASKS_OCN>  48</NTASKS_OCN> <NTHRDS_OCN>1</NTHRDS_OCN> <ROOTPE_OCN>192</ROOTPE_OCN>
    <PES_LEVEL>3rcp</PES_LEVEL>
</pes>

<pes GRID="a%T62.+oi%tx0.1v2" CCSM_LCOMPSET="DATM.+CICE.+POP" PECOUNT="M" >
    <NTASKS_ATM>  48</NTASKS_ATM> <NTHRDS_ATM>1</NTHRDS_ATM> <ROOTPE_ATM>  0</ROOTPE_ATM>
    <NTASKS_LND>  48</NTASKS_LND> <NTHRDS_LND>1</NTHRDS_LND> <ROOTPE_LND> 48</ROOTPE_LND>
    <NTASKS_GLC>  48</NTASKS_GLC> <NTHRDS_GLC>1</NTHRDS_GLC> <ROOTPE_GLC> 96</ROOTPE_GLC>
    <NTASKS_CPL>  48</NTASKS_CPL> <NTHRDS_CPL>1</NTHRDS_CPL> <ROOTPE_CPL>144</ROOTPE_CPL>
    <NTASKS_ICE>1024</NTASKS_ICE> <NTHRDS_ICE>1</NTHRDS_ICE> <ROOTPE_ICE>  0</ROOTPE_ICE>
    <NTASKS_OCN>1024</NTASKS_OCN> <NTHRDS_OCN>1</NTHRDS_OCN> <ROOTPE_OCN>  0</ROOTPE_OCN>
    <PES_LEVEL>3rcp</PES_LEVEL>
</pes>

<pes GRID="a%T62.+oi%tx0.1v2" CCSM_LCOMPSET="DATM.+CICE.+POP" PECOUNT="M" MACH="edison|eos">
    <NTASKS_ATM>  48</NTASKS_ATM> <NTHRDS_ATM>2</NTHRDS_ATM> <ROOTPE_ATM>  0</ROOTPE_ATM>
    <NTASKS_LND>  48</NTASKS_LND> <NTHRDS_LND>2</NTHRDS_LND> <ROOTPE_LND> 48</ROOTPE_LND>
    <NTASKS_GLC>  48</NTASKS_GLC> <NTHRDS_GLC>2</NTHRDS_GLC> <ROOTPE_GLC> 96</ROOTPE_GLC>
    <NTASKS_CPL>  48</NTASKS_CPL> <NTHRDS_CPL>2</NTHRDS_CPL> <ROOTPE_CPL>144</ROOTPE_CPL>
    <NTASKS_ICE>960</NTASKS_ICE> <NTHRDS_ICE>2</NTHRDS_ICE> <ROOTPE_ICE>  0</ROOTPE_ICE>
    <NTASKS_OCN>960</NTASKS_OCN> <NTHRDS_OCN>2</NTHRDS_OCN> <ROOTPE_OCN>  0</ROOTPE_OCN>
    <PES_LEVEL>3rcp</PES_LEVEL>
</pes>

<pes GRID="a%T62" CCSM_LCOMPSET="POP2%ECO" MACH="edison">
    <NTASKS_ATM>96</NTASKS_ATM> <NTHRDS_ATM>4</NTHRDS_ATM> <ROOTPE_ATM>0</ROOTPE_ATM>
    <PES_LEVEL>1r</PES_LEVEL>
</pes>

<!-------------------------------------------------------------------------------
  tasks/thread setup - GRID: low-res atm grid
 ------------------------------------------------------------------------------->

<pes GRID="a%4x5.+oi%gx3" MACH="hera|sierra"
    <NTASKS_ATM>40</NTASKS_ATM> <NTHRDS_ATM>1</NTHRDS_ATM> <ROOTPE_ATM>0</ROOTPE_ATM>
    <PES_LEVEL>2rm</PES_LEVEL>
</pes>

<pes GRID="a%4x5.+oi%gx3" MACH="lynx"
    <NTASKS_ATM>20</NTASKS_ATM> <NTHRDS_ATM>1</NTHRDS_ATM> <ROOTPE_ATM>0</ROOTPE_ATM>
    <PES_LEVEL>2rm</PES_LEVEL>
</pes>

<pes GRID="a%4x5.+oi%4x5" PECOUNT="T">
    <NTASKS_ATM>8</NTASKS_ATM> <NTHRDS_ATM>4</NTHRDS_ATM> <ROOTPE_ATM> 0</ROOTPE_ATM>
    <NTASKS_LND>8</NTASKS_LND> <NTHRDS_LND>4</NTHRDS_LND> <ROOTPE_LND> 0</ROOTPE_LND>
    <NTASKS_ICE>6</NTASKS_ICE> <NTHRDS_ICE>4</NTHRDS_ICE> <ROOTPE_ICE> 0</ROOTPE_ICE>
    <NTASKS_CPL>8</NTASKS_CPL> <NTHRDS_CPL>4</NTHRDS_CPL> <ROOTPE_CPL> 0</ROOTPE_CPL>
    <NTASKS_GLC>8</NTASKS_GLC> <NTHRDS_GLC>4</NTHRDS_GLC> <ROOTPE_GLC> 0</ROOTPE_GLC>
    <NTASKS_OCN>8</NTASKS_OCN> <NTHRDS_OCN>4</NTHRDS_OCN> <ROOTPE_OCN> 0</ROOTPE_OCN>
    <PES_LEVEL>2rp</PES_LEVEL>
</pes>

<pes GRID="a%4x5.+oi%gx3" PECOUNT="T">
    <NTASKS_ATM>8</NTASKS_ATM> <NTHRDS_ATM>4</NTHRDS_ATM> <ROOTPE_ATM> 0</ROOTPE_ATM>
    <NTASKS_LND>8</NTASKS_LND> <NTHRDS_LND>4</NTHRDS_LND> <ROOTPE_LND> 0</ROOTPE_LND>
    <NTASKS_ICE>5</NTASKS_ICE> <NTHRDS_ICE>4</NTHRDS_ICE> <ROOTPE_ICE> 0</ROOTPE_ICE>
    <NTASKS_CPL>8</NTASKS_CPL> <NTHRDS_CPL>4</NTHRDS_CPL> <ROOTPE_CPL> 0</ROOTPE_CPL>
    <NTASKS_GLC>8</NTASKS_GLC> <NTHRDS_GLC>4</NTHRDS_GLC> <ROOTPE_GLC> 0</ROOTPE_GLC>
    <NTASKS_OCN>4</NTASKS_OCN> <NTHRDS_OCN>4</NTHRDS_OCN> <ROOTPE_OCN> 0</ROOTPE_OCN>
    <PES_LEVEL>2rp</PES_LEVEL>
</pes>

<pes GRID="a%4x5.+oi%gx3" PECOUNT="T" MACH="yellowstone|pronghorn">
    <NTASKS_ATM>4</NTASKS_ATM> <NTHRDS_ATM>4</NTHRDS_ATM> <ROOTPE_ATM> 0</ROOTPE_ATM>
    <NTASKS_LND>4</NTASKS_LND> <NTHRDS_LND>4</NTHRDS_LND> <ROOTPE_LND> 0</ROOTPE_LND>
    <NTASKS_ICE>4</NTASKS_ICE> <NTHRDS_ICE>4</NTHRDS_ICE> <ROOTPE_ICE> 0</ROOTPE_ICE>
    <NTASKS_CPL>4</NTASKS_CPL> <NTHRDS_CPL>4</NTHRDS_CPL> <ROOTPE_CPL> 0</ROOTPE_CPL>
    <NTASKS_GLC>4</NTASKS_GLC> <NTHRDS_GLC>4</NTHRDS_GLC> <ROOTPE_GLC> 0</ROOTPE_GLC>
    <NTASKS_OCN>4</NTASKS_OCN> <NTHRDS_OCN>4</NTHRDS_OCN> <ROOTPE_OCN> 0</ROOTPE_OCN>
    <PES_LEVEL>2rp</PES_LEVEL>
</pes>

<pes GRID="a%T31.+oi%gx3" PECOUNT="T">
    <NTASKS_ATM>8</NTASKS_ATM> <NTHRDS_ATM>4</NTHRDS_ATM> <ROOTPE_ATM> 0</ROOTPE_ATM>
    <NTASKS_LND>8</NTASKS_LND> <NTHRDS_LND>4</NTHRDS_LND> <ROOTPE_LND> 0</ROOTPE_LND>
    <NTASKS_ICE>5</NTASKS_ICE> <NTHRDS_ICE>4</NTHRDS_ICE> <ROOTPE_ICE> 0</ROOTPE_ICE>
    <NTASKS_CPL>8</NTASKS_CPL> <NTHRDS_CPL>4</NTHRDS_CPL> <ROOTPE_CPL> 0</ROOTPE_CPL>
    <NTASKS_GLC>8</NTASKS_GLC> <NTHRDS_GLC>4</NTHRDS_GLC> <ROOTPE_GLC> 0</ROOTPE_GLC>
    <NTASKS_OCN>4</NTASKS_OCN> <NTHRDS_OCN>4</NTHRDS_OCN> <ROOTPE_OCN> 0</ROOTPE_OCN>
    <PES_LEVEL>2rp</PES_LEVEL>
</pes>


<pes GRID="a%T31.+oi%gx3"  MACH="yellowstone|pronghorn">
    <NTASKS_ATM>60</NTASKS_ATM> <NTHRDS_ATM>2</NTHRDS_ATM> <ROOTPE_ATM> 0</ROOTPE_ATM>
    <NTASKS_LND>60</NTASKS_LND> <NTHRDS_LND>2</NTHRDS_LND> <ROOTPE_LND> 0</ROOTPE_LND>
    <NTASKS_ICE>60</NTASKS_ICE> <NTHRDS_ICE>2</NTHRDS_ICE> <ROOTPE_ICE> 0</ROOTPE_ICE>
    <NTASKS_CPL>60</NTASKS_CPL> <NTHRDS_CPL>2</NTHRDS_CPL> <ROOTPE_CPL> 0</ROOTPE_CPL>
    <NTASKS_GLC>60</NTASKS_GLC> <NTHRDS_GLC>2</NTHRDS_GLC> <ROOTPE_GLC> 0</ROOTPE_GLC>
    <NTASKS_OCN>60</NTASKS_OCN> <NTHRDS_OCN>2</NTHRDS_OCN> <ROOTPE_OCN>0</ROOTPE_OCN>
    <PES_LEVEL>4rcmp</PES_LEVEL>
</pes>

<pes GRID="a%T31.+oi%gx3" CCSM_LCOMPSET="CAM4.+CLM.+CICE.+POP" MACH="yellowstone|pronghorn">
    <NTASKS_ATM>45</NTASKS_ATM> <NTHRDS_ATM>2</NTHRDS_ATM> <ROOTPE_ATM> 0</ROOTPE_ATM>
    <NTASKS_LND>15</NTASKS_LND> <NTHRDS_LND>2</NTHRDS_LND> <ROOTPE_LND> 0</ROOTPE_LND>
    <NTASKS_ICE>30</NTASKS_ICE> <NTHRDS_ICE>2</NTHRDS_ICE> <ROOTPE_ICE>15</ROOTPE_ICE>
    <NTASKS_CPL>45</NTASKS_CPL> <NTHRDS_CPL>2</NTHRDS_CPL> <ROOTPE_CPL> 0</ROOTPE_CPL>
    <NTASKS_GLC>15</NTASKS_GLC> <NTHRDS_GLC>2</NTHRDS_GLC> <ROOTPE_GLC> 0</ROOTPE_GLC>
    <NTASKS_OCN>15</NTASKS_OCN> <NTHRDS_OCN>2</NTHRDS_OCN> <ROOTPE_OCN>45</ROOTPE_OCN>
    <PES_LEVEL>4rcmp</PES_LEVEL>
</pes>

<pes GRID="a%T31.+oi%gx3" CCSM_LCOMPSET="CAM5.+CLM.+CICE.+POP" MACH="yellowstone|pronghorn">
    <NTASKS_ATM>60</NTASKS_ATM> <NTHRDS_ATM>2</NTHRDS_ATM> <ROOTPE_ATM> 0</ROOTPE_ATM>
    <NTASKS_LND>15</NTASKS_LND> <NTHRDS_LND>2</NTHRDS_LND> <ROOTPE_LND> 0</ROOTPE_LND>
    <NTASKS_ICE>45</NTASKS_ICE> <NTHRDS_ICE>2</NTHRDS_ICE> <ROOTPE_ICE>15</ROOTPE_ICE>
    <NTASKS_CPL>60</NTASKS_CPL> <NTHRDS_CPL>2</NTHRDS_CPL> <ROOTPE_CPL> 0</ROOTPE_CPL>
    <NTASKS_GLC>60</NTASKS_GLC> <NTHRDS_GLC>2</NTHRDS_GLC> <ROOTPE_GLC> 0</ROOTPE_GLC>
    <NTASKS_OCN>15</NTASKS_OCN> <NTHRDS_OCN>2</NTHRDS_OCN> <ROOTPE_OCN>60</ROOTPE_OCN>
    <PES_LEVEL>4rcmp</PES_LEVEL>
</pes>

<!-------------------------------------------------------------------------------
  tasks/thread setup - GRID: medium res atm grid
 ------------------------------------------------------------------------------->

<pes GRID="a%1.9x2.5_l%1.9x2.5_oi%gx1" CCSM_LCOMPSET="20TR.+CAM.+CLM.+CICE.+POP" MACH="lynx">
	<NTASKS_ATM>256</NTASKS_ATM> <NTHRDS_ATM>1</NTHRDS_ATM> <ROOTPE_ATM>0</ROOTPE_ATM>
    <NTASKS_LND>256</NTASKS_LND> <NTHRDS_LND>1</NTHRDS_LND> <ROOTPE_LND>0</ROOTPE_LND>
    <NTASKS_ICE>256</NTASKS_ICE> <NTHRDS_ICE>1</NTHRDS_ICE> <ROOTPE_ICE>0</ROOTPE_ICE>
    <NTASKS_OCN>256</NTASKS_OCN> <NTHRDS_OCN>1</NTHRDS_OCN> <ROOTPE_OCN>0</ROOTPE_OCN>
    <NTASKS_CPL>256</NTASKS_CPL> <NTHRDS_CPL>1</NTHRDS_CPL> <ROOTPE_CPL>0</ROOTPE_CPL>
    <NTASKS_GLC>256</NTASKS_GLC> <NTHRDS_GLC>1</NTHRDS_GLC> <ROOTPE_GLC>0</ROOTPE_GLC>
    <PES_LEVEL>2rp</PES_LEVEL>	
</pes>

<pes GRID="a%1.9x2.5_l%1.9x2.5_oi%gx1" CCSM_LCOMPSET="CAM.+CLM.+CICE.+POP" MACH="hera|sierra" >
    <NTASKS_ATM>48</NTASKS_ATM> <NTHRDS_ATM>1</NTHRDS_ATM> <ROOTPE_ATM> 0</ROOTPE_ATM>
    <NTASKS_LND> 8</NTASKS_LND> <NTHRDS_LND>1</NTHRDS_LND> <ROOTPE_LND> 0</ROOTPE_LND>
    <NTASKS_ICE>40</NTASKS_ICE> <NTHRDS_ICE>1</NTHRDS_ICE> <ROOTPE_ICE> 8</ROOTPE_ICE>
    <NTASKS_OCN>32</NTASKS_OCN> <NTHRDS_OCN>1</NTHRDS_OCN> <ROOTPE_OCN>48</ROOTPE_OCN>
    <NTASKS_CPL>48</NTASKS_CPL> <NTHRDS_CPL>1</NTHRDS_CPL> <ROOTPE_CPL> 0</ROOTPE_CPL>
    <NTASKS_GLC>48</NTASKS_GLC> <NTHRDS_GLC>1</NTHRDS_GLC> <ROOTPE_GLC> 0</ROOTPE_GLC>
    <PES_LEVEL>3rcm</PES_LEVEL>
</pes>


<pes GRID="a%1.9x2.5_l%1.9x2.5_oi%gx1" CCSM_LCOMPSET="CAM.+CLM.+CICE.+POP" MACH="hopper|titan|stampede|janus" >
    <NTASKS_ATM>160</NTASKS_ATM> <NTHRDS_ATM>2</NTHRDS_ATM> <ROOTPE_ATM>  0</ROOTPE_ATM>
    <NTASKS_LND>160</NTASKS_LND> <NTHRDS_LND>1</NTHRDS_LND> <ROOTPE_LND>  0</ROOTPE_LND>
    <NTASKS_ICE>160</NTASKS_ICE> <NTHRDS_ICE>2</NTHRDS_ICE> <ROOTPE_ICE>  0</ROOTPE_ICE>
    <NTASKS_CPL>160</NTASKS_CPL> <NTHRDS_CPL>1</NTHRDS_CPL> <ROOTPE_CPL>  0</ROOTPE_CPL>
    <NTASKS_GLC>160</NTASKS_GLC> <NTHRDS_GLC>2</NTHRDS_GLC> <ROOTPE_GLC>  0</ROOTPE_GLC>
    <NTASKS_OCN>240</NTASKS_OCN> <NTHRDS_OCN>1</NTHRDS_OCN> <ROOTPE_OCN>160</ROOTPE_OCN>
    <PES_LEVEL>3rcm</PES_LEVEL>
</pes>

<pes GRID="a%1.9x2.5_l%1.9x2.5_oi%gx1" CCSM_LCOMPSET="CAM.+CLM.+CICE.+POP" MACH="janus" >
    <NTASKS_ATM>160</NTASKS_ATM> <NTHRDS_ATM>2</NTHRDS_ATM> <ROOTPE_ATM>  0</ROOTPE_ATM>
    <NTASKS_LND>80</NTASKS_LND> <NTHRDS_LND>2</NTHRDS_LND> <ROOTPE_LND>  0</ROOTPE_LND>
    <NTASKS_ICE>80</NTASKS_ICE> <NTHRDS_ICE>2</NTHRDS_ICE> <ROOTPE_ICE>  80</ROOTPE_ICE>
    <NTASKS_CPL>160</NTASKS_CPL> <NTHRDS_CPL>2</NTHRDS_CPL> <ROOTPE_CPL>  0</ROOTPE_CPL>
    <NTASKS_GLC>160</NTASKS_GLC> <NTHRDS_GLC>2</NTHRDS_GLC> <ROOTPE_GLC>  0</ROOTPE_GLC>
    <NTASKS_OCN>160</NTASKS_OCN> <NTHRDS_OCN>2</NTHRDS_OCN> <ROOTPE_OCN>160</ROOTPE_OCN>
    <PES_LEVEL>3rcm</PES_LEVEL>
</pes>


<pes GRID="a%1.9x2.5_l%1.9x2.5_oi%gx1" PECOUNT="T">
    <NTASKS_ATM>32</NTASKS_ATM> <NTHRDS_ATM>4</NTHRDS_ATM> <ROOTPE_ATM> 0</ROOTPE_ATM>
    <NTASKS_LND>32</NTASKS_LND> <NTHRDS_LND>4</NTHRDS_LND> <ROOTPE_LND> 0</ROOTPE_LND>
    <NTASKS_ICE>32</NTASKS_ICE> <NTHRDS_ICE>4</NTHRDS_ICE> <ROOTPE_ICE> 0</ROOTPE_ICE>
    <NTASKS_CPL>32</NTASKS_CPL> <NTHRDS_CPL>4</NTHRDS_CPL> <ROOTPE_CPL> 0</ROOTPE_CPL>
    <NTASKS_GLC>32</NTASKS_GLC> <NTHRDS_GLC>4</NTHRDS_GLC> <ROOTPE_GLC> 0</ROOTPE_GLC>
    <NTASKS_OCN>32</NTASKS_OCN> <NTHRDS_OCN>4</NTHRDS_OCN> <ROOTPE_OCN> 0</ROOTPE_OCN>
    <PES_LEVEL>2rp</PES_LEVEL>
</pes>

<pes GRID="a%1.9x2.5_l%1.9x2.5_oi%gx1" PECOUNT="T" MACH="yellowstone|pronghorn">
    <NTASKS_ATM>30</NTASKS_ATM> <NTHRDS_ATM>2</NTHRDS_ATM> <ROOTPE_ATM> 0</ROOTPE_ATM>
    <NTASKS_LND>30</NTASKS_LND> <NTHRDS_LND>2</NTHRDS_LND> <ROOTPE_LND> 0</ROOTPE_LND>
    <NTASKS_ICE>30</NTASKS_ICE> <NTHRDS_ICE>2</NTHRDS_ICE> <ROOTPE_ICE> 0</ROOTPE_ICE>
    <NTASKS_CPL>30</NTASKS_CPL> <NTHRDS_CPL>2</NTHRDS_CPL> <ROOTPE_CPL> 0</ROOTPE_CPL>
    <NTASKS_GLC>30</NTASKS_GLC> <NTHRDS_GLC>2</NTHRDS_GLC> <ROOTPE_GLC> 0</ROOTPE_GLC>
    <NTASKS_OCN>30</NTASKS_OCN> <NTHRDS_OCN>2</NTHRDS_OCN> <ROOTPE_OCN> 0</ROOTPE_OCN>
    <PES_LEVEL>2rp</PES_LEVEL>
</pes>

<pes GRID="a%1.9x2.5_l%1.9x2.5_oi%gx1" CCSM_LCOMPSET="CAM.+CLM.+CICE.+POP" MACH="yellowstone|pronghorn">
    <NTASKS_ATM>180</NTASKS_ATM> <NTHRDS_ATM>2</NTHRDS_ATM> <ROOTPE_ATM> 0</ROOTPE_ATM>
    <NTASKS_LND>60</NTASKS_LND> <NTHRDS_LND>2</NTHRDS_LND> <ROOTPE_LND> 0</ROOTPE_LND>
    <NTASKS_ICE>120</NTASKS_ICE> <NTHRDS_ICE>2</NTHRDS_ICE> <ROOTPE_ICE> 60</ROOTPE_ICE>
    <NTASKS_CPL>180</NTASKS_CPL> <NTHRDS_CPL>2</NTHRDS_CPL> <ROOTPE_CPL> 0</ROOTPE_CPL>
    <NTASKS_GLC>180</NTASKS_GLC> <NTHRDS_GLC>2</NTHRDS_GLC> <ROOTPE_GLC> 0</ROOTPE_GLC>
    <NTASKS_OCN>30</NTASKS_OCN> <NTHRDS_OCN>2</NTHRDS_OCN> <ROOTPE_OCN> 180</ROOTPE_OCN>
    <PES_LEVEL>2rp</PES_LEVEL>
</pes>

<pes GRID="a%1.9x2.5_l%1.9x2.5_oi%gx1" CCSM_LCOMPSET="CAM.+CLM.+CICE.+POP" MACH="yellowstone|pronghorn" PECOUNT="L">
    <NTASKS_ATM>480</NTASKS_ATM> <NTHRDS_ATM>2</NTHRDS_ATM> <ROOTPE_ATM> 0</ROOTPE_ATM>
    <NTASKS_LND>60</NTASKS_LND> <NTHRDS_LND>2</NTHRDS_LND> <ROOTPE_LND> 0</ROOTPE_LND>
    <NTASKS_ICE>420</NTASKS_ICE> <NTHRDS_ICE>2</NTHRDS_ICE> <ROOTPE_ICE> 60</ROOTPE_ICE>
    <NTASKS_CPL>480</NTASKS_CPL> <NTHRDS_CPL>2</NTHRDS_CPL> <ROOTPE_CPL> 0</ROOTPE_CPL>
    <NTASKS_GLC>480</NTASKS_GLC> <NTHRDS_GLC>2</NTHRDS_GLC> <ROOTPE_GLC> 0</ROOTPE_GLC>
    <NTASKS_OCN>120</NTASKS_OCN> <NTHRDS_OCN>2</NTHRDS_OCN> <ROOTPE_OCN> 480</ROOTPE_OCN>
    <PES_LEVEL>2rp</PES_LEVEL>
</pes>

<pes GRID="a%1.9x2.5_l%1.9x2.5_oi%gx1" CCSM_LCOMPSET="CAM4%WCCM.+CLM.+CICE.+POP" MACH="pleiades-wes">
    <NTASKS_ATM>240</NTASKS_ATM> <NTHRDS_ATM>1</NTHRDS_ATM> <ROOTPE_ATM>  0</ROOTPE_ATM>
    <NTASKS_LND> 48</NTASKS_LND> <NTHRDS_LND>1</NTHRDS_LND> <ROOTPE_LND>192</ROOTPE_LND>
    <NTASKS_ICE>192</NTASKS_ICE> <NTHRDS_ICE>1</NTHRDS_ICE> <ROOTPE_ICE>  0</ROOTPE_ICE>
    <NTASKS_OCN> 24</NTASKS_OCN> <NTHRDS_OCN>1</NTHRDS_OCN> <ROOTPE_OCN>240</ROOTPE_OCN>
    <NTASKS_CPL>240</NTASKS_CPL> <NTHRDS_CPL>1</NTHRDS_CPL> <ROOTPE_CPL>  0</ROOTPE_CPL>
    <NTASKS_GLC>240</NTASKS_GLC> <NTHRDS_GLC>1</NTHRDS_GLC> <ROOTPE_GLC>  0</ROOTPE_GLC>
</pes>

<pes GRID="a%1.9x2.5_l%1.9x2.5_oi%gx1" CCSM_LCOMPSET="CAM4%WCCM.+CLM.+CICE.+POP" MACH="pleiades-san">
    <NTASKS_ATM>256</NTASKS_ATM> <NTHRDS_ATM>1</NTHRDS_ATM> <ROOTPE_ATM>  0</ROOTPE_ATM>
    <NTASKS_LND> 64</NTASKS_LND> <NTHRDS_LND>1</NTHRDS_LND> <ROOTPE_LND>192</ROOTPE_LND>
    <NTASKS_ICE>192</NTASKS_ICE> <NTHRDS_ICE>1</NTHRDS_ICE> <ROOTPE_ICE>  0</ROOTPE_ICE>
    <NTASKS_OCN> 32</NTASKS_OCN> <NTHRDS_OCN>1</NTHRDS_OCN> <ROOTPE_OCN>256</ROOTPE_OCN>
    <NTASKS_CPL>256</NTASKS_CPL> <NTHRDS_CPL>1</NTHRDS_CPL> <ROOTPE_CPL>  0</ROOTPE_CPL>
    <NTASKS_GLC>256</NTASKS_GLC> <NTHRDS_GLC>1</NTHRDS_GLC> <ROOTPE_GLC>  0</ROOTPE_GLC>
</pes>

<pes GRID="a%1.9x2.5_l%1.9x2.5_oi%gx1" CCSM_LCOMPSET="CAM4%WCCM.+CLM.+CICE.+POP" MACH="pleiades-ivy">
    <NTASKS_ATM>240</NTASKS_ATM> <NTHRDS_ATM>1</NTHRDS_ATM> <ROOTPE_ATM>  0</ROOTPE_ATM>
    <NTASKS_LND> 40</NTASKS_LND> <NTHRDS_LND>1</NTHRDS_LND> <ROOTPE_LND>240</ROOTPE_LND>
    <NTASKS_ICE>200</NTASKS_ICE> <NTHRDS_ICE>1</NTHRDS_ICE> <ROOTPE_ICE>  0</ROOTPE_ICE>
    <NTASKS_OCN> 40</NTASKS_OCN> <NTHRDS_OCN>1</NTHRDS_OCN> <ROOTPE_OCN>240</ROOTPE_OCN>
    <NTASKS_CPL>240</NTASKS_CPL> <NTHRDS_CPL>1</NTHRDS_CPL> <ROOTPE_CPL>  0</ROOTPE_CPL>
    <NTASKS_GLC>240</NTASKS_GLC> <NTHRDS_GLC>1</NTHRDS_GLC> <ROOTPE_GLC>  0</ROOTPE_GLC>
</pes>

<pes GRID="a%1.9x2.5_l%1.9x2.5_oi%1.9x2.5" PECOUNT="T" >
    <NTASKS_ATM>64</NTASKS_ATM> <NTHRDS_ATM>2</NTHRDS_ATM> <ROOTPE_ATM>0</ROOTPE_ATM>
    <NTASKS_LND>32</NTASKS_LND> <NTHRDS_LND>2</NTHRDS_LND> <ROOTPE_LND>0</ROOTPE_LND>
    <NTASKS_ICE>32</NTASKS_ICE> <NTHRDS_ICE>2</NTHRDS_ICE> <ROOTPE_ICE>32</ROOTPE_ICE>
    <NTASKS_OCN>64</NTASKS_OCN> <NTHRDS_OCN>2</NTHRDS_OCN> <ROOTPE_OCN>0</ROOTPE_OCN>
    <NTASKS_CPL>64</NTASKS_CPL> <NTHRDS_CPL>2</NTHRDS_CPL> <ROOTPE_CPL>0</ROOTPE_CPL>
    <NTASKS_GLC>64</NTASKS_GLC> <NTHRDS_GLC>2</NTHRDS_GLC> <ROOTPE_GLC>0</ROOTPE_GLC>
    <PES_LEVEL>2rp</PES_LEVEL>
</pes>

<pes GRID="a%1.9x2.5_l%1.9x2.5_oi%1.9x2.5" PECOUNT="T" MACH="yellowstone|pronghorn">
    <NTASKS_ATM>60</NTASKS_ATM> <NTHRDS_ATM>2</NTHRDS_ATM> <ROOTPE_ATM>0</ROOTPE_ATM>
    <NTASKS_LND>60</NTASKS_LND> <NTHRDS_LND>2</NTHRDS_LND> <ROOTPE_LND>0</ROOTPE_LND>
    <NTASKS_ICE>60</NTASKS_ICE> <NTHRDS_ICE>2</NTHRDS_ICE> <ROOTPE_ICE>0</ROOTPE_ICE>
    <NTASKS_OCN>60</NTASKS_OCN> <NTHRDS_OCN>2</NTHRDS_OCN> <ROOTPE_OCN>0</ROOTPE_OCN>
    <NTASKS_CPL>60</NTASKS_CPL> <NTHRDS_CPL>2</NTHRDS_CPL> <ROOTPE_CPL>0</ROOTPE_CPL>
    <NTASKS_GLC>60</NTASKS_GLC> <NTHRDS_GLC>2</NTHRDS_GLC> <ROOTPE_GLC>0</ROOTPE_GLC>
    <PES_LEVEL>2rp</PES_LEVEL>
</pes>


<pes GRID="a%0.9x1.25_l%0.9x1.25_oi%gx1" PECOUNT="T">
    <NTASKS_ATM>32</NTASKS_ATM> <NTHRDS_ATM>4</NTHRDS_ATM> <ROOTPE_ATM> 0</ROOTPE_ATM>
    <NTASKS_LND>32</NTASKS_LND> <NTHRDS_LND>4</NTHRDS_LND> <ROOTPE_LND> 0</ROOTPE_LND>
    <NTASKS_ICE>32</NTASKS_ICE> <NTHRDS_ICE>4</NTHRDS_ICE> <ROOTPE_ICE> 0</ROOTPE_ICE>
    <NTASKS_CPL>32</NTASKS_CPL> <NTHRDS_CPL>4</NTHRDS_CPL> <ROOTPE_CPL> 0</ROOTPE_CPL>
    <NTASKS_GLC>32</NTASKS_GLC> <NTHRDS_GLC>4</NTHRDS_GLC> <ROOTPE_GLC> 0</ROOTPE_GLC>
    <NTASKS_OCN>32</NTASKS_OCN> <NTHRDS_OCN>4</NTHRDS_OCN> <ROOTPE_OCN> 0</ROOTPE_OCN>
    <PES_LEVEL>2rp</PES_LEVEL>
</pes>

<pes GRID="a%0.9x1.25_l%0.9x1.25_oi%gx1" PECOUNT="T" MACH="yellowstone|pronghorn">
    <NTASKS_ATM>30</NTASKS_ATM> <NTHRDS_ATM>2</NTHRDS_ATM> <ROOTPE_ATM> 0</ROOTPE_ATM>
    <NTASKS_LND>30</NTASKS_LND> <NTHRDS_LND>2</NTHRDS_LND> <ROOTPE_LND> 0</ROOTPE_LND>
    <NTASKS_ICE>30</NTASKS_ICE> <NTHRDS_ICE>2</NTHRDS_ICE> <ROOTPE_ICE> 0</ROOTPE_ICE>
    <NTASKS_CPL>30</NTASKS_CPL> <NTHRDS_CPL>2</NTHRDS_CPL> <ROOTPE_CPL> 0</ROOTPE_CPL>
    <NTASKS_GLC>30</NTASKS_GLC> <NTHRDS_GLC>2</NTHRDS_GLC> <ROOTPE_GLC> 0</ROOTPE_GLC>
    <NTASKS_OCN>30</NTASKS_OCN> <NTHRDS_OCN>2</NTHRDS_OCN> <ROOTPE_OCN> 0</ROOTPE_OCN>
    <PES_LEVEL>2rp</PES_LEVEL>
</pes>

<pes GRID="a%0.9x1.25_l%0.9x1.25_oi%gx1" CCSM_LCOMPSET="CAM.+CLM.+CICE.+POP" MACH="janus">
    <NTASKS_ATM>384</NTASKS_ATM> <NTHRDS_ATM>4</NTHRDS_ATM> <ROOTPE_ATM>  0</ROOTPE_ATM>
    <NTASKS_LND> 64</NTASKS_LND> <NTHRDS_LND>4</NTHRDS_LND> <ROOTPE_LND>  0</ROOTPE_LND>
    <NTASKS_ICE>320</NTASKS_ICE> <NTHRDS_ICE>4</NTHRDS_ICE> <ROOTPE_ICE> 64</ROOTPE_ICE>
    <NTASKS_OCN> 30</NTASKS_OCN> <NTHRDS_OCN>4</NTHRDS_OCN> <ROOTPE_OCN>384</ROOTPE_OCN>
    <NTASKS_CPL> 64</NTASKS_CPL> <NTHRDS_CPL>1</NTHRDS_CPL> <ROOTPE_CPL>  0</ROOTPE_CPL>
    <NTASKS_GLC>384</NTASKS_GLC> <NTHRDS_GLC>4</NTHRDS_GLC> <ROOTPE_GLC>  0</ROOTPE_GLC>
    <PES_LEVEL>3rcm</PES_LEVEL>
</pes>

<pes GRID="a%0.9x1.25_l%0.9x1.25_oi%gx1" CCSM_LCOMPSET="CAM.+CLM.+CICE.+POP" MACH="titan|stampede">
    <NTASKS_ATM>384</NTASKS_ATM> <NTHRDS_ATM>4</NTHRDS_ATM> <ROOTPE_ATM>  0</ROOTPE_ATM>
    <NTASKS_LND> 64</NTASKS_LND> <NTHRDS_LND>4</NTHRDS_LND> <ROOTPE_LND>  0</ROOTPE_LND>
    <NTASKS_ICE>320</NTASKS_ICE> <NTHRDS_ICE>4</NTHRDS_ICE> <ROOTPE_ICE> 64</ROOTPE_ICE>
    <NTASKS_OCN> 32</NTASKS_OCN> <NTHRDS_OCN>4</NTHRDS_OCN> <ROOTPE_OCN>384</ROOTPE_OCN>
    <NTASKS_CPL> 64</NTASKS_CPL> <NTHRDS_CPL>1</NTHRDS_CPL> <ROOTPE_CPL>  0</ROOTPE_CPL>
    <NTASKS_GLC>384</NTASKS_GLC> <NTHRDS_GLC>4</NTHRDS_GLC> <ROOTPE_GLC>  0</ROOTPE_GLC>
    <PES_LEVEL>3rcm</PES_LEVEL>
</pes>

<pes GRID="a%0.9x1.25_l%0.9x1.25_oi%gx1" CCSM_LCOMPSET="CAM.+CLM.+CICE.+POP" MACH="hopper">
    <NTASKS_ATM>768</NTASKS_ATM> <NTHRDS_ATM>3</NTHRDS_ATM> <ROOTPE_ATM>  0</ROOTPE_ATM>
    <NTASKS_LND>128</NTASKS_LND> <NTHRDS_LND>3</NTHRDS_LND> <ROOTPE_LND>  0</ROOTPE_LND>
    <NTASKS_ICE>640</NTASKS_ICE> <NTHRDS_ICE>3</NTHRDS_ICE> <ROOTPE_ICE>128</ROOTPE_ICE>
    <NTASKS_OCN> 60</NTASKS_OCN> <NTHRDS_OCN>3</NTHRDS_OCN> <ROOTPE_OCN>768</ROOTPE_OCN>
    <NTASKS_CPL>128</NTASKS_CPL> <NTHRDS_CPL>1</NTHRDS_CPL> <ROOTPE_CPL>  0</ROOTPE_CPL>
    <NTASKS_GLC>768</NTASKS_GLC> <NTHRDS_GLC>3</NTHRDS_GLC> <ROOTPE_GLC>  0</ROOTPE_GLC>
    <PES_LEVEL>3rcm</PES_LEVEL>
</pes>

<pes GRID="a%0.9x1.25_l%0.9x1.25_oi%gx1" CCSM_LCOMPSET="DATM.+CLM.+_SICE_SOCN_" MACH="yellowstone">
    <NTASKS_ATM>30</NTASKS_ATM> <NTHRDS_ATM>1</NTHRDS_ATM> <ROOTPE_ATM>600</ROOTPE_ATM>      <NINST_ATM>1</NINST_ATM>
    <NTASKS_LND>600</NTASKS_LND> <NTHRDS_LND>$NTHRDS_ATM</NTHRDS_LND> <ROOTPE_LND>0</ROOTPE_LND> <NINST_LND>1</NINST_LND>
    <NTASKS_ROF>600</NTASKS_ROF> <NTHRDS_ROF>$NTHRDS_ATM</NTHRDS_ROF> <ROOTPE_ROF>0</ROOTPE_ROF> <NINST_ROF>1</NINST_ROF>
    <NTASKS_ICE>600</NTASKS_ICE> <NTHRDS_ICE>$NTHRDS_ATM</NTHRDS_ICE> <ROOTPE_ICE>0</ROOTPE_ICE> <NINST_ICE>1</NINST_ICE>
    <NTASKS_OCN>600</NTASKS_OCN> <NTHRDS_OCN>$NTHRDS_ATM</NTHRDS_OCN> <ROOTPE_OCN>0</ROOTPE_OCN> <NINST_OCN>1</NINST_OCN>
    <NTASKS_CPL>600</NTASKS_CPL> <NTHRDS_CPL>$NTHRDS_ATM</NTHRDS_CPL> <ROOTPE_CPL>0</ROOTPE_CPL>
    <NTASKS_GLC>600</NTASKS_GLC> <NTHRDS_GLC>$NTHRDS_ATM</NTHRDS_GLC> <ROOTPE_GLC>0</ROOTPE_GLC> <NINST_GLC>1</NINST_GLC>
    <NTASKS_WAV>600</NTASKS_WAV> <NTHRDS_WAV>$NTHRDS_ATM</NTHRDS_WAV> <ROOTPE_WAV>0</ROOTPE_WAV> <NINST_WAV>1</NINST_WAV>
    <PIO_TYPENAME>pnetcdf</PIO_TYPENAME>
    <PES_LEVEL>3rcm</PES_LEVEL>
</pes>


<pes GRID="a%T62_l%T62_oi%gx1" CCSM_LCOMPSET="DATM.+CICE.+POP|DATM.+DICE.+POP|DATM.+CICE.+DOCN" MACH="titan|stampede">
    <NTASKS_ATM>128</NTASKS_ATM> <NTHRDS_ATM>2</NTHRDS_ATM> <ROOTPE_ATM>  0</ROOTPE_ATM>
    <NTASKS_LND>128</NTASKS_LND> <NTHRDS_LND>2</NTHRDS_LND> <ROOTPE_LND>  0</ROOTPE_LND>
    <NTASKS_ICE>128</NTASKS_ICE> <NTHRDS_ICE>2</NTHRDS_ICE> <ROOTPE_ICE>  0</ROOTPE_ICE>
    <NTASKS_OCN>128</NTASKS_OCN> <NTHRDS_OCN>2</NTHRDS_OCN> <ROOTPE_OCN>  0</ROOTPE_OCN>
    <NTASKS_CPL>128</NTASKS_CPL> <NTHRDS_CPL>2</NTHRDS_CPL> <ROOTPE_CPL>  0</ROOTPE_CPL>
    <NTASKS_GLC>128</NTASKS_GLC> <NTHRDS_GLC>2</NTHRDS_GLC> <ROOTPE_GLC>  0</ROOTPE_GLC>
    <PES_LEVEL>3rcm</PES_LEVEL>
</pes>

<pes CCSM_LCOMPSET="WRF.+CLM.+DICE.+DOCN" >
    <NTASKS_ATM>120</NTASKS_ATM> <NTHRDS_ATM>1</NTHRDS_ATM> <ROOTPE_ATM>0</ROOTPE_ATM>
    <NTASKS_LND> 96</NTASKS_LND> <NTHRDS_LND>1</NTHRDS_LND> <ROOTPE_LND>0</ROOTPE_LND>
    <NTASKS_ICE> 12</NTASKS_ICE> <NTHRDS_ICE>1</NTHRDS_ICE> <ROOTPE_ICE>96</ROOTPE_ICE>
    <NTASKS_OCN> 12</NTASKS_OCN> <NTHRDS_OCN>1</NTHRDS_OCN> <ROOTPE_OCN>108</ROOTPE_OCN>
    <NTASKS_CPL> 96</NTASKS_CPL> <NTHRDS_CPL>1</NTHRDS_CPL> <ROOTPE_CPL>0</ROOTPE_CPL>
    <NTASKS_GLC>  1</NTASKS_GLC> <NTHRDS_GLC>1</NTHRDS_GLC> <ROOTPE_GLC>0</ROOTPE_GLC>
    <PES_LEVEL>1c</PES_LEVEL>
</pes>

<pes CCSM_LCOMPSET="WRF.+CLM.+CICE%PRES.+DOCN"> MACH="eastwind|evergreen|olympus">
    <NTASKS_ATM>35</NTASKS_ATM> <NTHRDS_ATM>1</NTHRDS_ATM> <ROOTPE_ATM>0</ROOTPE_ATM>
    <NTASKS_LND>35</NTASKS_LND> <NTHRDS_LND>1</NTHRDS_LND> <ROOTPE_LND>0</ROOTPE_LND>
    <NTASKS_ICE>35</NTASKS_ICE> <NTHRDS_ICE>1</NTHRDS_ICE> <ROOTPE_ICE>0</ROOTPE_ICE>
    <NTASKS_OCN>35</NTASKS_OCN> <NTHRDS_OCN>1</NTHRDS_OCN> <ROOTPE_OCN>0</ROOTPE_OCN>
    <NTASKS_CPL>35</NTASKS_CPL> <NTHRDS_CPL>1</NTHRDS_CPL> <ROOTPE_CPL>0</ROOTPE_CPL>
    <NTASKS_GLC> 1</NTASKS_GLC> <NTHRDS_GLC>1</NTHRDS_GLC> <ROOTPE_GLC>0</ROOTPE_GLC>
    <PES_LEVEL>2cm</PES_LEVEL>
</pes>

<pes GRID="us20_us20" CCSM_LCOMPSET="^PF|^PD" MACH="eastwind">
    <NTASKS_ATM>120</NTASKS_ATM> <NTHRDS_ATM>1</NTHRDS_ATM> <ROOTPE_ATM>0</ROOTPE_ATM>
    <NTASKS_LND>120</NTASKS_LND> <NTHRDS_LND>1</NTHRDS_LND> <ROOTPE_LND>0</ROOTPE_LND>
    <NTASKS_ICE>115</NTASKS_ICE> <NTHRDS_ICE>1</NTHRDS_ICE> <ROOTPE_ICE>0</ROOTPE_ICE>
    <NTASKS_OCN>120</NTASKS_OCN> <NTHRDS_OCN>1</NTHRDS_OCN> <ROOTPE_OCN>0</ROOTPE_OCN>
    <NTASKS_CPL>120</NTASKS_CPL> <NTHRDS_CPL>1</NTHRDS_CPL> <ROOTPE_CPL>0</ROOTPE_CPL>
    <NTASKS_GLC>  1</NTASKS_GLC> <NTHRDS_GLC>1</NTHRDS_GLC> <ROOTPE_GLC>0</ROOTPE_GLC>
    <PES_LEVEL>3rcm</PES_LEVEL>
</pes>

<pes CCSM_LCOMPSET="^PF|^PD" GRID="us20_us20" MACH="olympus">
    <NTASKS_ATM>256</NTASKS_ATM> <NTHRDS_ATM>1</NTHRDS_ATM> <ROOTPE_ATM>0</ROOTPE_ATM>
    <NTASKS_LND>256</NTASKS_LND> <NTHRDS_LND>1</NTHRDS_LND> <ROOTPE_LND>0</ROOTPE_LND>
    <NTASKS_ICE>230</NTASKS_ICE> <NTHRDS_ICE>1</NTHRDS_ICE> <ROOTPE_ICE>0</ROOTPE_ICE>
    <NTASKS_OCN>256</NTASKS_OCN> <NTHRDS_OCN>1</NTHRDS_OCN> <ROOTPE_OCN>0</ROOTPE_OCN>
    <NTASKS_CPL>256</NTASKS_CPL> <NTHRDS_CPL>1</NTHRDS_CPL> <ROOTPE_CPL>0</ROOTPE_CPL>
    <NTASKS_GLC>  1</NTASKS_GLC> <NTHRDS_GLC>1</NTHRDS_GLC> <ROOTPE_GLC>0</ROOTPE_GLC>
    <PES_LEVEL>3rcm</PES_LEVEL>
</pes>

<pes GRID="us20_us20" CCSM_LCOMPSET="^PF|^PD" MACH="evergreen">
    <NTASKS_ATM>384</NTASKS_ATM> <NTHRDS_ATM>1</NTHRDS_ATM> <ROOTPE_ATM>0</ROOTPE_ATM>
    <NTASKS_LND>240</NTASKS_LND> <NTHRDS_LND>1</NTHRDS_LND> <ROOTPE_LND>0</ROOTPE_LND>
    <NTASKS_ICE>115</NTASKS_ICE> <NTHRDS_ICE>1</NTHRDS_ICE> <ROOTPE_ICE>240</ROOTPE_ICE>
    <NTASKS_OCN>120</NTASKS_OCN> <NTHRDS_OCN>1</NTHRDS_OCN> <ROOTPE_OCN>0</ROOTPE_OCN>
    <NTASKS_CPL>120</NTASKS_CPL> <NTHRDS_CPL>1</NTHRDS_CPL> <ROOTPE_CPL>0</ROOTPE_CPL>
    <NTASKS_GLC>  1</NTASKS_GLC> <NTHRDS_GLC>1</NTHRDS_GLC> <ROOTPE_GLC>0</ROOTPE_GLC>
    <PES_LEVEL>3rcm</PES_LEVEL>
</pes>

<pes GRID="wr50a_ar9v" CCSM_LCOMPSET="^X">
    <NTASKS_ATM>25</NTASKS_ATM> <NTHRDS_ATM>1</NTHRDS_ATM> <ROOTPE_ATM>0</ROOTPE_ATM>
    <NTASKS_LND>25</NTASKS_LND> <NTHRDS_LND>1</NTHRDS_LND> <ROOTPE_LND>0</ROOTPE_LND>
    <NTASKS_ICE>32</NTASKS_ICE> <NTHRDS_ICE>1</NTHRDS_ICE> <ROOTPE_ICE>0</ROOTPE_ICE>
    <NTASKS_OCN>32</NTASKS_OCN> <NTHRDS_OCN>1</NTHRDS_OCN> <ROOTPE_OCN>0</ROOTPE_OCN>
    <NTASKS_CPL>64</NTASKS_CPL> <NTHRDS_CPL>1</NTHRDS_CPL> <ROOTPE_CPL>0</ROOTPE_CPL>
    <NTASKS_GLC> 1</NTASKS_GLC> <NTHRDS_GLC>1</NTHRDS_GLC> <ROOTPE_GLC>0</ROOTPE_GLC>
    <PES_LEVEL>2rc</PES_LEVEL>
</pes>

<pes GRID="wr50a_ar9v" CCSM_LCOMPSET="^RB|^RJ">
    <NTASKS_ATM>256</NTASKS_ATM> <NTHRDS_ATM>1</NTHRDS_ATM> <ROOTPE_ATM>0</ROOTPE_ATM>
    <NTASKS_LND>  1</NTASKS_LND> <NTHRDS_LND>1</NTHRDS_LND> <ROOTPE_LND>0</ROOTPE_LND>
    <NTASKS_ICE>256</NTASKS_ICE> <NTHRDS_ICE>1</NTHRDS_ICE> <ROOTPE_ICE>0</ROOTPE_ICE>
    <NTASKS_OCN>256</NTASKS_OCN> <NTHRDS_OCN>1</NTHRDS_OCN> <ROOTPE_OCN>0</ROOTPE_OCN>
    <NTASKS_CPL>256</NTASKS_CPL> <NTHRDS_CPL>1</NTHRDS_CPL> <ROOTPE_CPL>0</ROOTPE_CPL>
    <NTASKS_GLC>  1</NTASKS_GLC> <NTHRDS_GLC>1</NTHRDS_GLC> <ROOTPE_GLC>0</ROOTPE_GLC>
    <PES_LEVEL>2rc</PES_LEVEL>
</pes>

<pes GRID="wr50a_ar9v" CCSM_LCOMPSET="^RL|^RK">
    <NTASKS_ATM>256</NTASKS_ATM> <NTHRDS_ATM>1</NTHRDS_ATM> <ROOTPE_ATM>0</ROOTPE_ATM>
    <NTASKS_LND>  1</NTASKS_LND> <NTHRDS_LND>1</NTHRDS_LND> <ROOTPE_LND>0</ROOTPE_LND>
    <NTASKS_ICE> 16</NTASKS_ICE> <NTHRDS_ICE>1</NTHRDS_ICE> <ROOTPE_ICE>0</ROOTPE_ICE>
    <NTASKS_OCN> 16</NTASKS_OCN> <NTHRDS_OCN>1</NTHRDS_OCN> <ROOTPE_OCN>0</ROOTPE_OCN>
    <NTASKS_CPL>256</NTASKS_CPL> <NTHRDS_CPL>1</NTHRDS_CPL> <ROOTPE_CPL>0</ROOTPE_CPL>
    <NTASKS_GLC>  1</NTASKS_GLC> <NTHRDS_GLC>1</NTHRDS_GLC> <ROOTPE_GLC>0</ROOTPE_GLC>
    <PES_LEVEL>2rc</PES_LEVEL>
</pes>

<!-------------------------------------------------------------------------------
  tasks/thread setup - GRID: hi-res atm grid
 ------------------------------------------------------------------------------->

<pes GRID="a%0.9x1.25_l%0.9x1.25_oi%gx1" MACH="mira" >
<NTASKS_ATM>1525</NTASKS_ATM> <NTHRDS_ATM>12</NTHRDS_ATM> <ROOTPE_ATM>0</ROOTPE_ATM>
<NTASKS_LND>71</NTASKS_LND> <NTHRDS_LND>12</NTHRDS_LND> <ROOTPE_LND> 0</ROOTPE_LND>
<NTASKS_ICE>1454</NTASKS_ICE> <NTHRDS_ICE>12</NTHRDS_ICE> <ROOTPE_ICE> 71</ROOTPE_ICE>
<NTASKS_ROF>71</NTASKS_ROF> <NTHRDS_ROF>12</NTHRDS_ROF> <ROOTPE_ROF> 0</ROOTPE_ROF>
<NTASKS_OCN>256</NTASKS_OCN> <NTHRDS_OCN>1</NTHRDS_OCN> <ROOTPE_OCN>1525</ROOTPE_OCN>
<NTASKS_GLC>1</NTASKS_GLC> <NTHRDS_GLC>1</NTHRDS_GLC> <ROOTPE_GLC>$ROOTPE_ATM</ROOTPE_GLC> <NINST_GLC>1</NINST_GLC>
<NTASKS_WAV>$NTASKS_ATM</NTASKS_WAV> <NTHRDS_WAV>$NTHRDS_ATM</NTHRDS_WAV> <ROOTPE_WAV>$ROOTPE_ATM</ROOTPE_WAV> <NINST_WAV>1</NINST_WAV>
<NTASKS_CPL>$NTASKS_ATM</NTASKS_CPL> <NTHRDS_CPL>4</NTHRDS_CPL> <ROOTPE_CPL>$ROOTPE_ATM</ROOTPE_CPL>
<PES_LEVEL>1m</PES_LEVEL>
</pes>

<pes GRID="a%0.9x1.25_l%0.9x1.25_oi%0.9x1.25" MACH="mira" >
<NTASKS_ATM>1525</NTASKS_ATM> <NTHRDS_ATM>12</NTHRDS_ATM> <ROOTPE_ATM>0</ROOTPE_ATM>
<NTASKS_LND>71</NTASKS_LND> <NTHRDS_LND>12</NTHRDS_LND> <ROOTPE_LND> 0</ROOTPE_LND>
<NTASKS_ICE>1454</NTASKS_ICE> <NTHRDS_ICE>12</NTHRDS_ICE> <ROOTPE_ICE> 71</ROOTPE_ICE>
<NTASKS_ROF>71</NTASKS_ROF> <NTHRDS_ROF>12</NTHRDS_ROF> <ROOTPE_ROF> 0</ROOTPE_ROF>
<NTASKS_OCN>256</NTASKS_OCN> <NTHRDS_OCN>1</NTHRDS_OCN> <ROOTPE_OCN>1525</ROOTPE_OCN>
<NTASKS_GLC>1</NTASKS_GLC> <NTHRDS_GLC>1</NTHRDS_GLC> <ROOTPE_GLC>$ROOTPE_ATM</ROOTPE_GLC> <NINST_GLC>1</NINST_GLC>
<NTASKS_WAV>$NTASKS_ATM</NTASKS_WAV> <NTHRDS_WAV>$NTHRDS_ATM</NTHRDS_WAV> <ROOTPE_WAV>$ROOTPE_ATM</ROOTPE_WAV> <NINST_WAV>1</NINST_WAV>
<NTASKS_CPL>$NTASKS_ATM</NTASKS_CPL> <NTHRDS_CPL>4</NTHRDS_CPL> <ROOTPE_CPL>$ROOTPE_ATM</ROOTPE_CPL>
<PES_LEVEL>1m</PES_LEVEL>
</pes>

<pes GRID="a%0.47x0.63_l%0.47x0.63_oi%gx1" CCSM_LCOMPSET="CAM.+CLM.+CICE.+POP">
    <NTASKS_ATM>496</NTASKS_ATM> <NTHRDS_ATM>1</NTHRDS_ATM> <ROOTPE_ATM>  0</ROOTPE_ATM>
    <NTASKS_LND>176</NTASKS_LND> <NTHRDS_LND>1</NTHRDS_LND> <ROOTPE_LND>320</ROOTPE_LND>
    <NTASKS_ICE>320</NTASKS_ICE> <NTHRDS_ICE>1</NTHRDS_ICE> <ROOTPE_ICE>  0</ROOTPE_ICE>
    <NTASKS_CPL>160</NTASKS_CPL> <NTHRDS_CPL>1</NTHRDS_CPL> <ROOTPE_CPL>  0</ROOTPE_CPL>
    <NTASKS_GLC>496</NTASKS_GLC> <NTHRDS_GLC>1</NTHRDS_GLC> <ROOTPE_GLC>  0</ROOTPE_GLC>
    <NTASKS_OCN> 16</NTASKS_OCN> <NTHRDS_OCN>1</NTHRDS_OCN> <ROOTPE_OCN>496</ROOTPE_OCN>
    <PES_LEVEL>3rcm</PES_LEVEL>
</pes>

<pes GRID="a%0.47x0.63_l%0.47x0.63_oi%gx1" CCSM_LCOMPSET="CAM.+CLM.+CICE.+POP" MACH="yellowstone|pronghorn">
    <NTASKS_ATM>600</NTASKS_ATM> <NTHRDS_ATM>2</NTHRDS_ATM> <ROOTPE_ATM>  0</ROOTPE_ATM>
    <NTASKS_LND>210</NTASKS_LND> <NTHRDS_LND>2</NTHRDS_LND> <ROOTPE_LND>390</ROOTPE_LND>
    <NTASKS_ICE>390</NTASKS_ICE> <NTHRDS_ICE>2</NTHRDS_ICE> <ROOTPE_ICE>  0</ROOTPE_ICE>
    <NTASKS_CPL>600</NTASKS_CPL> <NTHRDS_CPL>2</NTHRDS_CPL> <ROOTPE_CPL>  0</ROOTPE_CPL>
    <NTASKS_GLC>600</NTASKS_GLC> <NTHRDS_GLC>2</NTHRDS_GLC> <ROOTPE_GLC>  0</ROOTPE_GLC>
    <NTASKS_OCN> 30</NTASKS_OCN> <NTHRDS_OCN>2</NTHRDS_OCN> <ROOTPE_OCN>600</ROOTPE_OCN>
    <PES_LEVEL>3rcm</PES_LEVEL>
</pes>



<pes GRID="a%0.47x0.63_l%0.47x0.63_oi%gx1" CCSM_LCOMPSET="CAM.+CLM.+CICE.+POP" MACH="hopper|titan|stampede|janus">
    <NTASKS_ATM>512</NTASKS_ATM> <NTHRDS_ATM>4</NTHRDS_ATM> <ROOTPE_ATM>  0</ROOTPE_ATM>
    <NTASKS_LND>192</NTASKS_LND> <NTHRDS_LND>4</NTHRDS_LND> <ROOTPE_LND>320</ROOTPE_LND>
    <NTASKS_ICE>320</NTASKS_ICE> <NTHRDS_ICE>1</NTHRDS_ICE> <ROOTPE_ICE>  0</ROOTPE_ICE>
    <NTASKS_CPL>512</NTASKS_CPL> <NTHRDS_CPL>1</NTHRDS_CPL> <ROOTPE_CPL>  0</ROOTPE_CPL>
    <NTASKS_GLC>512</NTASKS_GLC> <NTHRDS_GLC>4</NTHRDS_GLC> <ROOTPE_GLC>  0</ROOTPE_GLC>
    <NTASKS_OCN> 64</NTASKS_OCN> <NTHRDS_OCN>1</NTHRDS_OCN> <ROOTPE_OCN>512</ROOTPE_OCN>
    <PES_LEVEL>3rcm</PES_LEVEL>
</pes>

<pes GRID="a%0.47x0.63_l%0.47x0.63_oi%tx0.1v2" CCSM_LCOMPSET="CAM.+CLM.+CICE.+POP" PECOUNT="S">
    <NTASKS_ATM>480</NTASKS_ATM> <NTHRDS_ATM>1</NTHRDS_ATM> <ROOTPE_ATM>0</ROOTPE_ATM>
    <NTASKS_LND>416</NTASKS_LND> <NTHRDS_LND>1</NTHRDS_LND> <ROOTPE_LND>0</ROOTPE_LND>
    <NTASKS_ICE>480</NTASKS_ICE> <NTHRDS_ICE>1</NTHRDS_ICE> <ROOTPE_ICE>0</ROOTPE_ICE>
    <NTASKS_CPL>480</NTASKS_CPL> <NTHRDS_CPL>1</NTHRDS_CPL> <ROOTPE_CPL>0</ROOTPE_CPL>
    <NTASKS_GLC>480</NTASKS_GLC> <NTHRDS_GLC>1</NTHRDS_GLC> <ROOTPE_GLC>0</ROOTPE_GLC>
    <NTASKS_OCN>480</NTASKS_OCN> <NTHRDS_OCN>1</NTHRDS_OCN> <ROOTPE_OCN>0</ROOTPE_OCN>
    <PES_LEVEL>3rcp</PES_LEVEL>
</pes>

<pes GRID="a%0.47x0.63_l%0.47x0.63_oi%tx0.1v2" CCSM_LCOMPSET="CAM.+CLM.+CICE.+POP" PECOUNT="M">
    <NTASKS_ATM>1024</NTASKS_ATM> <NTHRDS_ATM>1</NTHRDS_ATM> <ROOTPE_ATM>0</ROOTPE_ATM>
    <NTASKS_LND> 416</NTASKS_LND> <NTHRDS_LND>1</NTHRDS_LND> <ROOTPE_LND>0</ROOTPE_LND>
    <NTASKS_ICE>1024</NTASKS_ICE> <NTHRDS_ICE>1</NTHRDS_ICE> <ROOTPE_ICE>0</ROOTPE_ICE>
    <NTASKS_CPL>1024</NTASKS_CPL> <NTHRDS_CPL>1</NTHRDS_CPL> <ROOTPE_CPL>0</ROOTPE_CPL>
    <NTASKS_GLC>1024</NTASKS_GLC> <NTHRDS_GLC>1</NTHRDS_GLC> <ROOTPE_GLC>0</ROOTPE_GLC>
    <NTASKS_OCN>1024</NTASKS_OCN> <NTHRDS_OCN>1</NTHRDS_OCN> <ROOTPE_OCN>0</ROOTPE_OCN>
    <PES_LEVEL>3rcp</PES_LEVEL>
</pes>

<pes GRID="a%0.47x0.63_l%0.47x0.63_oi%tx0.1v2" CCSM_LCOMPSET="CAM.+CLM.+CICE.+POP" PECOUNT="L">
    <NTASKS_ATM> 480</NTASKS_ATM> <NTHRDS_ATM>1</NTHRDS_ATM> <ROOTPE_ATM>  0</ROOTPE_ATM>
    <NTASKS_LND> 416</NTASKS_LND> <NTHRDS_LND>1</NTHRDS_LND> <ROOTPE_LND>  0</ROOTPE_LND>
    <NTASKS_ICE> 480</NTASKS_ICE> <NTHRDS_ICE>1</NTHRDS_ICE> <ROOTPE_ICE>  0</ROOTPE_ICE>
    <NTASKS_CPL> 432</NTASKS_CPL> <NTHRDS_CPL>1</NTHRDS_CPL> <ROOTPE_CPL>  0</ROOTPE_CPL>
    <NTASKS_GLC> 480</NTASKS_GLC> <NTHRDS_GLC>1</NTHRDS_GLC> <ROOTPE_GLC>  0</ROOTPE_GLC>
    <NTASKS_OCN>1232</NTASKS_OCN> <NTHRDS_OCN>1</NTHRDS_OCN> <ROOTPE_OCN>480</ROOTPE_OCN>
    <PES_LEVEL>3rcp</PES_LEVEL>
</pes>

<pes GRID="a%0.47x0.63_l%0.47x0.63_oi%tx0.1v2" CCSM_LCOMPSET="CAM.+CLM.+CICE.+POP" PECOUNT="X1">
    <NTASKS_ATM>1024</NTASKS_ATM> <NTHRDS_ATM>1</NTHRDS_ATM> <ROOTPE_ATM>   0</ROOTPE_ATM>
    <NTASKS_LND> 416</NTASKS_LND> <NTHRDS_LND>1</NTHRDS_LND> <ROOTPE_LND>   0</ROOTPE_LND>
    <NTASKS_ICE>1024</NTASKS_ICE> <NTHRDS_ICE>1</NTHRDS_ICE> <ROOTPE_ICE>   0</ROOTPE_ICE>
    <NTASKS_CPL> 432</NTASKS_CPL> <NTHRDS_CPL>1</NTHRDS_CPL> <ROOTPE_CPL>   0</ROOTPE_CPL>
    <NTASKS_GLC>1024</NTASKS_GLC> <NTHRDS_GLC>1</NTHRDS_GLC> <ROOTPE_GLC>   0</ROOTPE_GLC>
    <NTASKS_OCN>2356</NTASKS_OCN> <NTHRDS_OCN>1</NTHRDS_OCN> <ROOTPE_OCN>1024</ROOTPE_OCN>
    <PES_LEVEL>3rcp</PES_LEVEL>
</pes>

<pes GRID="a%0.47x0.63_l%0.47x0.63_oi%tx0.1v2" CCSM_LCOMPSET="CAM.+CLM.+CICE.+POP" PECOUNT="X2">
    <NTASKS_ATM>1664</NTASKS_ATM> <NTHRDS_ATM>1</NTHRDS_ATM> <ROOTPE_ATM>   0</ROOTPE_ATM>
    <NTASKS_LND> 416</NTASKS_LND> <NTHRDS_LND>1</NTHRDS_LND> <ROOTPE_LND>   0</ROOTPE_LND>
    <NTASKS_ICE>1800</NTASKS_ICE> <NTHRDS_ICE>1</NTHRDS_ICE> <ROOTPE_ICE>   0</ROOTPE_ICE>
    <NTASKS_CPL> 432</NTASKS_CPL> <NTHRDS_CPL>1</NTHRDS_CPL> <ROOTPE_CPL>   0</ROOTPE_CPL>
    <NTASKS_GLC>1664</NTASKS_GLC> <NTHRDS_GLC>1</NTHRDS_GLC> <ROOTPE_GLC>   0</ROOTPE_GLC>
    <NTASKS_OCN>3476</NTASKS_OCN> <NTHRDS_OCN>1</NTHRDS_OCN> <ROOTPE_OCN>1800</ROOTPE_OCN>
    <PES_LEVEL>3rcp</PES_LEVEL>
</pes>



<pes GRID="a%0.23x0.31_l%0.23x0.31_oi%gx1" CCSM_LCOMPSET="CAM.+CLM.+CICE.+POP">
    <NTASKS_ATM>496</NTASKS_ATM> <NTHRDS_ATM>1</NTHRDS_ATM> <ROOTPE_ATM>  0</ROOTPE_ATM>
    <NTASKS_LND>336</NTASKS_LND> <NTHRDS_LND>1</NTHRDS_LND> <ROOTPE_LND>160</ROOTPE_LND>
    <NTASKS_ICE>160</NTASKS_ICE> <NTHRDS_ICE>1</NTHRDS_ICE> <ROOTPE_ICE>  0</ROOTPE_ICE>
    <NTASKS_CPL>160</NTASKS_CPL> <NTHRDS_CPL>1</NTHRDS_CPL> <ROOTPE_CPL>  0</ROOTPE_CPL>
    <NTASKS_GLC>496</NTASKS_GLC> <NTHRDS_GLC>1</NTHRDS_GLC> <ROOTPE_GLC>  0</ROOTPE_GLC>
    <NTASKS_OCN> 16</NTASKS_OCN> <NTHRDS_OCN>1</NTHRDS_OCN> <ROOTPE_OCN>496</ROOTPE_OCN>
    <PES_LEVEL>3rcm</PES_LEVEL>
</pes>

<!-------------------------------------------------------------------------------
  tasks/thread setup - GRID: cube sphere atm grid
 ------------------------------------------------------------------------------->

<pes GRID="a%ne30np4_l%ne30np4_oi%ne30np4" MACH="mira" >
<NTASKS_ATM>2048</NTASKS_ATM> <NTHRDS_ATM>12</NTHRDS_ATM> <ROOTPE_ATM>0</ROOTPE_ATM>
<NTASKS_LND>2048</NTASKS_LND> <NTHRDS_LND>12</NTHRDS_LND> <ROOTPE_LND>0</ROOTPE_LND>
<NTASKS_ICE>2048</NTASKS_ICE> <NTHRDS_ICE>12</NTHRDS_ICE> <ROOTPE_ICE>0</ROOTPE_ICE>
<NTASKS_ROF>2048</NTASKS_ROF> <NTHRDS_ROF>12</NTHRDS_ROF> <ROOTPE_ROF>0</ROOTPE_ROF>
<NTASKS_OCN>2048</NTASKS_OCN> <NTHRDS_OCN>12</NTHRDS_OCN> <ROOTPE_OCN>0</ROOTPE_OCN>
<NTASKS_GLC>2048</NTASKS_GLC> <NTHRDS_GLC>12</NTHRDS_GLC> <ROOTPE_GLC>0</ROOTPE_GLC> 
<NTASKS_WAV>2048</NTASKS_WAV> <NTHRDS_WAV>12</NTHRDS_WAV> <ROOTPE_WAV>0</ROOTPE_WAV> 
<NTASKS_CPL>2048</NTASKS_CPL> <NTHRDS_CPL>12</NTHRDS_CPL> <ROOTPE_CPL>0</ROOTPE_CPL>
<PES_LEVEL>1m</PES_LEVEL>
</pes>

<pes GRID="a%ne30np4_l%ne30np4_oi%gx1v6" MACH="mira" >
<NTASKS_ATM>1916</NTASKS_ATM> <NTHRDS_ATM>12</NTHRDS_ATM> <ROOTPE_ATM>0</ROOTPE_ATM>
<NTASKS_LND>120</NTASKS_LND> <NTHRDS_LND>12</NTHRDS_LND> <ROOTPE_LND>0</ROOTPE_LND>
<NTASKS_ICE>1796</NTASKS_ICE> <NTHRDS_ICE>12</NTHRDS_ICE> <ROOTPE_ICE> 120</ROOTPE_ICE>
<NTASKS_ROF>120</NTASKS_ROF> <NTHRDS_ROF>12</NTHRDS_ROF> <ROOTPE_ROF> 0</ROOTPE_ROF>
<NTASKS_OCN>132</NTASKS_OCN> <NTHRDS_OCN>1</NTHRDS_OCN> <ROOTPE_OCN>1916</ROOTPE_OCN>
<NTASKS_GLC>1</NTASKS_GLC> <NTHRDS_GLC>1</NTHRDS_GLC> <ROOTPE_GLC>$ROOTPE_ATM</ROOTPE_GLC> <NINST_GLC>1</NINST_GLC>
<NTASKS_WAV>1916</NTASKS_WAV> <NTHRDS_WAV>$NTHRDS_ATM</NTHRDS_WAV> <ROOTPE_WAV>$ROOTPE_ATM</ROOTPE_WAV> <NINST_WAV>1</NINST_WAV>
<NTASKS_CPL>1916</NTASKS_CPL> <NTHRDS_CPL>12</NTHRDS_CPL> <ROOTPE_CPL>$ROOTPE_ATM</ROOTPE_CPL>
<PES_LEVEL>1m</PES_LEVEL>
</pes>

<pes GRID="a%ne30np4" PECOUNT="T" MACH="yellowstone|pronghorn">
    <NTASKS_ATM>15</NTASKS_ATM> <NTHRDS_ATM>2</NTHRDS_ATM> <ROOTPE_ATM> 0</ROOTPE_ATM>
    <PES_LEVEL>1r</PES_LEVEL>
</pes>

<pes GRID="a%ne240np4_l%0.23x0.31_oi%gx1">
    <NTASKS_ATM>2560</NTASKS_ATM> <NTHRDS_ATM>1</NTHRDS_ATM> <ROOTPE_ATM>1536</ROOTPE_ATM>
    <NTASKS_LND> 512</NTASKS_LND> <NTHRDS_LND>1</NTHRDS_LND> <ROOTPE_LND> 512</ROOTPE_LND>
    <NTASKS_ICE> 512</NTASKS_ICE> <NTHRDS_ICE>1</NTHRDS_ICE> <ROOTPE_ICE>   0</ROOTPE_ICE>
    <NTASKS_OCN> 512</NTASKS_OCN> <NTHRDS_OCN>1</NTHRDS_OCN> <ROOTPE_OCN>   0</ROOTPE_OCN>
    <NTASKS_CPL> 512</NTASKS_CPL> <NTHRDS_CPL>1</NTHRDS_CPL> <ROOTPE_CPL>1023</ROOTPE_CPL>
    <NTASKS_GLC>2560</NTASKS_GLC> <NTHRDS_GLC>1</NTHRDS_GLC> <ROOTPE_GLC>1536</ROOTPE_GLC>
    <PES_LEVEL>1m</PES_LEVEL>
</pes>

<pes GRID="a%ne240np4_l%0.23x0.31_oi%gx1" MACH="edison|eos">
    <NTASKS_ATM>9600</NTASKS_ATM> <NTHRDS_ATM>4</NTHRDS_ATM> <ROOTPE_ATM>0</ROOTPE_ATM>
    <NTASKS_LND> 960</NTASKS_LND> <NTHRDS_LND>4</NTHRDS_LND> <ROOTPE_LND>0</ROOTPE_LND>
    <NTASKS_ICE> 960</NTASKS_ICE> <NTHRDS_ICE>4</NTHRDS_ICE> <ROOTPE_ICE>960</ROOTPE_ICE>
    <NTASKS_OCN> 960</NTASKS_OCN> <NTHRDS_OCN>4</NTHRDS_OCN> <ROOTPE_OCN>1920</ROOTPE_OCN>
    <NTASKS_CPL> 960</NTASKS_CPL> <NTHRDS_CPL>4</NTHRDS_CPL> <ROOTPE_CPL>3880</ROOTPE_CPL>
    <NTASKS_GLC> 960</NTASKS_GLC> <NTHRDS_GLC>4</NTHRDS_GLC> <ROOTPE_GLC>4840</ROOTPE_GLC>
    <NTASKS_ROF> 960</NTASKS_ROF> <NTHRDS_ROF>4</NTHRDS_ROF> <ROOTPE_ROF>5800</ROOTPE_ROF>
    <PES_LEVEL>1m</PES_LEVEL>
</pes>

<pes GRID="a%ne240np4_l%0.23x0.31_oi%tx0.1v2">
    <NTASKS_ATM>2048</NTASKS_ATM> <NTHRDS_ATM>1</NTHRDS_ATM> <ROOTPE_ATM>   0</ROOTPE_ATM>
    <NTASKS_LND> 112</NTASKS_LND> <NTHRDS_LND>1</NTHRDS_LND> <ROOTPE_LND>2048</ROOTPE_LND>
    <NTASKS_ICE>1800</NTASKS_ICE> <NTHRDS_ICE>1</NTHRDS_ICE> <ROOTPE_ICE>2160</ROOTPE_ICE>
    <NTASKS_CPL>2048</NTASKS_CPL> <NTHRDS_CPL>1</NTHRDS_CPL> <ROOTPE_CPL>   0</ROOTPE_CPL>
    <NTASKS_GLC>2048</NTASKS_GLC> <NTHRDS_GLC>1</NTHRDS_GLC> <ROOTPE_GLC>   0</ROOTPE_GLC>
    <NTASKS_OCN>4028</NTASKS_OCN> <NTHRDS_OCN>1</NTHRDS_OCN> <ROOTPE_OCN>3960</ROOTPE_OCN>
    <PES_LEVEL>1m</PES_LEVEL>
</pes>


<!-- Resolution/machine specific PE layouts -->

<pes GRID="a%T341_l%T341_oi%T341" CCSM_LCOMPSET="CAM.+CLM4.+CICE.+DOCN%DOM" MACH="hopper|titan|stampede|janus">
    <NTASKS_ATM>512</NTASKS_ATM> <NTHRDS_ATM>6</NTHRDS_ATM> <ROOTPE_ATM>0</ROOTPE_ATM>
    <NTASKS_LND>512</NTASKS_LND> <NTHRDS_LND>6</NTHRDS_LND> <ROOTPE_LND>0</ROOTPE_LND>
    <NTASKS_ICE>512</NTASKS_ICE> <NTHRDS_ICE>1</NTHRDS_ICE> <ROOTPE_ICE>0</ROOTPE_ICE>
    <NTASKS_CPL>512</NTASKS_CPL> <NTHRDS_CPL>1</NTHRDS_CPL> <ROOTPE_CPL>0</ROOTPE_CPL>
    <NTASKS_GLC>512</NTASKS_GLC> <NTHRDS_GLC>6</NTHRDS_GLC> <ROOTPE_GLC>0</ROOTPE_GLC>
    <NTASKS_OCN>512</NTASKS_OCN> <NTHRDS_OCN>1</NTHRDS_OCN> <ROOTPE_OCN>0</ROOTPE_OCN>
    <PES_LEVEL>2rm</PES_LEVEL>
</pes>

<pes GRID="a%0.23x0.31_l%0.23x0.31_oi%tx0.1v2" CCSM_LCOMPSET="CAM.+CLM.+CICE.+POP" MACH="hopper|janus" >
    <NTASKS_ATM>2048</NTASKS_ATM> <NTHRDS_ATM>1</NTHRDS_ATM> <ROOTPE_ATM>   0</ROOTPE_ATM>
    <NTASKS_LND> 112</NTASKS_LND> <NTHRDS_LND>1</NTHRDS_LND> <ROOTPE_LND>2048</ROOTPE_LND>
    <NTASKS_ICE>1800</NTASKS_ICE> <NTHRDS_ICE>1</NTHRDS_ICE> <ROOTPE_ICE>2160</ROOTPE_ICE>
    <NTASKS_CPL>1800</NTASKS_CPL> <NTHRDS_CPL>1</NTHRDS_CPL> <ROOTPE_CPL>   0</ROOTPE_CPL>
    <NTASKS_GLC>2048</NTASKS_GLC> <NTHRDS_GLC>1</NTHRDS_GLC> <ROOTPE_GLC>   0</ROOTPE_GLC>
    <NTASKS_OCN>4028</NTASKS_OCN> <NTHRDS_OCN>1</NTHRDS_OCN> <ROOTPE_OCN>3960</ROOTPE_OCN>
    <PES_LEVEL>4rcmp</PES_LEVEL>
</pes>

<!-- WJS (3/28/12): This is based on the PE layout for hopper/kraken/franklin/janus,
     above, but that uses a partial node for the ocean on titan|stampede (which has 16
     pes/node). The layout here uses the closest number of valid ocean PEs, and scales
     other components similarly. -->
<pes GRID="a%0.23x0.31_l%0.23x0.31_oi%tx0.1v2" CCSM_LCOMPSET="CAM.+CLM.+CICE.+POP" MACH="titan|stampede" >
    <NTASKS_ATM>1824</NTASKS_ATM> <NTHRDS_ATM>1</NTHRDS_ATM> <ROOTPE_ATM>   0</ROOTPE_ATM>
    <NTASKS_LND> 112</NTASKS_LND> <NTHRDS_LND>1</NTHRDS_LND> <ROOTPE_LND>1824</ROOTPE_LND>
    <NTASKS_ICE>1600</NTASKS_ICE> <NTHRDS_ICE>1</NTHRDS_ICE> <ROOTPE_ICE>1936</ROOTPE_ICE>
    <NTASKS_CPL>1600</NTASKS_CPL> <NTHRDS_CPL>1</NTHRDS_CPL> <ROOTPE_CPL>   0</ROOTPE_CPL>
    <NTASKS_GLC>1824</NTASKS_GLC> <NTHRDS_GLC>1</NTHRDS_GLC> <ROOTPE_GLC>   0</ROOTPE_GLC>
    <NTASKS_OCN>3600</NTASKS_OCN> <NTHRDS_OCN>1</NTHRDS_OCN> <ROOTPE_OCN>3536</ROOTPE_OCN>
    <PES_LEVEL>4rcmp</PES_LEVEL>
</pes>

<!-- WJS (3/28/12): This PE layout uses a partial node for ice on titan (which has 16
     pes/node); however, I haven't changed the layout because this doesn't seem to be a
     valid resolution, so I can't test any changes -->
<pes GRID="a%T341_l%T341_oi%tx0.1v2" CCSM_LCOMPSET="CAM.+CLM.+CICE.+POP" MACH="hopper|titan|stampede|janus" >
    <NTASKS_ATM>512</NTASKS_ATM> <NTHRDS_ATM>6</NTHRDS_ATM> <ROOTPE_ATM>   0</ROOTPE_ATM>
    <NTASKS_LND>512</NTASKS_LND> <NTHRDS_LND>6</NTHRDS_LND> <ROOTPE_LND>   512</ROOTPE_LND>
    <NTASKS_ICE>1800</NTASKS_ICE> <NTHRDS_ICE>1</NTHRDS_ICE> <ROOTPE_ICE>  512</ROOTPE_ICE>
    <NTASKS_CPL>512</NTASKS_CPL> <NTHRDS_CPL>1</NTHRDS_CPL> <ROOTPE_CPL>   0</ROOTPE_CPL>
    <NTASKS_GLC>512</NTASKS_GLC> <NTHRDS_GLC>6</NTHRDS_GLC> <ROOTPE_GLC>   0</ROOTPE_GLC>
    <NTASKS_OCN>2048</NTASKS_OCN> <NTHRDS_OCN>1</NTHRDS_OCN> <ROOTPE_OCN> 2312</ROOTPE_OCN>
    <PES_LEVEL>4rcmp</PES_LEVEL>
</pes>

<!-- WJS (3/28/12): This PE layout uses a partial node for ice on titan|stampede (which has 16
     pes/node); however, I haven't changed the layout because I am unable to test this
     resolution (the scripts match 0.23x0.31_oi%tx0.1v2 rather than T341_l%0.23x0.31_oi%tx0.1v2) -->
<pes GRID="a%T341_l%0.23x0.31_oi%tx0.1v2" CCSM_LCOMPSET="CAM.+CLM.+CICE.+POP" MACH="hopper|titan|stampede|janus" >
    <NTASKS_ATM>512</NTASKS_ATM> <NTHRDS_ATM>6</NTHRDS_ATM> <ROOTPE_ATM>   0</ROOTPE_ATM>
    <NTASKS_LND>512</NTASKS_LND> <NTHRDS_LND>6</NTHRDS_LND> <ROOTPE_LND>   512</ROOTPE_LND>
    <NTASKS_ICE>1800</NTASKS_ICE> <NTHRDS_ICE>1</NTHRDS_ICE> <ROOTPE_ICE>  512</ROOTPE_ICE>
    <NTASKS_CPL>512</NTASKS_CPL> <NTHRDS_CPL>1</NTHRDS_CPL> <ROOTPE_CPL>   0</ROOTPE_CPL>
    <NTASKS_GLC>512</NTASKS_GLC> <NTHRDS_GLC>6</NTHRDS_GLC> <ROOTPE_GLC>   0</ROOTPE_GLC>
    <NTASKS_OCN>2048</NTASKS_OCN> <NTHRDS_OCN>1</NTHRDS_OCN> <ROOTPE_OCN> 2312</ROOTPE_OCN>
    <PES_LEVEL>4rcmp</PES_LEVEL>
</pes>

<pes GRID="a%ne120np4_l%0.23x0.31_oi%tx0.1v2" CCSM_LCOMPSET="CAM.+CLM.+CICE.+POP"  MACH="hopper|titan|stampede|janus">
    <NTASKS_ATM>1440</NTASKS_ATM> <NTHRDS_ATM>1</NTHRDS_ATM> <ROOTPE_ATM> 0</ROOTPE_ATM>
    <NTASKS_LND>512</NTASKS_LND> <NTHRDS_LND>1</NTHRDS_LND> <ROOTPE_LND> 0</ROOTPE_LND>
    <NTASKS_ICE>512</NTASKS_ICE> <NTHRDS_ICE>1</NTHRDS_ICE> <ROOTPE_ICE> 0</ROOTPE_ICE>
    <NTASKS_CPL>512</NTASKS_CPL> <NTHRDS_CPL>1</NTHRDS_CPL> <ROOTPE_CPL> 0</ROOTPE_CPL>
    <NTASKS_GLC>1440</NTASKS_GLC> <NTHRDS_GLC>1</NTHRDS_GLC> <ROOTPE_GLC> 0</ROOTPE_GLC>
    <NTASKS_OCN>2048</NTASKS_OCN> <NTHRDS_OCN>1</NTHRDS_OCN> <ROOTPE_OCN> 1440</ROOTPE_OCN>
    <PES_LEVEL>3rcm</PES_LEVEL>
</pes>

<pes GRID="a%ne120np4_l%0.9x1.25_oi%gx1v6" CCSM_LCOMPSET="CAM.+CLM4.+CICE.+DOCN%DOM" MACH="hopper|titan|stampede|janus">
    <NTASKS_ATM>3600</NTASKS_ATM> <NTHRDS_ATM>1</NTHRDS_ATM> <ROOTPE_ATM> 0</ROOTPE_ATM>
    <NTASKS_LND>512</NTASKS_LND> <NTHRDS_LND>1</NTHRDS_LND> <ROOTPE_LND> 0</ROOTPE_LND>
    <NTASKS_ICE>512</NTASKS_ICE> <NTHRDS_ICE>1</NTHRDS_ICE> <ROOTPE_ICE> 0</ROOTPE_ICE>
    <NTASKS_CPL>512</NTASKS_CPL> <NTHRDS_CPL>1</NTHRDS_CPL> <ROOTPE_CPL> 0</ROOTPE_CPL>
    <NTASKS_GLC>3600</NTASKS_GLC> <NTHRDS_GLC>1</NTHRDS_GLC> <ROOTPE_GLC> 0</ROOTPE_GLC>
    <NTASKS_OCN>512</NTASKS_OCN> <NTHRDS_OCN>1</NTHRDS_OCN> <ROOTPE_OCN> 0</ROOTPE_OCN>
    <PES_LEVEL>3rcm</PES_LEVEL>
</pes>

<pes GRID="a%ne120np4_l%0.23x0.31_oi%tx0.1v2" CCSM_LCOMPSET="CAM.+CLM4.+CICE.+DOCN%DOM" MACH="hopper|titan|stampede|janus">
    <NTASKS_ATM>14400</NTASKS_ATM> <NTHRDS_ATM>1</NTHRDS_ATM> <ROOTPE_ATM> 0</ROOTPE_ATM>
    <NTASKS_LND>512</NTASKS_LND> <NTHRDS_LND>1</NTHRDS_LND> <ROOTPE_LND> 0</ROOTPE_LND>
    <NTASKS_ICE>512</NTASKS_ICE> <NTHRDS_ICE>1</NTHRDS_ICE> <ROOTPE_ICE> 0</ROOTPE_ICE>
    <NTASKS_CPL>512</NTASKS_CPL> <NTHRDS_CPL>1</NTHRDS_CPL> <ROOTPE_CPL> 0</ROOTPE_CPL>
    <NTASKS_GLC>14400</NTASKS_GLC> <NTHRDS_GLC>1</NTHRDS_GLC> <ROOTPE_GLC> 0</ROOTPE_GLC>
    <NTASKS_OCN>512</NTASKS_OCN> <NTHRDS_OCN>1</NTHRDS_OCN> <ROOTPE_OCN> 0</ROOTPE_OCN>
    <PES_LEVEL>3rcm</PES_LEVEL>
</pes>



<pes GRID="a%ne30np4" MACH="yellowstone|pronghorn" CCSM_LCOMPSET="CAM.+CLM4.+CICE.+DOCN%DOM">
    <NTASKS_ATM>900</NTASKS_ATM> <NTHRDS_ATM>2</NTHRDS_ATM> <ROOTPE_ATM>0</ROOTPE_ATM>
    <NTASKS_LND>900</NTASKS_LND> <NTHRDS_LND>2</NTHRDS_LND> <ROOTPE_LND>0</ROOTPE_LND>
    <NTASKS_ICE>900</NTASKS_ICE> <NTHRDS_ICE>2</NTHRDS_ICE> <ROOTPE_ICE>0</ROOTPE_ICE>
    <NTASKS_CPL>900</NTASKS_CPL> <NTHRDS_CPL>2</NTHRDS_CPL> <ROOTPE_CPL>0</ROOTPE_CPL>
    <NTASKS_OCN>900</NTASKS_OCN> <NTHRDS_OCN>2</NTHRDS_OCN> <ROOTPE_OCN>0</ROOTPE_OCN>
</pes>


<pes GRID="a%0.9x1.25_l%0.9x1.25_oi%gx1" MACH="yellowstone" CCSM_LCOMPSET="DATM.+CLM45.+">
    <NTASKS_ATM>30</NTASKS_ATM> <NTHRDS_ATM>1</NTHRDS_ATM> <ROOTPE_ATM>600</ROOTPE_ATM>
    <NTASKS_LND>600</NTASKS_LND> <NTHRDS_LND>1</NTHRDS_LND> <ROOTPE_LND>0</ROOTPE_LND>
    <NTASKS_ICE>600</NTASKS_ICE> <NTHRDS_ICE>1</NTHRDS_ICE> <ROOTPE_ICE>0</ROOTPE_ICE>
    <NTASKS_CPL>600</NTASKS_CPL> <NTHRDS_CPL>1</NTHRDS_CPL> <ROOTPE_CPL>0</ROOTPE_CPL>
    <NTASKS_OCN>600</NTASKS_OCN> <NTHRDS_OCN>1</NTHRDS_OCN> <ROOTPE_OCN>0</ROOTPE_OCN>
    <NTASKS_GLC>600</NTASKS_GLC> <NTHRDS_GLC>1</NTHRDS_GLC> <ROOTPE_GLC>0</ROOTPE_GLC>
    <NTASKS_WAV>600</NTASKS_WAV> <NTHRDS_WAV>1</NTHRDS_WAV> <ROOTPE_WAV>0</ROOTPE_WAV>
</pes>




<pes OS="BGP">
    <PIO_TYPENAME>pnetcdf</PIO_TYPENAME>
    <PIO_NUMTASKS>-8</PIO_NUMTASKS>
</pes>

<pes OS="BGQ">
    <PIO_NUMTASKS>-1</PIO_NUMTASKS><PIO_STRIDE>-1</PIO_STRIDE> <PIO_TYPENAME>pnetcdf</PIO_TYPENAME> <PIO_ROOT>1</PIO_ROOT>
</pes>

<pes>
    <NTASKS_ROF>$NTASKS_LND</NTASKS_ROF> <NTHRDS_ROF>$NTHRDS_LND</NTHRDS_ROF> <ROOTPE_ROF>$ROOTPE_LND</ROOTPE_ROF>
</pes>




<!-------------------------------------------------------------------------------
  tasks/thread setup - independent of atmosphere grid, dependent on GLC grid
 ------------------------------------------------------------------------------->
 
<pes CCSM_LCOMPSET="DLND.+CISM2P" CISM_GRID="gland5">
    <NTASKS_ATM>192</NTASKS_ATM> <NTHRDS_ATM>1</NTHRDS_ATM> <ROOTPE_ATM>0</ROOTPE_ATM>
    <NTASKS_LND>192</NTASKS_LND> <NTHRDS_LND>1</NTHRDS_LND> <ROOTPE_LND>0</ROOTPE_LND>
    <NTASKS_ICE>192</NTASKS_ICE> <NTHRDS_ICE>1</NTHRDS_ICE> <ROOTPE_ICE>0</ROOTPE_ICE>
    <NTASKS_OCN>192</NTASKS_OCN> <NTHRDS_OCN>1</NTHRDS_OCN> <ROOTPE_OCN>0</ROOTPE_OCN>
    <NTASKS_CPL>192</NTASKS_CPL> <NTHRDS_CPL>1</NTHRDS_CPL> <ROOTPE_CPL>0</ROOTPE_CPL>
    <NTASKS_GLC>192</NTASKS_GLC> <NTHRDS_GLC>1</NTHRDS_GLC> <ROOTPE_GLC>0</ROOTPE_GLC>
</pes>

<pes CCSM_LCOMPSET="DLND.+_CISM2P" CISM_GRID="gland5" MACH="yellowstone|pronghorn">
    <NTASKS_ATM>180</NTASKS_ATM> <NTHRDS_ATM>1</NTHRDS_ATM> <ROOTPE_ATM>0</ROOTPE_ATM>
    <NTASKS_LND>180</NTASKS_LND> <NTHRDS_LND>1</NTHRDS_LND> <ROOTPE_LND>0</ROOTPE_LND>
    <NTASKS_ICE>180</NTASKS_ICE> <NTHRDS_ICE>1</NTHRDS_ICE> <ROOTPE_ICE>0</ROOTPE_ICE>
    <NTASKS_OCN>180</NTASKS_OCN> <NTHRDS_OCN>1</NTHRDS_OCN> <ROOTPE_OCN>0</ROOTPE_OCN>
    <NTASKS_CPL>180</NTASKS_CPL> <NTHRDS_CPL>1</NTHRDS_CPL> <ROOTPE_CPL>0</ROOTPE_CPL>
    <NTASKS_GLC>180</NTASKS_GLC> <NTHRDS_GLC>1</NTHRDS_GLC> <ROOTPE_GLC>0</ROOTPE_GLC>
</pes>

<pes CCSM_LCOMPSET="DLND.+_CISM2P" CISM_GRID="gland10">
    <NTASKS_ATM>96</NTASKS_ATM> <NTHRDS_ATM>1</NTHRDS_ATM> <ROOTPE_ATM>0</ROOTPE_ATM>
    <NTASKS_LND>96</NTASKS_LND> <NTHRDS_LND>1</NTHRDS_LND> <ROOTPE_LND>0</ROOTPE_LND>
    <NTASKS_ICE>96</NTASKS_ICE> <NTHRDS_ICE>1</NTHRDS_ICE> <ROOTPE_ICE>0</ROOTPE_ICE>
    <NTASKS_OCN>96</NTASKS_OCN> <NTHRDS_OCN>1</NTHRDS_OCN> <ROOTPE_OCN>0</ROOTPE_OCN>
    <NTASKS_CPL>96</NTASKS_CPL> <NTHRDS_CPL>1</NTHRDS_CPL> <ROOTPE_CPL>0</ROOTPE_CPL>
    <NTASKS_GLC>96</NTASKS_GLC> <NTHRDS_GLC>1</NTHRDS_GLC> <ROOTPE_GLC>0</ROOTPE_GLC>
</pes>

<pes CCSM_LCOMPSET="DLND.+_CISM2P" CISM_GRID="gland10" MACH="yellowstone|pronghorn">
    <NTASKS_ATM>90</NTASKS_ATM> <NTHRDS_ATM>1</NTHRDS_ATM> <ROOTPE_ATM>0</ROOTPE_ATM>
    <NTASKS_LND>90</NTASKS_LND> <NTHRDS_LND>1</NTHRDS_LND> <ROOTPE_LND>0</ROOTPE_LND>
    <NTASKS_ICE>90</NTASKS_ICE> <NTHRDS_ICE>1</NTHRDS_ICE> <ROOTPE_ICE>0</ROOTPE_ICE>
    <NTASKS_OCN>90</NTASKS_OCN> <NTHRDS_OCN>1</NTHRDS_OCN> <ROOTPE_OCN>0</ROOTPE_OCN>
    <NTASKS_CPL>90</NTASKS_CPL> <NTHRDS_CPL>1</NTHRDS_CPL> <ROOTPE_CPL>0</ROOTPE_CPL>
    <NTASKS_GLC>90</NTASKS_GLC> <NTHRDS_GLC>1</NTHRDS_GLC> <ROOTPE_GLC>0</ROOTPE_GLC>
</pes>

<pes CCSM_LCOMPSET="DLND.+_CISM2P" CISM_GRID="gland20">
    <NTASKS_ATM>32</NTASKS_ATM> <NTHRDS_ATM>1</NTHRDS_ATM> <ROOTPE_ATM>0</ROOTPE_ATM>
    <NTASKS_LND>32</NTASKS_LND> <NTHRDS_LND>1</NTHRDS_LND> <ROOTPE_LND>0</ROOTPE_LND>
    <NTASKS_ICE>32</NTASKS_ICE> <NTHRDS_ICE>1</NTHRDS_ICE> <ROOTPE_ICE>0</ROOTPE_ICE>
    <NTASKS_OCN>32</NTASKS_OCN> <NTHRDS_OCN>1</NTHRDS_OCN> <ROOTPE_OCN>0</ROOTPE_OCN>
    <NTASKS_CPL>32</NTASKS_CPL> <NTHRDS_CPL>1</NTHRDS_CPL> <ROOTPE_CPL>0</ROOTPE_CPL>
    <NTASKS_GLC>32</NTASKS_GLC> <NTHRDS_GLC>1</NTHRDS_GLC> <ROOTPE_GLC>0</ROOTPE_GLC>
</pes>

<pes CCSM_LCOMPSET="DLND.+_CISM2P" CISM_GRID="gland20" MACH="yellowstone|pronghorn">
    <NTASKS_ATM>30</NTASKS_ATM> <NTHRDS_ATM>1</NTHRDS_ATM> <ROOTPE_ATM>0</ROOTPE_ATM>
    <NTASKS_LND>30</NTASKS_LND> <NTHRDS_LND>1</NTHRDS_LND> <ROOTPE_LND>0</ROOTPE_LND>
    <NTASKS_ICE>30</NTASKS_ICE> <NTHRDS_ICE>1</NTHRDS_ICE> <ROOTPE_ICE>0</ROOTPE_ICE>
    <NTASKS_OCN>30</NTASKS_OCN> <NTHRDS_OCN>1</NTHRDS_OCN> <ROOTPE_OCN>0</ROOTPE_OCN>
    <NTASKS_CPL>30</NTASKS_CPL> <NTHRDS_CPL>1</NTHRDS_CPL> <ROOTPE_CPL>0</ROOTPE_CPL>
    <NTASKS_GLC>30</NTASKS_GLC> <NTHRDS_GLC>1</NTHRDS_GLC> <ROOTPE_GLC>0</ROOTPE_GLC>
</pes>


<!-------------------------------------------------------------------------------
  tasks/thread setup - final overrides
 ------------------------------------------------------------------------------->

<!-- TG compset... this needs to be near the end of config_pes.xml so
     that it overrides settings based on (e.g.) resolution -->
<pes CCSM_LCOMPSET="DLND.+CISM1|DLND.+CISM2S">
    <NTASKS_ATM>1</NTASKS_ATM> <NTHRDS_ATM>1</NTHRDS_ATM> <ROOTPE_ATM>0</ROOTPE_ATM>
    <NTASKS_LND>1</NTASKS_LND> <NTHRDS_LND>1</NTHRDS_LND> <ROOTPE_LND>0</ROOTPE_LND>
    <NTASKS_ICE>1</NTASKS_ICE> <NTHRDS_ICE>1</NTHRDS_ICE> <ROOTPE_ICE>0</ROOTPE_ICE>
    <NTASKS_OCN>1</NTASKS_OCN> <NTHRDS_OCN>1</NTHRDS_OCN> <ROOTPE_OCN>0</ROOTPE_OCN>
    <NTASKS_CPL>1</NTASKS_CPL> <NTHRDS_CPL>1</NTHRDS_CPL> <ROOTPE_CPL>0</ROOTPE_CPL>
    <NTASKS_GLC>1</NTASKS_GLC> <NTHRDS_GLC>1</NTHRDS_GLC> <ROOTPE_GLC>0</ROOTPE_GLC>
    <PES_LEVEL>1c</PES_LEVEL>
</pes>

<pes CCSM_LCOMPSET="_CISM1|_CISM2S" >
    <NTASKS_GLC>1</NTASKS_GLC>  <ROOTPE_GLC>$ROOTPE_CPL</ROOTPE_GLC>
</pes>

<!-- Threading is broken for CLUBB.  Only use 1 thread with CLUBB
     compsets.  -->
<pes CCSM_LCOMPSET="CLB">
    <NTHRDS_ATM>1</NTHRDS_ATM>
    <NTHRDS_LND>1</NTHRDS_LND>
    <NTHRDS_ROF>1</NTHRDS_ROF>
    <NTHRDS_ICE>1</NTHRDS_ICE>
    <NTHRDS_OCN>1</NTHRDS_OCN>
    <NTHRDS_CPL>1</NTHRDS_CPL>
    <NTHRDS_GLC>1</NTHRDS_GLC>
</pes>

<!-- Moby is not thread-safe, so using the "darwin" ocean tracer module
     option requires using a single ocean thread -->
<pes CCSM_LCOMPSET="POP2%DAR">
    <NTHRDS_OCN>1</NTHRDS_OCN>
</pes>

<!-- Threading I compsets generally leads to worse performance, so
     force a single thread for I compsets -->
<pes CCSM_LCOMPSET="DATM.+CLM">
    <NTHRDS_ATM>1</NTHRDS_ATM>
    <NTHRDS_LND>1</NTHRDS_LND>
    <NTHRDS_ROF>1</NTHRDS_ROF>
    <NTHRDS_ICE>1</NTHRDS_ICE>
    <NTHRDS_OCN>1</NTHRDS_OCN>
    <NTHRDS_CPL>1</NTHRDS_CPL>
    <NTHRDS_GLC>1</NTHRDS_GLC>
</pes>


<!--- fully concurrent for testing --->
<pes PECOUNT="FC" >
    <NTASKS_ATM>8</NTASKS_ATM> <NTHRDS_ATM>1</NTHRDS_ATM> <ROOTPE_ATM> 8</ROOTPE_ATM>
    <NTASKS_LND>2</NTASKS_LND> <NTHRDS_LND>1</NTHRDS_LND> <ROOTPE_LND> 0</ROOTPE_LND>
    <NTASKS_ROF>2</NTASKS_ROF> <NTHRDS_ROF>1</NTHRDS_ROF> <ROOTPE_ROF> 2</ROOTPE_ROF>
    <NTASKS_ICE>4</NTASKS_ICE> <NTHRDS_ICE>1</NTHRDS_ICE> <ROOTPE_ICE> 4</ROOTPE_ICE>
    <NTASKS_OCN>8</NTASKS_OCN> <NTHRDS_OCN>1</NTHRDS_OCN> <ROOTPE_OCN>24</ROOTPE_OCN>
    <NTASKS_GLC>4</NTASKS_GLC> <NTHRDS_GLC>1</NTHRDS_GLC> <ROOTPE_GLC>20</ROOTPE_GLC>
    <NTASKS_CPL>4</NTASKS_CPL> <NTHRDS_CPL>1</NTHRDS_CPL> <ROOTPE_CPL>16</ROOTPE_CPL>
    <PES_LEVEL>1p</PES_LEVEL>
</pes>

<pes PECOUNT="FC" MACH="edison" >
    <NTASKS_ATM>8</NTASKS_ATM> <NTHRDS_ATM>1</NTHRDS_ATM> <ROOTPE_ATM> 8</ROOTPE_ATM>
    <NTASKS_LND>4</NTASKS_LND> <NTHRDS_LND>1</NTHRDS_LND> <ROOTPE_LND> 0</ROOTPE_LND>
    <NTASKS_ROF>4</NTASKS_ROF> <NTHRDS_ROF>1</NTHRDS_ROF> <ROOTPE_ROF>12 </ROOTPE_ROF>
    <NTASKS_ICE>8</NTASKS_ICE> <NTHRDS_ICE>1</NTHRDS_ICE> <ROOTPE_ICE>16</ROOTPE_ICE>
    <NTASKS_OCN>8</NTASKS_OCN> <NTHRDS_OCN>1</NTHRDS_OCN> <ROOTPE_OCN>24</ROOTPE_OCN>
    <NTASKS_GLC>4</NTASKS_GLC> <NTHRDS_GLC>1</NTHRDS_GLC> <ROOTPE_GLC>32</ROOTPE_GLC>
    <NTASKS_CPL>8</NTASKS_CPL> <NTHRDS_CPL>1</NTHRDS_CPL> <ROOTPE_CPL>36</ROOTPE_CPL>
    <NTASKS_WAV>4</NTASKS_WAV> <NTHRDS_WAV>1</NTHRDS_WAV> <ROOTPE_WAV>44</ROOTPE_WAV>
    <PES_LEVEL>1p</PES_LEVEL>
</pes>

<pes PECOUNT="FC" MACH="eos" >
    <NTASKS_ATM>4</NTASKS_ATM> <NTHRDS_ATM>1</NTHRDS_ATM> <ROOTPE_ATM> 4</ROOTPE_ATM>
    <NTASKS_LND>4</NTASKS_LND> <NTHRDS_LND>1</NTHRDS_LND> <ROOTPE_LND> 0</ROOTPE_LND>
    <NTASKS_ROF>4</NTASKS_ROF> <NTHRDS_ROF>1</NTHRDS_ROF> <ROOTPE_ROF> 8 </ROOTPE_ROF>
    <NTASKS_ICE>4</NTASKS_ICE> <NTHRDS_ICE>1</NTHRDS_ICE> <ROOTPE_ICE>12</ROOTPE_ICE>
    <NTASKS_OCN>4</NTASKS_OCN> <NTHRDS_OCN>1</NTHRDS_OCN> <ROOTPE_OCN>16</ROOTPE_OCN>
    <NTASKS_GLC>4</NTASKS_GLC> <NTHRDS_GLC>1</NTHRDS_GLC> <ROOTPE_GLC>20</ROOTPE_GLC>
    <NTASKS_CPL>4</NTASKS_CPL> <NTHRDS_CPL>1</NTHRDS_CPL> <ROOTPE_CPL>24</ROOTPE_CPL>
    <NTASKS_WAV>4</NTASKS_WAV> <NTHRDS_WAV>1</NTHRDS_WAV> <ROOTPE_WAV>28</ROOTPE_WAV>
    <PES_LEVEL>1p</PES_LEVEL>
</pes>

<!--- fully concurrent for testing --->
<pes PECOUNT="FC" MACH="yellowstone|pronghorn">
    <NTASKS_ATM>15</NTASKS_ATM> <NTHRDS_ATM>1</NTHRDS_ATM> <ROOTPE_ATM> 15</ROOTPE_ATM>
    <NTASKS_LND>2 </NTASKS_LND> <NTHRDS_LND>1</NTHRDS_LND> <ROOTPE_LND> 0</ROOTPE_LND>
    <NTASKS_ROF>2 </NTASKS_ROF> <NTHRDS_ROF>1</NTHRDS_ROF> <ROOTPE_ROF> 2</ROOTPE_ROF>
    <NTASKS_ICE>4</NTASKS_ICE> <NTHRDS_ICE>1</NTHRDS_ICE> <ROOTPE_ICE> 4</ROOTPE_ICE>
    <NTASKS_OCN>8</NTASKS_OCN> <NTHRDS_OCN>1</NTHRDS_OCN> <ROOTPE_OCN>30</ROOTPE_OCN>
    <NTASKS_GLC>7</NTASKS_GLC> <NTHRDS_GLC>1</NTHRDS_GLC> <ROOTPE_GLC>8</ROOTPE_GLC>
    <NTASKS_CPL>7</NTASKS_CPL> <NTHRDS_CPL>1</NTHRDS_CPL> <ROOTPE_CPL>38</ROOTPE_CPL>
    <PES_LEVEL>1p</PES_LEVEL>
</pes>


<!-- -----------------------------------------------------------------------------
  tasks/thread setup - GRID independent, compset dependent
 ----------------------------------------------------------------------------- -->

<pes CCSM_LCOMPSET="XATM">
    <NTASKS_ATM>16</NTASKS_ATM> <NTHRDS_ATM>1</NTHRDS_ATM> <ROOTPE_ATM>0</ROOTPE_ATM>
    <PES_LEVEL>1c</PES_LEVEL>
</pes>

<pes CCSM_LCOMPSET="XATM" PECOUNT="T">
    <NTASKS_ATM>4</NTASKS_ATM> <NTHRDS_ATM>4</NTHRDS_ATM> <ROOTPE_ATM>0</ROOTPE_ATM>
    <PES_LEVEL>1c</PES_LEVEL>
</pes>

<pes CCSM_LCOMPSET="SATM">
    <NTASKS_ATM>8</NTASKS_ATM> <NTHRDS_ATM>1</NTHRDS_ATM> <ROOTPE_ATM>0</ROOTPE_ATM>
    <PES_LEVEL>1c</PES_LEVEL>
</pes>

<pes CCSM_LCOMPSET="SATM" PECOUNT="T">
    <NTASKS_ATM>2</NTASKS_ATM> <NTHRDS_ATM>4</NTHRDS_ATM> <ROOTPE_ATM>0</ROOTPE_ATM>
    <PES_LEVEL>1c</PES_LEVEL>
</pes>

<pes CCSM_LCOMPSET="DATM.+DLND.+DICE.+DOCN%DOM.+DROF" PECOUNT="T">
    <NTASKS_ATM>2</NTASKS_ATM> <NTHRDS_ATM>4</NTHRDS_ATM> <ROOTPE_ATM>0</ROOTPE_ATM>
    <PES_LEVEL>2cp</PES_LEVEL>
</pes>


<pes CCSM_LCOMPSET="DATM.+DLND.+DICE.+DOCN%DOM.+DROF" MACH="hopper|janus" PECOUNT="T">
    <NTASKS_ATM>6</NTASKS_ATM> <NTHRDS_ATM>4</NTHRDS_ATM> <ROOTPE_ATM>0</ROOTPE_ATM>
    <PES_LEVEL>2cmp</PES_LEVEL>
</pes>

<pes CCSM_LCOMPSET="DATM.+DLND.+DICE.+DOCN%DOM.+DROF" MACH="titan|stampede" PECOUNT="T">
    <NTASKS_ATM>8</NTASKS_ATM> <NTHRDS_ATM>4</NTHRDS_ATM> <ROOTPE_ATM>0</ROOTPE_ATM>
    <PES_LEVEL>2cmp</PES_LEVEL>
</pes>

<pes CCSM_LCOMPSET="DATM.+DLND.+DICE.+DOCN%DOM.+DROF" >
    <NTASKS_ATM>$MAX_TASKS_PER_NODE</NTASKS_ATM> <NTHRDS_ATM>1</NTHRDS_ATM> <ROOTPE_ATM>0</ROOTPE_ATM>
    <PES_LEVEL>2cmp</PES_LEVEL>
</pes>

<pes CCSM_LCOMPSET="DATM.+DLND.+DICE.+DOCN%DOM.+DROF" PECOUNT="T">
    <NTASKS_ATM>$MAX_TASKS_PER_NODE</NTASKS_ATM> <NTHRDS_ATM>4</NTHRDS_ATM> <ROOTPE_ATM>0</ROOTPE_ATM>
    <PES_LEVEL>2cmp</PES_LEVEL>
</pes>

<pes CCSM_LCOMPSET="XATM|DATM.+CLM" >
    <NTASKS_ATM>$MAX_TASKS_PER_NODE</NTASKS_ATM> <NTHRDS_ATM>1</NTHRDS_ATM> <ROOTPE_ATM>0</ROOTPE_ATM>
    <PES_LEVEL>2cm</PES_LEVEL>
</pes>

<!-- -----------------------------------------------------------------------------
  tasks/thread setup - special case - GRID for CLM single-point regional grids
  These ONLY can be used for I compsets CCSM_LCOMPSET=DATM.+CLM
 ----------------------------------------------------------------------------- -->

<pes GRID="a%CLM_USRDAT" >
    <NTASKS_ATM>1</NTASKS_ATM> <NTHRDS_ATM>1</NTHRDS_ATM> <ROOTPE_ATM>0</ROOTPE_ATM>
    <PES_LEVEL>1r</PES_LEVEL>
</pes>

<pes GRID="a%1x1_" >
    <NTASKS_ATM>1</NTASKS_ATM> <NTHRDS_ATM>1</NTHRDS_ATM> <ROOTPE_ATM>0</ROOTPE_ATM>
    <NTASKS_LND>1</NTASKS_LND> <NTHRDS_LND>1</NTHRDS_LND> <ROOTPE_LND>0</ROOTPE_LND>
    <NTASKS_ROF>1</NTASKS_ROF> <NTHRDS_ROF>1</NTHRDS_ROF> <ROOTPE_ROF>0</ROOTPE_ROF>
    <NTASKS_ICE>1</NTASKS_ICE> <NTHRDS_ICE>1</NTHRDS_ICE> <ROOTPE_ICE>0</ROOTPE_ICE>
    <NTASKS_OCN>1</NTASKS_OCN> <NTHRDS_OCN>1</NTHRDS_OCN> <ROOTPE_OCN>0</ROOTPE_OCN>
    <NTASKS_CPL>1</NTASKS_CPL> <NTHRDS_CPL>1</NTHRDS_CPL> <ROOTPE_CPL>0</ROOTPE_CPL>
    <NTASKS_GLC>1</NTASKS_GLC> <NTHRDS_GLC>1</NTHRDS_GLC> <ROOTPE_GLC>0</ROOTPE_GLC>
    <NTASKS_WAV>1</NTASKS_WAV> <NTHRDS_WAV>1</NTHRDS_WAV> <ROOTPE_WAV>0</ROOTPE_WAV>
    <PES_LEVEL>1r</PES_LEVEL>
</pes>

<pes GRID="a%5x5_" >
    <NTASKS_ATM>5</NTASKS_ATM> <NTHRDS_ATM>1</NTHRDS_ATM> <ROOTPE_ATM>0</ROOTPE_ATM>
    <PES_LEVEL>1r</PES_LEVEL>
</pes>

</pesinfo>
