<?xml version="1.0"?>

<config_machines>

<!--  

 ===============================================================
 COMPILER and COMPILERS 
 ===============================================================
 If a machine supports multiple compilers - then 
  - the settings for COMPILERS should reflect the supported compilers
    as a comma separated string
  - the setting for COMPILER should be the default compiler 
    (which is one of the values in COMPILERS)
   
 ===============================================================
 MPILIB and MPILIBS
 ===============================================================
 If a machine supports only one MPILIB is supported - then 
 the setting for  MPILIB and MPILIBS should be blank ("")   
 If a machine supports multiple mpi libraries (e.g. mpich and openmpi)
  - the settings for MPILIBS should reflect the supported mpi libraries
    as a comma separated string

 The default settings for COMPILERS and MPILIBS is blank (in config_machines.xml)  

 Normally variable substitutions are not made until the case scripts are run, however variables
 of the form $ENV{VARIABLE_NAME} are substituted in create_newcase from the environment 
 variable of the same name if it exists.

 NOTE: The variable CESMSCRATCHROOT must be fully resolved before a case is built so cannot 
            contain other variables defined in cesm.

-->
<machine MACH="userdefined">
        <DESC>User Defined Machine</DESC>                                 <!-- can be anything -->
        <OS>USERDEFINED_required_macros</OS>                              <!-- LINUX,Darwin,CNL,AIX,BGL,BGP -->
        <COMPILERS>intel,ibm,pgi,pathscale,gnu,cray,lahey</COMPILERS>     <!-- intel,ibm,pgi,pathscale,gnu,cray,lahey -->
        <MPILIBS>openmpi,mpich,mpt,mpt,ibm,mpi-serial</MPILIBS>                <!-- openmpi, mpich, ibm, mpi-serial -->
        <CESMSCRATCHROOT>USERDEFINED_required_build</CESMSCRATCHROOT>                     <!-- complete path to the 'scratch' directory -->
        <RUNDIR>USERDEFINED_required_build</RUNDIR>                       <!-- complete path to the run directory -->
        <EXEROOT>USERDEFINED_required_build</EXEROOT>                     <!-- complete path to the build directory -->
        <DIN_LOC_ROOT>USERDEFINED_required_build</DIN_LOC_ROOT>           <!-- complete path to the inputdata directory -->
        <DIN_LOC_ROOT_CLMFORC>USERDEFINED_optional_build</DIN_LOC_ROOT_CLMFORC> <!-- path to the optional forcing data for CLM (for CRUNCEP forcing) -->
        <DOUT_S>FALSE</DOUT_S>                                            <!-- logical for short term archiving -->
        <DOUT_S_ROOT>USERDEFINED_optional_run</DOUT_S_ROOT>               <!-- complete path to a short term archiving directory -->
        <DOUT_L_MSROOT>USERDEFINED_optional_run</DOUT_L_MSROOT>           <!-- complete path to a long term archiving directory -->
        <CCSM_BASELINE>USERDEFINED_optional_run</CCSM_BASELINE>           <!-- where the cesm testing scripts write and read baseline results -->
        <CCSM_CPRNC>USERDEFINED_optional_test</CCSM_CPRNC>                <!-- path to the cprnc tool used to compare netcdf history files in testing -->
        <BATCHQUERY>USERDEFINED_optional_run</BATCHQUERY> 
        <BATCHSUBMIT>USERDEFINED_optional_run</BATCHSUBMIT>
        <SUPPORTED_BY>USERDEFINED_optional</SUPPORTED_BY>                 
        <GMAKE_J>1</GMAKE_J>
        <MAX_TASKS_PER_NODE>USERDEFINED_required_build</MAX_TASKS_PER_NODE>
</machine>

<machine MACH="bluewaters">
         <DESC>ORNL XE6, os is CNL, 32 pes/node, batch system is PBS</DESC>
	 <COMPILERS>pgi,cray,gnu</COMPILERS>
	 <MPILIBS>mpich,mpi-serial</MPILIBS>
         <CESMSCRATCHROOT>/scratch/sciteam/$USER</CESMSCRATCHROOT>
         <RUNDIR>/scratch/sciteam/$CCSMUSER/$CASE/run</RUNDIR>
         <EXEROOT>/scratch/sciteam/$CCSMUSER/$CASE/bld</EXEROOT>
         <DIN_LOC_ROOT>/projects/sciteam/jng/cesm/inputdata</DIN_LOC_ROOT>
         <DIN_LOC_ROOT_CLMFORC>/projects/sciteam/jng/cesm/inputdata/atm/datm7</DIN_LOC_ROOT_CLMFORC>
         <DOUT_S_ROOT>/scratch/sciteam/$CCSMUSER/archive/$CASE</DOUT_S_ROOT>
         <DOUT_L_MSROOT>csm/$CASE</DOUT_L_MSROOT>
         <CCSM_BASELINE>/projects/sciteam/jng/cesm/ccsm_baselines</CCSM_BASELINE>
         <CCSM_CPRNC>/projects/sciteam/jng/cesm/tools/ccsm_cprnc/cprnc</CCSM_CPRNC>
         <OS>CNL</OS>
         <BATCHQUERY>qstat -f</BATCHQUERY>
         <BATCHSUBMIT>qsub</BATCHSUBMIT>
         <SUPPORTED_BY>jedwards -at- ucar.edu</SUPPORTED_BY>
         <GMAKE_J> 8</GMAKE_J>
         <MAX_TASKS_PER_NODE>32</MAX_TASKS_PER_NODE>
</machine>

<machine MACH="brutus">
         <DESC>Brutus Linux Cluster ETH (pgi(9.0-1)/intel(10.1.018) with openi(1.4.1)/mvapich2(1.4rc2), 16 pes/node, batch system LSF, added by UB</DESC>
	 <COMPILERS>pgi,intel</COMPILERS>
	 <MPILIBS>openmpi,mpich,mpi-serial</MPILIBS>
         <OS>LINUX</OS>
         <RUNDIR>/cluster/work/uwis/$CCSMUSER/$CASE/run</RUNDIR>
         <EXEROOT>/cluster/work/uwis/$CCSMUSER/$CASE/bld</EXEROOT>
         <CESMSCRATCHROOT>/cluster/work/uwis/$USER</CESMSCRATCHROOT>
         <DIN_LOC_ROOT>/cluster/work/uwis/ccsm/inputdata</DIN_LOC_ROOT>
         <DIN_LOC_ROOT_CLMFORC>/cluster/work/uwis/ccsm/inputdata/atm/datm7</DIN_LOC_ROOT_CLMFORC>
         <DOUT_S_ROOT>/cluster/work/uwis/$CCSMUSER/archive/$CASE</DOUT_S_ROOT>
         <DOUT_L_MSROOT>/`echo $CCSMUSER | tr '[a-z]' '[A-Z]'`/csm/$CASE</DOUT_L_MSROOT>
         <CCSM_BASELINE>/cluster/work/uwis/ccsm/ccsm_baselines</CCSM_BASELINE>
         <CCSM_CPRNC>/cluster/work/uwis/ccsm/tools/cprnc/cprnc</CCSM_CPRNC>
         <BATCHQUERY>bjobs -w</BATCHQUERY>
         <BATCHSUBMIT>bsub &lt;</BATCHSUBMIT>
         <SUPPORTED_BY>tcraig -at- ucar.edu</SUPPORTED_BY>
         <GMAKE_J>1</GMAKE_J>
         <MAX_TASKS_PER_NODE>16</MAX_TASKS_PER_NODE>
</machine>

<machine MACH="eastwind">
         <DESC>PNL IBM Xeon cluster, os is Linux (pgi), batch system is SLURM</DESC>
         <OS>LINUX</OS>
	 <COMPILERS>pgi</COMPILERS>
	 <MPILIBS>mpich</MPILIBS>
         <RUNDIR>/lustre/$CCSMUSER/$CASE/run</RUNDIR>
         <EXEROOT>/lustre/$CCSMUSER/$CASE/bld</EXEROOT>
         <CESMSCRATCHROOT>/lustre/$USER</CESMSCRATCHROOT>
         <DIN_LOC_ROOT>/lustre/tcraig/IRESM/inputdata</DIN_LOC_ROOT>
         <DIN_LOC_ROOT_CLMFORC>/lustre/tcraig/IRESM/inputdata/atm/datm7</DIN_LOC_ROOT_CLMFORC>
         <DOUT_S_ROOT>/lustre/$CCSMUSER/archive/$CASE</DOUT_S_ROOT>
         <DOUT_L_MSROOT>UNSET</DOUT_L_MSROOT>
         <CCSM_BASELINE>/lustre/tcraig/IRESM/ccsm_baselines</CCSM_BASELINE>
         <CCSM_CPRNC>/lustre/tcraig/IRESM/tools/cprnc/cprnc</CCSM_CPRNC>
         <BATCHQUERY>squeue</BATCHQUERY>
         <BATCHSUBMIT>sbatch</BATCHSUBMIT>
         <SUPPORTED_BY>tcraig -at- ucar.edu</SUPPORTED_BY>
         <GMAKE_J>8</GMAKE_J>
         <MAX_TASKS_PER_NODE>12</MAX_TASKS_PER_NODE>
</machine>

<machine MACH="edison">
         <DESC>NERSC XC30, os is CNL, 24 pes/node, batch system is PBS</DESC>
	 <COMPILERS>intel,gnu,cray</COMPILERS>
	 <MPILIBS>mpt,mpi-serial</MPILIBS>
         <RUNDIR>$SCRATCH/$CASE/run</RUNDIR>
         <EXEROOT>$SCRATCH/$CASE/bld</EXEROOT>
         <CESMSCRATCHROOT>$SCRATCH</CESMSCRATCHROOT>
         <DIN_LOC_ROOT>/project/projectdirs/ccsm1/inputdata</DIN_LOC_ROOT>
         <DIN_LOC_ROOT_CLMFORC>/project/projectdirs/ccsm1/inputdata/atm/datm7</DIN_LOC_ROOT_CLMFORC>
         <DOUT_S_ROOT>$SCRATCH/archive/$CASE</DOUT_S_ROOT>
         <DOUT_L_MSROOT>csm/$CASE</DOUT_L_MSROOT>
         <CCSM_BASELINE>/project/projectdirs/ccsm1/ccsm_baselines</CCSM_BASELINE>
         <CCSM_CPRNC>/project/projectdirs/ccsm1/tools/cprnc.edison/cprnc</CCSM_CPRNC>
         <OS>CNL</OS>
         <BATCHQUERY>qstat -f</BATCHQUERY>
         <BATCHSUBMIT>qsub</BATCHSUBMIT>
         <SUPPORTED_BY>cseg</SUPPORTED_BY>
         <GMAKE_J>8</GMAKE_J>
         <MAX_TASKS_PER_NODE>48</MAX_TASKS_PER_NODE>
	 <PES_PER_NODE>24</PES_PER_NODE>
</machine>


<machine MACH="erebus">
         <DESC>NCAR IBM , os is Linux, 16 pes/node, batch system is LSF</DESC>
         <OS>LINUX</OS>
	 <COMPILERS>intel,pgi,gnu,pathscale</COMPILERS>
	 <MPILIBS>ibm,mpi-serial</MPILIBS>
         <RUNDIR>/ampstmp/$CCSMUSER/$CASE/run</RUNDIR>
         <EXEROOT>/ampstmp/$CCSMUSER/$CASE/bld</EXEROOT>
         <CESMSCRATCHROOT>/ampstmp/$USER</CESMSCRATCHROOT>
         <DIN_LOC_ROOT>$ENV{CESMDATAROOT}/inputdata</DIN_LOC_ROOT>
         <DIN_LOC_ROOT_CLMFORC>$ENV{CESMDATAROOT}/tss</DIN_LOC_ROOT_CLMFORC>
         <DOUT_S_ROOT>/ampstmp/$CCSMUSER/archive/$CASE</DOUT_S_ROOT>
         <DOUT_L_MSROOT>csm/$CASE</DOUT_L_MSROOT>
         <CCSM_BASELINE>$ENV{CESMDATAROOT}/ccsm_baselines</CCSM_BASELINE>
         <CCSM_CPRNC>$ENV{CESMDATAROOT}/tools/cprnc/cprnc</CCSM_CPRNC>
         <BATCHQUERY>bjobs -w</BATCHQUERY>
         <BATCHSUBMIT>bsub &lt;</BATCHSUBMIT>
         <SUPPORTED_BY>jedwards -at- ucar.edu</SUPPORTED_BY>
         <GMAKE_J>16</GMAKE_J>
         <MAX_TASKS_PER_NODE>32</MAX_TASKS_PER_NODE>
         <PES_PER_NODE>16</PES_PER_NODE>
</machine>

<machine MACH="evergreen">
         <DESC>UMD cluster</DESC>
         <OS>LINUX</OS>
	 <COMPILERS>intel</COMPILERS>
	 <MPILIBS>openmpi</MPILIBS>
         <RUNDIR>/lustre/data/$CCSMUSER/$CASE/run</RUNDIR>
         <EXEROOT>/lustre/data/$CCSMUSER/$CASE/bld</EXEROOT>
         <CESMSCRATCHROOT>/lustre/data/$USER</CESMSCRATCHROOT>
         <DIN_LOC_ROOT>/data/eg_nfs/tcraig/IRESM/inputdata</DIN_LOC_ROOT>
         <DIN_LOC_ROOT_CLMFORC>/data/eg_nfs/tcraig/IRESM/inputdata/atm/datm7</DIN_LOC_ROOT_CLMFORC>
         <DOUT_S_ROOT>/lustre/data/$CCSMUSER/archive/$CASE</DOUT_S_ROOT>
         <DOUT_L_MSROOT>UNSET</DOUT_L_MSROOT>
         <CCSM_BASELINE>/data/eg_nfs/tcraig/IRESM/ccsm_baselines</CCSM_BASELINE>
         <CCSM_CPRNC>/data/eg_nfs/tcraig/IRESM/tools/cprnc/cprnc</CCSM_CPRNC>
         <BATCHQUERY>showq</BATCHQUERY>
         <BATCHSUBMIT>qsub</BATCHSUBMIT>
         <SUPPORTED_BY>tcraig -at- ucar.edu</SUPPORTED_BY>
         <GMAKE_J>8</GMAKE_J>
         <MAX_TASKS_PER_NODE>12</MAX_TASKS_PER_NODE>
</machine>

<machine MACH="eos">
         <DESC>ORNL XC30, os is CNL, 16 pes/node, batch system is PBS</DESC>
	 <COMPILERS>intel</COMPILERS>
	 <MPILIBS>mpich,mpi-serial</MPILIBS>
         <RUNDIR>$MEMBERWORK/$PROJECT/$CASE/run</RUNDIR>
         <EXEROOT>$MEMBERWORK/$PROJECT/$CASE/bld</EXEROOT>
         <CESMSCRATCHROOT>$MEMBERWORK/$PROJECT</CESMSCRATCHROOT>
         <DIN_LOC_ROOT>/lustre/atlas1/cli900/world-shared/cesm/inputdata</DIN_LOC_ROOT>
         <DIN_LOC_ROOT_CLMFORC>/lustre/atlas1/cli900/world-shared/cesm/inputdata/atm/datm7</DIN_LOC_ROOT_CLMFORC>
         <DOUT_S_ROOT>$MEMBERWORK/$PROJECT/archive/$CASE</DOUT_S_ROOT>
         <DOUT_L_MSROOT>csm/$CASE</DOUT_L_MSROOT>
         <CCSM_BASELINE>/lustre/atlas1/cli900/world-shared/cesm/baselines</CCSM_BASELINE>
         <CCSM_CPRNC>/lustre/atlas1/cli900/world-shared/cesm/tools/cprnc/cprnc.eos</CCSM_CPRNC>
         <OS>CNL</OS>
         <BATCHQUERY>qstat -f</BATCHQUERY>
         <BATCHSUBMIT>qsub</BATCHSUBMIT>
         <SUPPORTED_BY>cseg</SUPPORTED_BY>
         <GMAKE_J>8</GMAKE_J>
         <PES_PER_NODE>16</PES_PER_NODE>
         <MAX_TASKS_PER_NODE>32</MAX_TASKS_PER_NODE>
</machine>

<machine MACH="goldbach">
         <DESC>"NCAR CGD Linux Cluster 16 pes/node, batch system is PBS"</DESC>
         <COMPILERS>pgi,intel,nag,gnu</COMPILERS>
         <MPILIBS>openmpi,mpi-serial</MPILIBS>
         <RUNDIR>/scratch/cluster/$CCSMUSER/$CASE/run</RUNDIR>
         <EXEROOT>/scratch/cluster/$CCSMUSER/$CASE/bld</EXEROOT>
         <CESMSCRATCHROOT>/scratch/cluster/$USER</CESMSCRATCHROOT>
         <OBJROOT>$EXEROOT</OBJROOT>
         <INCROOT>$EXEROOT/lib/include</INCROOT>
         <DIN_LOC_ROOT>/fs/cgd/csm/inputdata</DIN_LOC_ROOT>
         <DIN_LOC_ROOT_CLMFORC>/project/tss</DIN_LOC_ROOT_CLMFORC>
         <DOUT_S_ROOT>/scratch/cluster/$CCSMUSER/archive/$CASE</DOUT_S_ROOT>
         <DOUT_L_MSROOT>/`echo $CCSMUSER | tr '[a-z]' '[A-Z]'`/csm/$CASE</DOUT_L_MSROOT>
         <CCSM_BASELINE>/fs/cgd/csm/ccsm_baselines</CCSM_BASELINE>
         <CCSM_CPRNC>/fs/cgd/csm/tools/cprnc_64/cprnc</CCSM_CPRNC>
         <OS>LINUX</OS>
         <BATCHQUERY>qstat</BATCHQUERY>
         <BATCHSUBMIT>qsub </BATCHSUBMIT>
         <GMAKE_J>4</GMAKE_J>
         <MAX_TASKS_PER_NODE>16</MAX_TASKS_PER_NODE>
</machine>

<machine MACH="gaea">
         <DESC>NOAA XE6, os is CNL, 24 pes/node, batch system is PBS</DESC>
	 <COMPILERS>pgi</COMPILERS>
	 <MPILIBS>mpich,mpi-serial</MPILIBS>
         <RUNDIR>/lustre/fs/scratch/Julio.T.Bacmeister/$CASE/run</RUNDIR>
         <EXEROOT>/lustre/fs/scratch/Julio.T.Bacmeister/$CASE/bld</EXEROOT>
         <CESMSCRATCHROOT>/lustre/fs/scratch/Julio.T.Bacmeister</CESMSCRATCHROOT>
         <DIN_LOC_ROOT>/lustre/fs/scratch/Julio.T.Bacmeister/inputdata</DIN_LOC_ROOT>
         <DIN_LOC_ROOT_CLMFORC>/lustre/fs/scratch/Julio.T.Bacmeister/inputdata</DIN_LOC_ROOT_CLMFORC>
         <DOUT_S_ROOT>/lustre/fs/scratch/Julio.T.Bacmeister/archive/$CASE</DOUT_S_ROOT>
         <DOUT_L_MSROOT>UNSET</DOUT_L_MSROOT>
         <CCSM_BASELINE>UNSET</CCSM_BASELINE>
         <CCSM_CPRNC>UNSET</CCSM_CPRNC>
         <OS>CNL</OS>
         <BATCHQUERY>showq</BATCHQUERY>
         <BATCHSUBMIT>msub</BATCHSUBMIT>
         <SUPPORTED_BY>julio -at- ucar.edu</SUPPORTED_BY>
         <GMAKE_J> 8</GMAKE_J>
         <MAX_TASKS_PER_NODE>32</MAX_TASKS_PER_NODE>
</machine>

<machine MACH="hera">
         <DESC>LLNL Linux Cluster, Linux (pgi), 16 pes/node, batch system is Moab</DESC>
         <COMPILERS>pgi</COMPILERS>
         <MPILIBS>mpich,mpi-serial</MPILIBS>
         <RUNDIR>/p/lscratchd/$CCSMUSER/$CASE/run</RUNDIR>
         <EXEROOT>/p/lscratchd/$CCSMUSER/$CASE/bld</EXEROOT>
         <CESMSCRATCHROOT>/p/lscratchd/$USER</CESMSCRATCHROOT>
         <DIN_LOC_ROOT>/p/lscratchd/mirin/ccsm3data/inputdata</DIN_LOC_ROOT>
         <DIN_LOC_ROOT_CLMFORC>/p/lscratchd/mirin/ccsm3data/inputdata/atm/datm7</DIN_LOC_ROOT_CLMFORC>
         <DOUT_S_ROOT>/p/lscratchd/$CCSMUSER/archive/$CASE</DOUT_S_ROOT>
         <DOUT_L_HTAR>FALSE</DOUT_L_HTAR>
         <DOUT_L_MSROOT>UNSET</DOUT_L_MSROOT>
         <CCSM_BASELINE>/p/lscratchd/$CCSMUSER/ccsm_baselines</CCSM_BASELINE>
         <CCSM_CPRNC>/p/lscratchd/mirin/ccsm3data/tools/cprnc/cprnc</CCSM_CPRNC>
         <OS>LINUX</OS>
         <BATCHQUERY>mshow</BATCHQUERY>
         <BATCHSUBMIT>msub</BATCHSUBMIT>
         <SUPPORTED_BY>mirin1 -at- llnl.gov</SUPPORTED_BY>
         <GMAKE_J>8</GMAKE_J>
         <MAX_TASKS_PER_NODE>16</MAX_TASKS_PER_NODE>
</machine>

<machine MACH="hopper">
         <DESC>NERSC XE6, os is CNL, 24 pes/node, batch system is PBS</DESC>
	 <COMPILERS>pgi,intel,gnu,cray,pathscale</COMPILERS>
	 <MPILIBS>mpt,mpi-serial</MPILIBS>
         <RUNDIR>/scratch/scratchdirs/$CCSMUSER/$CASE/run</RUNDIR>
         <EXEROOT>/scratch/scratchdirs/$CCSMUSER/$CASE/bld</EXEROOT>
         <CESMSCRATCHROOT>/scratch/scratchdirs/$USER</CESMSCRATCHROOT>
         <DIN_LOC_ROOT>/project/projectdirs/ccsm1/inputdata</DIN_LOC_ROOT>
         <DIN_LOC_ROOT_CLMFORC>/project/projectdirs/ccsm1/inputdata/atm/datm7</DIN_LOC_ROOT_CLMFORC>
         <DOUT_S_ROOT>/scratch/scratchdirs/$CCSMUSER/archive/$CASE</DOUT_S_ROOT>
         <DOUT_L_MSROOT>csm/$CASE</DOUT_L_MSROOT>
         <CCSM_BASELINE>/project/projectdirs/ccsm1/ccsm_baselines</CCSM_BASELINE>
         <CCSM_CPRNC>/project/projectdirs/ccsm1/tools/cprnc/cprnc</CCSM_CPRNC>
         <OS>CNL</OS>
         <BATCHQUERY>qstat -f</BATCHQUERY>
         <BATCHSUBMIT>qsub</BATCHSUBMIT>
         <SUPPORTED_BY>cseg</SUPPORTED_BY>
         <GMAKE_J>4</GMAKE_J>
         <MAX_TASKS_PER_NODE>24</MAX_TASKS_PER_NODE>
</machine>

<machine MACH="janus">
         <DESC>CU Linux Cluster (intel), 2 pes/node, batch system is PBS</DESC>
	 <COMPILERS>intel,pgi</COMPILERS>
	 <MPILIBS>openmpi,mpi-serial</MPILIBS>
         <OS>LINUX</OS>
         <RUNDIR>/lustre/janus_scratch/$CCSMUSER/$CASE/run</RUNDIR>
         <EXEROOT>/lustre/janus_scratch/$CCSMUSER/$CASE/bld</EXEROOT>
         <CESMSCRATCHROOT>/lustre/janus_scratch/$USER</CESMSCRATCHROOT>
         <DIN_LOC_ROOT>/lustre/janus_scratch/cesm/inputdata</DIN_LOC_ROOT>
         <DIN_LOC_ROOT_CLMFORC>/lustre/janus_scratch/cesm/inputdata/atm/datm7</DIN_LOC_ROOT_CLMFORC>
         <DOUT_S_ROOT>/lustre/janus_scratch/$CCSMUSER/archive/$CASE</DOUT_S_ROOT>
         <DOUT_L_MSROOT>csm/$CASE</DOUT_L_MSROOT>
         <CCSM_BASELINE>/lustre/janus_scratch/cesm/baselines</CCSM_BASELINE>
         <CCSM_CPRNC>/lustre/janus_scratch/cesm/tools/cprnc/cprnc</CCSM_CPRNC>
         <BATCHQUERY>qstat</BATCHQUERY>
         <BATCHSUBMIT>qsub</BATCHSUBMIT>
         <SUPPORTED_BY>cseg</SUPPORTED_BY>
         <GMAKE_J>12</GMAKE_J>
         <MAX_TASKS_PER_NODE>12</MAX_TASKS_PER_NODE>
	 <PIO_BUFFER_SIZE_LIMIT>1</PIO_BUFFER_SIZE_LIMIT>
</machine>


<machine MACH="juqueen">
         <DESC>FZJ IBM BG/Q, os is CNK, 16 pes/node, batch system is LoadLeveler</DESC>
         <COMPILERS>ibm</COMPILERS>
         <MPILIBS>ibm</MPILIBS>
         <RUNDIR>$ENV{WORK}/$CASE/run</RUNDIR>
         <EXEROOT>$ENV{WORK}/$CASE/bld</EXEROOT>
         <CESMSCRATCHROOT>$ENV{WORK}</CESMSCRATCHROOT>
         <DIN_LOC_ROOT>$ENV{WORK}/inputdata</DIN_LOC_ROOT>
         <DIN_LOC_ROOT_CLMFORC>$ENV{WORK}/inputdata/atm/datm7</DIN_LOC_ROOT_CLMFORC>
         <DOUT_S_ROOT>$ENV{WORK}/archive/$CASE</DOUT_S_ROOT>
         <DOUT_L_MSROOT>/home/$CCSMUSER/csm/$CASE/</DOUT_L_MSROOT>
         <CCSM_BASELINE>$ENV{WORK}/ccsm_baselines</CCSM_BASELINE>
         <CCSM_CPRNC>$ENV{WORK}/tools/cprnc/cprnc</CCSM_CPRNC>
         <OS>BGQ</OS>
         <BATCHQUERY>llq</BATCHQUERY>
         <BATCHSUBMIT>llsubmit</BATCHSUBMIT>
         <SUPPORTED_BY>dennis -at- ucar.edu</SUPPORTED_BY>
         <GMAKE_J>4</GMAKE_J>
         <MAX_TASKS_PER_NODE>32</MAX_TASKS_PER_NODE>
</machine>


<machine MACH="mira">
         <DESC>ANL IBM BG/Q, os is BGP, 16 pes/node, batch system is cobalt</DESC>
         <COMPILERS>ibm</COMPILERS>
         <MPILIBS>ibm</MPILIBS>
         <RUNDIR>/projects/ClimEndStation/$CCSMUSER/scratch/exe/$CASE/run</RUNDIR>
         <EXEROOT>/projects/ClimEndStation/$CCSMUSER/scratch/exe/$CASE/bld</EXEROOT>
         <CESMSCRATCHROOT>/projects/ClimEndStation/$CCSMUSER/scratch/exe</CESMSCRATCHROOT>
         <DIN_LOC_ROOT>/projects/ccsm/inputdata</DIN_LOC_ROOT>
         <DIN_LOC_ROOT_CLMFORC>/projects/ccsm/inputdata/atm/datm7</DIN_LOC_ROOT_CLMFORC>
         <DOUT_S_ROOT>/projects/ClimEndStation/$CCSMUSER/archive/$CASE</DOUT_S_ROOT>
         <DOUT_L_MSROOT>/home/$CCSMUSER/csm/$CASE/</DOUT_L_MSROOT>
         <CCSM_BASELINE>/projects/ccsm/ccsm_baselines/</CCSM_BASELINE>
	     <CCSM_CPRNC>/projects/ccsm/tools/cprnc/cprnc</CCSM_CPRNC>
         <OS>BGQ</OS>
         <BATCHQUERY>qstat</BATCHQUERY>
         <BATCHSUBMIT>csh</BATCHSUBMIT>
         <SUPPORTED_BY>   mickelso -at- mcs.anl.gov</SUPPORTED_BY>
         <GMAKE_J>4</GMAKE_J>
         <MAX_TASKS_PER_NODE>48</MAX_TASKS_PER_NODE>
</machine>



<machine MACH="olympus">
         <DESC>PNL cluster, os is Linux (pgi), batch system is SLURM</DESC>
         <OS>LINUX</OS>
	 <COMPILERS>pgi</COMPILERS>
	 <MPILIBS>mpich</MPILIBS>
         <RUNDIR>/pic/scratch/$CCSMUSER/$CASE/run</RUNDIR>
         <EXEROOT>/pic/scratch/$CCSMUSER/$CASE/bld</EXEROOT>
         <CESMSCRATCHROOT>/pic/scratch/$USER</CESMSCRATCHROOT>
         <DIN_LOC_ROOT>/pic/scratch/tcraig/IRESM/inputdata</DIN_LOC_ROOT>
         <DIN_LOC_ROOT_CLMFORC>/pic/scratch/tcraig/IRESM/inputdata/atm/datm7</DIN_LOC_ROOT_CLMFORC>
         <DOUT_S_ROOT>/pic/scratch/$CCSMUSER/archive/$CASE</DOUT_S_ROOT>
         <DOUT_L_MSROOT>UNSET</DOUT_L_MSROOT>
         <CCSM_BASELINE>/pic/scratch/tcraig/IRESM/ccsm_baselines</CCSM_BASELINE>
         <CCSM_CPRNC>/pic/scratch/tcraig/IRESM/tools/cprnc/cprnc</CCSM_CPRNC>
         <BATCHQUERY>squeue</BATCHQUERY>
         <BATCHSUBMIT>sbatch</BATCHSUBMIT>
         <SUPPORTED_BY>tcraig -at- ucar.edu</SUPPORTED_BY>
         <GMAKE_J>8</GMAKE_J>
         <MAX_TASKS_PER_NODE>32</MAX_TASKS_PER_NODE>
</machine>

<machine MACH="pleiades-wes">
         <DESC>NASA/AMES Linux Cluster, Linux (ia64), Altix ICE, 2.93 GHz Westmere processors, 12 pes/node and 24 GB of memory, batch system is PBS</DESC>
	 <COMPILERS>intel</COMPILERS>
	 <MPILIBS>mpich,mpi-serial</MPILIBS>
         <OS>LINUX</OS>
         <RUNDIR>/nobackup/$CCSMUSER/$CASE/run</RUNDIR>
         <EXEROOT>/nobackup/$CCSMUSER/$CASE/bld</EXEROOT>
         <CESMSCRATCHROOT>/nobackup/$USER</CESMSCRATCHROOT>
         <DIN_LOC_ROOT>/nobackup/mjmills2/ccsmdata/inputdata</DIN_LOC_ROOT>
         <DIN_LOC_ROOT_CLMFORC>/nobackup/mjmills2/ccsmdata/inputdata/atm/datm7</DIN_LOC_ROOT_CLMFORC>
         <DOUT_S_ROOT>/nobackup/$CCSMUSER/archive/$CASE</DOUT_S_ROOT>
         <DOUT_L_MSROOT>csm/$CASE</DOUT_L_MSROOT>
         <BATCHQUERY>qstat</BATCHQUERY>
         <BATCHSUBMIT>qsub</BATCHSUBMIT>
         <SUPPORTED_BY>fvitt -at- ucar.edu</SUPPORTED_BY>
         <GMAKE_J>8</GMAKE_J>
         <MAX_TASKS_PER_NODE>12</MAX_TASKS_PER_NODE>
</machine>

<machine MACH="pleiades-san">
         <DESC>NASA/AMES Linux Cluster, Linux (ia64), Altix ICE, 2.6 GHz Sandy Bridge processors, 16 cores/node and 32 GB of memory, batch system is PBS</DESC>
	 <COMPILERS>intel</COMPILERS>
	 <MPILIBS>mpich,mpi-serial</MPILIBS>
         <OS>LINUX</OS>
         <RUNDIR>/nobackup/$CCSMUSER/$CASE/run</RUNDIR>
         <EXEROOT>/nobackup/$CCSMUSER/$CASE/bld</EXEROOT>
         <CESMSCRATCHROOT>/nobackup/$USER</CESMSCRATCHROOT>
         <DIN_LOC_ROOT>/nobackup/mjmills2/ccsmdata/inputdata</DIN_LOC_ROOT>
         <DIN_LOC_ROOT_CLMFORC>/nobackup/mjmills2/ccsmdata/inputdata/atm/datm7</DIN_LOC_ROOT_CLMFORC>
         <DOUT_S_ROOT>/nobackup/$CCSMUSER/archive/$CASE</DOUT_S_ROOT>
         <DOUT_L_MSROOT>csm/$CASE</DOUT_L_MSROOT>
         <BATCHQUERY>qstat</BATCHQUERY>
         <BATCHSUBMIT>qsub</BATCHSUBMIT>
         <SUPPORTED_BY>fvitt -at- ucar.edu</SUPPORTED_BY>
         <GMAKE_J>8</GMAKE_J>
         <MAX_TASKS_PER_NODE>16</MAX_TASKS_PER_NODE>
</machine>

<machine MACH="pleiades-ivy">
         <DESC>NASA/AMES Linux Cluster, Linux (ia64), Altix ICE, 2.8 GHz Ivy Bridge processors, 20 cores/node and 3.2 GB of memory per core, batch system is PBS</DESC>
	 <COMPILERS>intel</COMPILERS>
	 <MPILIBS>mpich,mpi-serial</MPILIBS>
         <OS>LINUX</OS>
         <RUNDIR>/nobackup/$CCSMUSER/$CASE/run</RUNDIR>
         <EXEROOT>/nobackup/$CCSMUSER/$CASE/bld</EXEROOT>
         <CESMSCRATCHROOT>/nobackup/$USER</CESMSCRATCHROOT>
         <DIN_LOC_ROOT>/nobackup/mjmills2/ccsmdata/inputdata</DIN_LOC_ROOT>
         <DIN_LOC_ROOT_CLMFORC>/nobackup/mjmills2/ccsmdata/inputdata/atm/datm7</DIN_LOC_ROOT_CLMFORC>
         <DOUT_S_ROOT>/nobackup/$CCSMUSER/archive/$CASE</DOUT_S_ROOT>
         <DOUT_L_MSROOT>csm/$CASE</DOUT_L_MSROOT>
         <BATCHQUERY>qstat</BATCHQUERY>
         <BATCHSUBMIT>qsub</BATCHSUBMIT>
         <SUPPORTED_BY>fvitt -at- ucar.edu</SUPPORTED_BY>
         <GMAKE_J>8</GMAKE_J>
         <MAX_TASKS_PER_NODE>20</MAX_TASKS_PER_NODE>
</machine>

<machine MACH="sierra">
         <DESC>LLNL Linux Cluster, Linux (pgi), 12 pes/node, batch system is Moab</DESC>
         <COMPILERS>pgi</COMPILERS>
         <MPILIBS>mpich,mpi-serial</MPILIBS>
         <RUNDIR>/p/lscratchd/$CCSMUSER/$CASE/run</RUNDIR>
         <EXEROOT>/p/lscratchd/$CCSMUSER/$CASE/bld</EXEROOT>
         <CESMSCRATCHROOT>/p/lscratchd/$USER</CESMSCRATCHROOT>
         <DIN_LOC_ROOT>/p/lscratchd/mirin/ccsm3data/inputdata</DIN_LOC_ROOT>
         <DIN_LOC_ROOT_CLMFORC>/p/lscratchd/mirin/ccsm3data/inputdata/atm/datm7</DIN_LOC_ROOT_CLMFORC>
         <DOUT_S_ROOT>/p/lscratchd/$CCSMUSER/archive/$CASE</DOUT_S_ROOT>
         <DOUT_L_HTAR>FALSE</DOUT_L_HTAR>
         <DOUT_L_MSROOT>UNSET</DOUT_L_MSROOT>
         <CCSM_BASELINE>/p/lscratchd/$CCSMUSER/ccsm_baselines</CCSM_BASELINE>
         <CCSM_CPRNC>/p/lscratchd/mirin/ccsm3data/tools/cprnc/cprnc</CCSM_CPRNC>
         <OS>LINUX</OS>
         <BATCHQUERY>mshow</BATCHQUERY>
         <BATCHSUBMIT>msub</BATCHSUBMIT>
         <SUPPORTED_BY>mirin1 -at- llnl.gov</SUPPORTED_BY>
         <GMAKE_J>8</GMAKE_J>
         <MAX_TASKS_PER_NODE>12</MAX_TASKS_PER_NODE>
</machine>

<machine MACH="stampede">
        <DESC>TACC DELL, os is Linux, 16 pes/node, batch system is SLURM</DESC>
        <OS>LINUX</OS>
        <COMPILERS>intel,intelmic,intel14,intelmic14</COMPILERS>
        <MPILIBS>impi,mvapich2,mpi-serial</MPILIBS>
        <RUNDIR>$SCRATCH/$CASE/run</RUNDIR>
        <EXEROOT>$SCRATCH/$CASE/bld</EXEROOT>
        <CESMSCRATCHROOT>$SCRATCH</CESMSCRATCHROOT>
        <DIN_LOC_ROOT>/scratch/projects/xsede/CESM/inputdata</DIN_LOC_ROOT>
        <DIN_LOC_ROOT_CLMFORC>/scratch/projects/xsede/CESM/inputdata/lmwg</DIN_LOC_ROOT_CLMFORC>
        <DOUT_S_ROOT>$WORK/archive/$CASE</DOUT_S_ROOT>
        <DOUT_L_MSROOT>csm/$CASE</DOUT_L_MSROOT>              
        <CCSM_BASELINE>/scratch/projects/xsede/CESM/ccsm_baselines</CCSM_BASELINE>
        <CCSM_CPRNC>/scratch/projects/xsede/CESM/tools/cprnc/cprnc</CCSM_CPRNC>
        <BATCHQUERY>squeue</BATCHQUERY>
        <BATCHSUBMIT>sbatch</BATCHSUBMIT>
        <SUPPORTED_BY>srinathv -at- ucar.edu</SUPPORTED_BY>
        <GMAKE_J>8</GMAKE_J>
        <MAX_TASKS_PER_NODE>16</MAX_TASKS_PER_NODE>
        <PES_PER_NODE>16</PES_PER_NODE>
</machine>

<machine MACH="titan">
         <DESC>ORNL XK6, os is CNL, 16 pes/node, batch system is PBS</DESC>
	 <COMPILERS>pgi,pgicuda</COMPILERS>
	 <MPILIBS>mpich,mpi-serial</MPILIBS>
         <RUNDIR>$MEMBERWORK/$PROJECT/$CASE/run</RUNDIR>
         <EXEROOT>$CASEROOT/bld</EXEROOT>
         <CESMSCRATCHROOT>$MEMBERWORK/$PROJECT</CESMSCRATCHROOT>
         <DIN_LOC_ROOT>/lustre/atlas1/cli900/world-shared/cesm/inputdata</DIN_LOC_ROOT>
         <DIN_LOC_ROOT_CLMFORC>/lustre/atlas1/cli900/world-shared/cesm/inputdata/atm/datm7</DIN_LOC_ROOT_CLMFORC>
         <DOUT_S_ROOT>$MEMBERWORK/$PROJECT/archive/$CASE</DOUT_S_ROOT>
         <DOUT_L_MSROOT>csm/$CASE</DOUT_L_MSROOT>
         <CCSM_BASELINE>/lustre/atlas1/cli900/world-shared/cesm/baselines</CCSM_BASELINE>
         <CCSM_CPRNC>/lustre/atlas1/cli900/world-shared/cesm/tools/cprnc/cprnc.titan</CCSM_CPRNC>
         <OS>CNL</OS>
         <BATCHQUERY>qstat -f</BATCHQUERY>
         <BATCHSUBMIT>qsub</BATCHSUBMIT>
         <SUPPORTED_BY>cseg</SUPPORTED_BY>
         <GMAKE_J>8</GMAKE_J>
         <MAX_TASKS_PER_NODE>16</MAX_TASKS_PER_NODE>
</machine>

<machine MACH="yellowstone">
        <DESC>NCAR IBM, os is Linux, 16 pes/node, batch system is LSF</DESC>
        <OS>LINUX</OS>
        <COMPILERS>intel,pgi,gnu,pathscale</COMPILERS>
        <MPILIBS>mpich2,pempi,mpi-serial</MPILIBS>
        <CESMSCRATCHROOT>/glade/scratch/$USER</CESMSCRATCHROOT>
        <RUNDIR>$CESMSCRATCHROOT/$CASE/run</RUNDIR>
        <EXEROOT>$CESMSCRATCHROOT/$CASE/bld</EXEROOT>
        <DIN_LOC_ROOT>$ENV{CESMDATAROOT}/inputdata</DIN_LOC_ROOT>
        <DIN_LOC_ROOT_CLMFORC>$ENV{CESMROOT}/lmwg</DIN_LOC_ROOT_CLMFORC>
        <DOUT_S_ROOT>$CESMSCRATCHROOT/archive/$CASE</DOUT_S_ROOT>
        <DOUT_L_MSROOT>csm/$CASE</DOUT_L_MSROOT>              
        <CCSM_BASELINE>$ENV{CESMDATAROOT}/ccsm_baselines</CCSM_BASELINE>                   
        <CCSM_CPRNC>$ENV{CESMDATAROOT}/tools/cprnc/cprnc</CCSM_CPRNC>
        <BATCHQUERY>bjobs -w</BATCHQUERY>                                                                     
        <BATCHSUBMIT>bsub &lt;</BATCHSUBMIT>
        <SUPPORTED_BY>cseg</SUPPORTED_BY>
        <GMAKE_J>8</GMAKE_J>
        <MAX_TASKS_PER_NODE>30</MAX_TASKS_PER_NODE>
        <PES_PER_NODE>16</PES_PER_NODE>
</machine>

<machine MACH="pronghorn">
        <DESC>NCAR IBM, os is Linux, 16 pes/node, batch system is LSF</DESC>
        <OS>LINUX</OS>
        <COMPILERS>intel,intelmic</COMPILERS>
        <MPILIBS>impi,mpi-serial</MPILIBS>
        <RUNDIR>/glade/scratch/$CCSMUSER/$CASE/run</RUNDIR>
        <EXEROOT>/glade/scratch/$CCSMUSER/$CASE/bld</EXEROOT>
        <CESMSCRATCHROOT>/glade/scratch/$USER</CESMSCRATCHROOT>
        <DIN_LOC_ROOT>$ENV{CESMDATAROOT}/inputdata</DIN_LOC_ROOT>
        <DIN_LOC_ROOT_CLMFORC>$ENV{CESMROOT}/lmwg</DIN_LOC_ROOT_CLMFORC>
        <DOUT_S_ROOT>/glade/scratch/$CCSMUSER/archive/$CASE</DOUT_S_ROOT>
        <DOUT_L_MSROOT>csm/$CASE</DOUT_L_MSROOT>              
        <CCSM_BASELINE>$ENV{CESMDATAROOT}/ccsm_baselines</CCSM_BASELINE>                   
        <CCSM_CPRNC>$ENV{CESMDATAROOT}/tools/cprnc/cprnc</CCSM_CPRNC>
        <BATCHQUERY>bjobs -w</BATCHQUERY>                                                                     
        <BATCHSUBMIT>bsub &lt;</BATCHSUBMIT>
        <SUPPORTED_BY>srinathv -at- ucar.edu</SUPPORTED_BY>
        <GMAKE_J>8</GMAKE_J>
        <MAX_TASKS_PER_NODE>30</MAX_TASKS_PER_NODE>
        <PES_PER_NODE>16</PES_PER_NODE>
</machine>

<machine MACH="rosa">
        <DESC>CSCS Cray XE6, os is CNL, 32 pes/node, batch system is SLURM</DESC>
        <COMPILERS>pgi,cray,gnu</COMPILERS>
        <MPILIBS>mpich,mpi-serial</MPILIBS>
        <RUNDIR>/scratch/rosa/$CCSMUSER/$CASE/run</RUNDIR>
        <EXEROOT>/scratch/rosa/$CCSMUSER/$CASE/bld</EXEROOT>
        <CESMSCRATCHROOT>/scratch/rosa/$USER</CESMSCRATCHROOT>
        <DIN_LOC_ROOT>/project/s433/cesm_inputdata</DIN_LOC_ROOT>
        <DIN_LOC_ROOT_CLMFORC>/project/s433/cesm_inputdata/atm/datm7</DIN_LOC_ROOT_CLMFORC>
        <DOUT_S_ROOT>/project/s433/$CCSMUSER/archive/$CASE</DOUT_S_ROOT>
        <DOUT_L_MSROOT>csm/$CASE</DOUT_L_MSROOT>
        <CCSM_BASELINE>/project/s433/ccsm_baselines</CCSM_BASELINE>
        <CCSM_CPRNC>/project/s433/cesm_tools/ccsm_cprnc/cprnc</CCSM_CPRNC>
        <OS>CNL</OS>
        <BATCHQUERY>squeue</BATCHQUERY>
        <BATCHSUBMIT>sbatch</BATCHSUBMIT>
        <SUPPORTED_BY>edouard.davin -at- env.ethz.ch</SUPPORTED_BY>
        <GMAKE_J>12</GMAKE_J>
        <MAX_TASKS_PER_NODE>32</MAX_TASKS_PER_NODE>
</machine>

</config_machines>
