<?xml version="1.0"?>

<namelist_defaults>

<!-- Timestep size (this is the dynamics/physics coupling interval) -->
<dtime dyn="eul"   res="256x512" >300</dtime>
<dtime dyn="eul"   res="128x256" >600</dtime>
<dtime dyn="eul"   res="64x128"  >1200</dtime>
<dtime dyn="eul"   res="48x96"   >1800</dtime>
<dtime dyn="eul"   res="32x64"   >1800</dtime>
<dtime dyn="eul"   res="8x16"    >1800</dtime>
<dtime dyn="eul"                   >1200</dtime>

<dtime dyn="fv"                    >1800</dtime>
<dtime dyn="se"                    >720</dtime>
<dtime dyn="sld"                   >3600</dtime>

<!-- Initial conditions -->
<ncdata dyn="fv"  res="0.23x0.31" nlev="26" ic_ymd="901"      >atm/cam/inic/fv/cami_0000-09-01_0.23x0.31_L26_c061106.nc</ncdata>
<ncdata dyn="fv"  res="0.47x0.63" nlev="26" ic_ymd="901"      >atm/cam/inic/fv/cami_0000-09-01_0.47x0.63_L26_c061106.nc</ncdata>
<ncdata dyn="fv"  res="0.5x0.625" nlev="26" ic_ymd="1001"     >atm/cam/inic/fv/cami_0000-10-01_0.5x0.625_L26_c031204.nc</ncdata>
<ncdata dyn="fv"  res="0.9x1.25"  nlev="26" ic_ymd="901"      >atm/cam/inic/fv/cami_0000-09-01_0.9x1.25_L26_c051205.nc</ncdata>
<ncdata dyn="fv"  res="0.9x1.25"  nlev="26" ic_ymd="19870101" >atm/cam/inic/fv/cami_1987-01-01_0.9x1.25_L26_c060703.nc</ncdata>

<ncdata dyn="fv"  res="1x1.25"    nlev="26"  ic_ymd="901"     >atm/cam/inic/fv/cami_0000-09-01_1x1.25_L26_c030918.nc</ncdata>
<ncdata dyn="fv"  res="1.9x2.5"   nlev="26"  ic_ymd="901"     >atm/cam/inic/fv/cami_0000-09-01_1.9x2.5_L26_c040809.nc</ncdata>
<ncdata dyn="fv"  res="1.9x2.5"   nlev="30"  ic_ymd="901"     >atm/cam/inic/fv/cami_0000-09-01_1.9x2.5_L30_c070109.nc</ncdata>
<ncdata dyn="fv"  res="1.9x2.5"   nlev="26"  ic_ymd="101"     >atm/cam/inic/fv/cami_0000-01-01_1.9x2.5_L26_c070408.nc</ncdata>
<ncdata dyn="fv"  res="1.9x2.5"   nlev="30"  ic_ymd="101"     >atm/cam/inic/fv/cami_0000-01-01_1.9x2.5_L30_c070703.nc</ncdata>
<ncdata dyn="fv"  res="2x2.5"     nlev="26"  ic_ymd="901"     >atm/cam/inic/fv/cami_0000-09-01_2x2.5_L26_c040615.nc</ncdata>
<ncdata dyn="fv"  res="4x5"       nlev="26"  ic_ymd="10101"   >atm/cam/inic/fv/cami_0001-01-01_4x5_L26_c060608.nc</ncdata>
<ncdata dyn="fv"  res="10x15"     nlev="26"  ic_ymd="101"     >atm/cam/inic/fv/cami_0000-01-01_10x15_L26_c030918.nc</ncdata>


<ncdata dyn="fv"  res="2x2.5"     nlev="26"  chem="trop_mozart" ic_ymd="901" >atm/cam/chem/trop_mozart/ic/cami_0000-09-01_2x2.5_L26_c060216.nc</ncdata>
<ncdata dyn="fv"  res="4x5"       nlev="26"  chem="trop_mozart" ic_ymd="901" >atm/cam/chem/trop_mozart/ic/cami_0000-09-01_4x5_L26_c060217.nc</ncdata>
<ncdata dyn="fv"  res="10x15"     nlev="26"  chem="trop_mozart" ic_ymd="901" >atm/cam/chem/trop_mozart/ic/cami_0000-09-01_10x15_L26_c060216.nc</ncdata>

<ncdata dyn="fv"  res="0.9x1.25"  nlev="66"   ic_ymd="20000201" >atm/waccm/ic/cami_2000-02-01_0.9x1.25_L66_c040928.nc</ncdata>
<ncdata dyn="fv"  res="0.9x1.25"  nlev="103"  ic_ymd="20000201" >atm/waccm/ic/cami_2000-02-01_0.9x1.25_L103_c041005.nc</ncdata>
<ncdata dyn="fv"  res="1.9x2.5"   nlev="66"   ic_ymd="20000701" >atm/waccm/ic/cami_2000-07-01_1.9x2.5_L66_c040928.nc</ncdata>
<ncdata dyn="fv"  res="1.9x2.5"   nlev="103"  ic_ymd="20000501" >atm/waccm/ic/cami_2000-05-01_1.9x2.5_L103_c040928.nc</ncdata>
<ncdata dyn="fv"  res="2x2.5"     nlev="66"   ic_ymd="20000101" >atm/waccm/ic/cami_2000-01-01_2x2.5_L66_c041123.nc</ncdata>
<ncdata dyn="fv"  res="4x5"       nlev="66"   ic_ymd="19600101" >atm/waccm/ic/wa3_4x5_1950_spinup.cam2.i.1960-01-01-00000.nc</ncdata>
<ncdata dyn="fv"  res="10x15"     nlev="66"   ic_ymd="20000101" >atm/waccm/ic/cami_2000-01-01_10x15_L66_c041121.nc</ncdata>

<ncdata dyn="eul" res="256x512"   nlev="26"              ic_ymd="101" >atm/cam/inic/gaus/cami_0000-01-01_256x512_L26_c030918.nc</ncdata>
<ncdata dyn="eul" res="128x256"   nlev="26"              ic_ymd="901" >atm/cam/inic/gaus/cami_0000-09-01_128x256_L26_c040422.nc</ncdata>
<ncdata           res="64x128"    nlev="26"              ic_ymd="901" >atm/cam/inic/gaus/cami_0000-09-01_64x128_L26_c030918.nc</ncdata>
<ncdata           res="64x128"    nlev="26"  ocn="som"   ic_ymd="101" >atm/cam/inic/gaus/cami_0000-01-01_64x128_T42_L26_SOM_c030918.nc</ncdata>
<ncdata           res="64x128"    nlev="30"              ic_ymd="901" >atm/cam/inic/gaus/cami_0000-09-01_64x128_L30_c031210.nc</ncdata>
<ncdata dyn="eul" res="48x96"     nlev="26"              ic_ymd="901" >atm/cam/inic/gaus/cami_0000-09-01_48x96_L26_c040420.nc</ncdata>
<ncdata dyn="eul" res="48x96"     nlev="26"              ic_ymd="901" >atm/cam/inic/gaus/cami_0000-09-01_48x96_L26_c040420.nc</ncdata>
<ncdata           res="32x64"     nlev="26"              ic_ymd="901" >atm/cam/inic/gaus/cami_0000-09-01_32x64_L26_c030918.nc</ncdata>
<ncdata           res="8x16"      nlev="26"              ic_ymd="901" >atm/cam/inic/gaus/cami_0000-09-01_8x16_L26_c030918.nc</ncdata>

<ncdata dyn="se" res="ne5np8"  nlev="26"   ic_ymd="101">atm/cam/inic/se/cami_0000-01-01_ne5np8_L26_ape_c061102.nc</ncdata>

<!-- Topography -->
<bnd_topo res="256x512" >atm/cam/topo/topo-from-cami_0000-01-01_256x512_L26_c030918.nc</bnd_topo>
<bnd_topo res="128x256" >atm/cam/topo/USGS-gtopo30_128x256_c050520.nc</bnd_topo>
<bnd_topo res="64x128"  >atm/cam/topo/USGS-gtopo30_64x128_c050520.nc</bnd_topo>
<bnd_topo res="48x96"   >atm/cam/topo/USGS-gtopo30_48x96_c050520.nc</bnd_topo>
<bnd_topo res="32x64"   >atm/cam/topo/USGS-gtopo30_32x64_c050520.nc</bnd_topo>
<bnd_topo res="8x16"    >atm/cam/topo/USGS-gtopo30_8x16_c050520.nc</bnd_topo>

<bnd_topo res="0.23x0.31" >atm/cam/topo/USGS_gtopo30_0.23x0.31_remap_c061107.nc</bnd_topo>
<bnd_topo res="0.47x0.63" >atm/cam/topo/USGS_gtopo30_0.47x0.63_remap_c061106.nc</bnd_topo>
<bnd_topo res="0.5x0.625" >atm/cam/topo/topo-from-cami_0000-10-01_0.5x0.625_L26_c031204.nc</bnd_topo>
<bnd_topo res="0.9x1.25"  >atm/cam/topo/USGS-gtopo30_0.9x1.25_remap_c051027.nc</bnd_topo>
<bnd_topo res="1x1.25"    >atm/cam/topo/USGS-gtopo30_1x1.25_remap_c050520.nc</bnd_topo>
<bnd_topo res="1.9x2.5"   >atm/cam/topo/USGS-gtopo30_1.9x2.5_remap_c050602.nc</bnd_topo>
<bnd_topo res="2x2.5"     >atm/cam/topo/USGS-gtopo30_2x2.5_remap_c050520.nc</bnd_topo>
<bnd_topo res="4x5"       >atm/cam/topo/USGS-gtopo30_4x5_remap_c050520.nc</bnd_topo>
<bnd_topo res="10x15"     >atm/cam/topo/USGS-gtopo30_10x15_remap_c050520.nc</bnd_topo>

<!-- Aerosol optics lookup table -->
<aeroptics>atm/cam/rad/AerosolOptics_c060817nat.nc</aeroptics>

<!-- Radiation absorptivity/emissivity lookup table -->
<absems_data>atm/cam/rad/abs_ems_factors_fastvx.c030508.nc</absems_data>

<!-- PCMDI ozone climatology -->
<bndtvo>atm/cam/ozone/pcmdio3.r8.64x1_L60_clim_c970515.nc</bndtvo>

<!-- Aerosol Mass climatology dataset -->
<bndtvaer res="128x256"  >atm/cam/rad/AerosolMass_V_128x256_clim_c031022.nc</bndtvaer>
<bndtvaer res="64x128"   >atm/cam/rad/AerosolMass_V_64x128_clim_c031022.nc</bndtvaer>
<bndtvaer res="48x96"    >atm/cam/rad/AerosolMass_V_48x96_clim_c031029.nc</bndtvaer>
<bndtvaer res="32x64"    >atm/cam/rad/AerosolMass_V_32x64_clim_c031022.nc</bndtvaer>
<bndtvaer res="8x16"     >atm/cam/rad/AerosolMass_V_8x16_clim_c031022.nc</bndtvaer>

<bndtvaer res="0.23x0.31">atm/cam/rad/AerosolMass_V_0.23x0.31_clim_c061107.nc</bndtvaer>
<bndtvaer res="0.47x0.63">atm/cam/rad/AerosolMass_V_0.47x0.63_clim_c061107.nc</bndtvaer>
<bndtvaer res="0.5x0.625">atm/cam/rad/AerosolMass_V_.5x.625_clim_c040107.nc</bndtvaer>
<bndtvaer res="0.9x1.25" >atm/cam/rad/AerosolMass_V_0.9x1.25_clim_c040926.nc</bndtvaer>
<bndtvaer res="1x1.25"   >atm/cam/rad/AerosolMass_V_1x1.25_clim_c031029.nc</bndtvaer>
<bndtvaer res="1.9x2.5"  >atm/cam/rad/AerosolMass_V_1.9x2.5_clim_c040811.nc</bndtvaer>
<bndtvaer res="2x2.5"    >atm/cam/rad/AerosolMass_V_2x2.5_clim_c031022.nc</bndtvaer>
<bndtvaer res="4x5"      >atm/cam/rad/AerosolMass_V_4x5_clim_c031022.nc</bndtvaer>
<bndtvaer res="10x15"    >atm/cam/rad/AerosolMass_V_10x15_clim_c031022.nc</bndtvaer>

<bndtvaer res="ne5np8"   >atm/cam/rad/AerosolMass_V_ne5np8_c060912.nc</bndtvaer>

<!-- Volcanic Aerosol Mass -->
<bndtvvolc>atm/cam/rad/VolcanicMass_1870-1999_64x1_L18_c040115.nc</bndtvvolc>

<!-- ISCCP simulator -->
<isccpdata>atm/cam/rad/isccp.tautab_invtau.nc</isccpdata>

<!-- Historical carbon scaling factor -->
<bndtvcarbonscale>atm/cam/rad/carbonscaling_1870-1999_c040114.nc</bndtvcarbonscale>

<!-- Time-variant solar constant boundary -->
<bndtvscon>atm/cam/rad/scon_1870_2100_c040122.nc</bndtvscon>

<!-- Time-variant chemistry surface values -->
<bndtvghg>atm/cam/ggas/ghg_1870_2100_c040122.nc</bndtvghg>
<flbc_file res="1.9x2.5">atm/waccm/lb/LBC_Scen=A1b_1950-2050_1.9x2.5.nc</flbc_file>
<flbc_file res="2x2.5"  >atm/waccm/lb/WA2_LBC_2x2.5_1970-2005.nc</flbc_file>
<flbc_file res="4x5"    >atm/waccm/lb/LBC_Scen=A1b_1950-2050_4x5.nc</flbc_file>
<flbc_file res="10x15"  >atm/waccm/lb/WA2_LBC_10x15_1970-2005.nc</flbc_file>
<!-- flbc_file and lbc_file are the same data, but have difference namelist -->
<!-- variables in trop_mozart and waccm_mozart                              -->
<lbc_file res="1.9x2.5">atm/waccm/lb/LBC_Scen=A1b_1950-2050_1.9x2.5.nc</lbc_file>
<lbc_file res="2x2.5"  >atm/waccm/lb/WA2_LBC_2x2.5_1970-2005.nc</lbc_file>
<lbc_file res="4x5"    >atm/waccm/lb/LBC_Scen=A1b_1950-2050_4x5.nc</lbc_file>
<lbc_file res="10x15"  >atm/waccm/lb/WA2_LBC_10x15_1970-2005.nc</lbc_file>

<!-- DMS surface emissions -->
<bndtvdms          res="128x256"  >atm/cam/scyc/DMS_emissions_128x256_clim_c040122.nc</bndtvdms>
<bndtvdms          res="64x128"   >atm/cam/scyc/DMS_emissions_64x128_c030722.nc</bndtvdms>
<bndtvdms          res="32x64"    >atm/cam/scyc/DMS_emissions_32x64_c030722.nc</bndtvdms>
<bndtvdms dyn="fv" res="4x5"      >atm/cam/scyc/DMS_emissions_4x5_noncon_c050306.nc</bndtvdms>
<bndtvdms dyn="fv" res="2x2.5"    >atm/cam/scyc/DMS_emissions_2x2.5_c031205.nc</bndtvdms>

<!-- oxidant data for prognostic sulfur cycle -->
<bndtvoxid          res="128x256" >atm/cam/scyc/oxid_128x256_L26_clim_c040112.nc</bndtvoxid>
<bndtvoxid          res="64x128"  >atm/cam/scyc/oxid_3d_64x128_L26_c030722.nc</bndtvoxid>
<bndtvoxid          res="32x64"   >atm/cam/scyc/oxid_3d_32x64_L26_c030722.nc</bndtvoxid>
<bndtvoxid dyn="fv" res="4x5"     >atm/cam/scyc/oxid_4x5_L26_noncon_c050306.nc</bndtvoxid>
<bndtvoxid dyn="fv" res="2x2.5"   >atm/cam/scyc/oxid_3d_2x2.5_L26_c031205.nc</bndtvoxid>

<!-- SOx surface emissions -->
<bndtvsox          res="128x256"  >atm/cam/scyc/SOx_emissions_128x256_L2_1850-2000_c040321.nc</bndtvsox>
<bndtvsox          res="64x128"   >atm/cam/scyc/SOx_emissions_64x128_L2_c030722.nc</bndtvsox>
<bndtvsox          res="32x64"    >atm/cam/scyc/SOx_emissions_32x64_L2_c030722.nc</bndtvsox>
<bndtvsox dyn="fv" res="4x5"      >atm/cam/scyc/SOx_emissions_4x5_noncon_c050306.nc</bndtvsox>
<bndtvsox dyn="fv" res="2x2.5"    >atm/cam/scyc/SOx_emissions_2x2.5_L2_c031205.nc</bndtvsox>

<!-- Greenhouse gas production/loss rates -->
<bndtvg>atm/cam/ggas/noaamisc.r8.nc</bndtvg>

<!-- WACCM_GHG H2O production/loss rates -->
<h2orates chem="waccm_ghg">atm/waccm/phot/xh2o.lis</h2orates>

<!-- O2,O1,N2, CO2 Constituents for non-LTE calculations and heating rates below 200 nm -->
<cftgcm chem="waccm_mozart">atm/waccm/tgcm/waccm-bnd-P-150-20.nc</cftgcm>
<cftgcm chem="waccm_ghg"   >atm/waccm/tgcm/waccm-bnd-P-150-20-NO.nc</cftgcm>

<!-- Waccm electric field parameters -->
<efield_lflux_file chem="waccm_mozart">atm/waccm/efld/coeff_lflux.dat</efield_lflux_file>
<efield_hflux_file chem="waccm_mozart">atm/waccm/efld/coeff_hflux.dat</efield_hflux_file>
<efield_wei96_file chem="waccm_mozart">atm/waccm/efld/wei96.cofcnts</efield_wei96_file>

<!-- Waccm aurora and euv parameters -->
<euvacdat_file  chem="waccm_mozart">atm/waccm/phot/euvac.dat</euvacdat_file>
<photon_file    chem="waccm_mozart">atm/waccm/phot/photon.dat</photon_file>
<electron_file  chem="waccm_mozart">atm/waccm/phot/electron.dat</electron_file>
<woods_etf_file chem="waccm_mozart">atm/waccm/phot/woods.nc</woods_etf_file>
<neckel_file    chem="waccm_mozart">atm/waccm/phot/neckel.flx</neckel_file>
<euvac_file     chem="waccm_mozart">atm/waccm/phot/euvac.nc</euvac_file>

<!-- Waccm solar variability parameters -->
<solar_parms_file phys="waccm">atm/waccm/phot/wasolar.nc</solar_parms_file>

<!-- Airplane emissions -->
<airpl_emis_file chem="waccm_mozart">atm/waccm/emis/emis.air.nc</airpl_emis_file>
<airpl_emis_file chem="trop_mozart" >atm/cam/chem/trop_mozart/emis/emissions.aircraft.T42LR.nc</airpl_emis_file>

<!-- NOx emissions -->
<nox_emis_file chem="waccm_mozart">atm/waccm/emis/emis.nox.nc</nox_emis_file>

<!-- CO emissions -->
<co_emis_file chem="waccm_mozart">atm/waccm/emis/emis.co.nc</co_emis_file>

<!-- CH2O emissions -->
<ch2o_emis_file chem="waccm_mozart">atm/waccm/emis/emis.ch2o.nc</ch2o_emis_file>

<!-- Trop chem emissions -->
<acetone_emis_file chem="trop_mozart">atm/cam/chem/trop_mozart/emis/emissions.CH3COCH3.surface.T42LR.nc</acetone_emis_file>
<bigalk_emis_file  chem="trop_mozart">atm/cam/chem/trop_mozart/emis/emissions.BIGALK.surface.T42LR.nc</bigalk_emis_file>
<bigene_emis_file  chem="trop_mozart">atm/cam/chem/trop_mozart/emis/emissions.BIGENE.surface.T42LR.nc</bigene_emis_file>
<c10h16_emis_file  chem="trop_mozart">atm/cam/chem/trop_mozart/emis/emissions.C10H16.surface.T42LR.nc</c10h16_emis_file>
<c2h4_emis_file    chem="trop_mozart">atm/cam/chem/trop_mozart/emis/emissions.C2H4.surface.T42LR.nc</c2h4_emis_file>
<c2h5oh_emis_file  chem="trop_mozart">atm/cam/chem/trop_mozart/emis/emissions.C2H5OH.surface.T42LR.nc</c2h5oh_emis_file>
<c2h6_emis_file    chem="trop_mozart">atm/cam/chem/trop_mozart/emis/emissions.C2H6.surface.T42LR.nc</c2h6_emis_file>
<c3h6_emis_file    chem="trop_mozart">atm/cam/chem/trop_mozart/emis/emissions.C3H6.surface.T42LR.nc</c3h6_emis_file>
<c3h8_emis_file	   chem="trop_mozart">atm/cam/chem/trop_mozart/emis/emissions.C3H8.surface.T42LR.nc</c3h8_emis_file>
<cb1_emis_file	   chem="trop_mozart">atm/cam/chem/trop_mozart/emis/emissions.CB1.surface.T42LR.nc</cb1_emis_file>
<ch2o_emis_file	   chem="trop_mozart">atm/cam/chem/trop_mozart/emis/emissions.CH2O.surface.T42LR.nc</ch2o_emis_file>
<ch3cho_emis_file  chem="trop_mozart">atm/cam/chem/trop_mozart/emis/emissions.CH3CHO.surface.T42LR.nc</ch3cho_emis_file>
<ch3oh_emis_file   chem="trop_mozart">atm/cam/chem/trop_mozart/emis/emissions.CH3OH.surface.T42LR.nc</ch3oh_emis_file>
<ch4_emis_file     chem="trop_mozart">atm/cam/chem/trop_mozart/emis/emissions.CH4.surface.T42LR.nc</ch4_emis_file>
<co_emis_file      chem="trop_mozart">atm/cam/chem/trop_mozart/emis/emissions.CO.surface.T42LR.nc</co_emis_file>
<dms_emis_file     chem="trop_mozart">atm/cam/chem/trop_mozart/emis/emissions.DMS.surface.T42LR.nc</dms_emis_file>
<h2_emis_file      chem="trop_mozart">atm/cam/chem/trop_mozart/emis/emissions.H2.surface.T42LR.nc</h2_emis_file>
<isop_emis_file    chem="trop_mozart">atm/cam/chem/trop_mozart/emis/emissions.ISOP.surface.T42LR.nc</isop_emis_file>
<mek_emis_file     chem="trop_mozart">atm/cam/chem/trop_mozart/emis/emissions.MEK.surface.T42LR.nc</mek_emis_file>
<n2o_emis_file     chem="trop_mozart">atm/cam/chem/trop_mozart/emis/emissions.N2O.surface.T42LR.nc</n2o_emis_file>
<nh3_emis_file     chem="trop_mozart">atm/cam/chem/trop_mozart/emis/emissions.NH3.surface.T42LR.nc</nh3_emis_file>
<nox_emis_file     chem="trop_mozart">atm/cam/chem/trop_mozart/emis/emissions.NO.surface.T42LR.nc</nox_emis_file>
<oc1_emis_file     chem="trop_mozart">atm/cam/chem/trop_mozart/emis/emissions.OC1.surface.T42LR.nc</oc1_emis_file>
<so2_emis_file     chem="trop_mozart">atm/cam/chem/trop_mozart/emis/emissions.SO2.surface.T42LR.nc</so2_emis_file>
<toluene_emis_file chem="trop_mozart">atm/cam/chem/trop_mozart/emis/emissions.TOLUENE.surface.T42LR.nc</toluene_emis_file>

<!-- trop_mozart_aero emissions -->
<dms_emis_file	   chem="trop_mozart_aero">atm/cam/chem/trop_mozart_aero/emis/DMS_emissions_1.9x2.5_1850-2000_surface_c070320.nc</dms_emis_file>
<cb1_emis_file	   chem="trop_mozart_aero">atm/cam/chem/trop_mozart_aero/emis/emissions_CB1_1.9x2.5_1870-2000_c070405.nc</cb1_emis_file>
<oc1_emis_file	   chem="trop_mozart_aero">atm/cam/chem/trop_mozart_aero/emis/emissions_OC1_1.9x2.5_1870-2000_c070405.nc</oc1_emis_file>
<so2_emis_file	   chem="trop_mozart_aero">atm/cam/chem/trop_mozart_aero/emis/SO2_emissions_1.9x2.5_1850-2000_surface_c070330.nc</so2_emis_file>
<so4_emis_file	   chem="trop_mozart_aero">atm/cam/chem/trop_mozart_aero/emis/SO4_emissions_1.9x2.5_1850-2000_surface_c070330.nc</so4_emis_file>
<so2_vrt_emis_file chem="trop_mozart_aero">atm/cam/chem/trop_mozart_aero/emis/SO2_vrt_emis_1.9x2.5_1850-2000_c070330.nc</so2_vrt_emis_file>
<so4_vrt_emis_file chem="trop_mozart_aero">atm/cam/chem/trop_mozart_aero/emis/SO4_vrt_emis_1.9x2.5_1850-2000_c070330.nc</so4_vrt_emis_file>
<tracer_cnst_file     res="1.9x2.5" ver="fixed_ox">oxid_1.9x2.5_tzyx_1870-1879_c070321.nc</tracer_cnst_file>
<tracer_cnst_filelist res="1.9x2.5" ver="fixed_ox">oxid_1.9x2.5_list_c070321.txt</tracer_cnst_filelist>
<tracer_cnst_datapath                 ver="fixed_ox">atm/cam/chem/trop_mozart_aero/oxid</tracer_cnst_datapath>

<!-- trop_mozart_prescribed_aero  -->
<tracer_cnst_file     ver="paero">aero_1.9x2.5_L26_1870clim_c070529.nc</tracer_cnst_file>
<tracer_cnst_filelist ver="paero">aero_1.9x2.5_L26_list_c070514.txt</tracer_cnst_filelist>
<tracer_cnst_datapath ver="paero">atm/cam/chem/trop_mozart_aero/aero</tracer_cnst_datapath>

<!-- SAD data -->
<sad_file res="1.9x2.5" chem="waccm_mozart" >atm/waccm/sulf/SAD_SAGE_1.9x2.5.c050627.nc</sad_file>
<sad_file res="2x2.5"   chem="waccm_mozart" >atm/waccm/sulf/SAD_SAGE_2x2.5.c050621.nc</sad_file>
<sad_file res="4x5"     chem="waccm_mozart" >atm/waccm/sulf/SAD_SAGE_4x5.c050325.nc</sad_file>
<sad_file res="10x15"   chem="waccm_mozart" >atm/waccm/sulf/SAD_SAGE_10x15.c050325.nc</sad_file>
<sad_file                 chem="trop_mozart"  >atm/cam/chem/trop_mozart/sulf/SAD_GS2D_1950-2005_L66.nc</sad_file>

<!-- lightning data -->
<lght_landmask_file chem="trop_mozart">atm/cam/chem/trop_mozart/surf/lightning_landmask.nc</lght_landmask_file>

<!-- sulfate data -->
<sulf_file chem="waccm_mozart">atm/waccm/sulf/sulfate.M1.nc</sulf_file>
<sulf_file chem="trop_mozart" >atm/waccm/sulf/sulfate.M1.nc</sulf_file>

<!-- depvel data -->
<depvel_file     chem="waccm_mozart">atm/waccm/dvel/depvel_monthly.nc</depvel_file>
<depvel_file     chem="trop_mozart" >atm/cam/chem/trop_mozart/dvel/depvel_monthly.nc</depvel_file>
<depvel_lnd_file chem="trop_mozart" >atm/cam/chem/trop_mozart/dvel/regrid_vegetation.nc</depvel_lnd_file>
<clim_soilw_file chem="trop_mozart" >atm/cam/chem/trop_mozart/dvel/clim_soilw.nc</clim_soilw_file>
<season_wes_file chem="trop_mozart" >atm/cam/chem/trop_mozart/dvel/season_wes.nc</season_wes_file>
<depvel_file     chem="trop_mozart_aero" >atm/cam/chem/trop_mozart/dvel/depvel_monthly.nc</depvel_file>
<depvel_lnd_file chem="trop_mozart_aero" >atm/cam/chem/trop_mozart/dvel/regrid_vegetation.nc</depvel_lnd_file>
<clim_soilw_file chem="trop_mozart_aero" >atm/cam/chem/trop_mozart/dvel/clim_soilw.nc</clim_soilw_file>
<season_wes_file chem="trop_mozart_aero" >atm/cam/chem/trop_mozart/dvel/season_wes.nc</season_wes_file>

<!-- Cross section coefficients -->
<xs_coef_file chem="waccm_mozart">atm/waccm/phot/effxstex.txt</xs_coef_file>
<xs_coef_file chem="trop_mozart" >atm/waccm/phot/effxstex.txt</xs_coef_file>

<!-- Cross sections < 200nm -->
<xs_short_file chem="waccm_mozart">atm/waccm/phot/xs_short.v050316.nc</xs_short_file>
<xs_short_file chem="trop_mozart" >atm/waccm/phot/xs_short.nc</xs_short_file>

<!-- Cross sections > 200nm -->
<xs_long_file chem="waccm_mozart">atm/waccm/phot/temp_prs_GT200nm.nc</xs_long_file>
<xs_long_file chem="trop_mozart" >atm/waccm/phot/temp_prs_GT200nm_v1.7.nc</xs_long_file>

<!-- Radiative source function -->
<rsf_file chem="waccm_mozart">atm/waccm/phot/RSF_GT200nm.v050316.nc</rsf_file>
<rsf_file chem="trop_mozart" >atm/waccm/phot/RSF_GT200nm_v1.9_atm1.nc</rsf_file>
<photopath chem="trop_mozart">atm/cam/chem/trop_mozart/phot/</photopath>


<!-- Upper boundary conditions -->
<tgcm_ubc_file chem="waccm_mozart">atm/waccm/ub/tgcm_ubc.nc</tgcm_ubc_file>
<snoe_ubc_file chem="waccm_mozart">atm/waccm/ub/snoe_eof.nc</snoe_ubc_file>

<!-- Boundary data for Tropopheric Chemistry -->
<trop_pause_file  chem="trop_mozart">atm/cam/chem/trop_mozart/ub/clim_p_trop.nc</trop_pause_file>
<trop_pause_file  chem="trop_mozart_aero">atm/cam/chem/trop_mozart/ub/clim_p_trop.nc</trop_pause_file>
<fstrat_file      chem="trop_mozart">atm/cam/chem/trop_mozart/ub/ub_vals_moz3.nc</fstrat_file>

<!-- Fossil fuel carbon aerosol surface emissions-->
  <!-- standard 4 species carbon --> 
<caer_emis          res="64x128"  >atm/cam/rad/carbon_penner_cooke_doubled_64x128_c021120.nc</caer_emis>
<caer_emis          res="32x64"   >atm/cam/rad/carbon_penner_cooke_doubled_32x64_c021120.nc</caer_emis>
<caer_emis dyn="fv" res="4x5"     >atm/cam/rad/carbon_penner_cooke_doubled_4x5_c021120.nc</caer_emis>
  <!-- 'alternative' 16 species carbon from Tami Bond. --> 
<caer_emis          res="64x128" nspecies="16" >atm/cam/rad/ftbc-btbc-oct03-64x128_c050929.nc</caer_emis>


<!-- soil erodibility factors (not currently implemented) -->
<soil_erod          res="8x16"    >atm/cam/dst/dst_8x16_c060901.nc</soil_erod>
<soil_erod          res="32x64"   >atm/cam/dst/dst_32x64_c060901.nc</soil_erod>
<soil_erod          res="48x96"   >atm/cam/dst/dst_48x96_c060901.nc</soil_erod>
<soil_erod          res="64x128"  >atm/cam/dst/dst_64x128_c060901.nc</soil_erod>
<soil_erod          res="128x256" >atm/cam/dst/dst_128x256_c060901.nc</soil_erod>
<soil_erod dyn="fv" res="10x15"   >atm/cam/dst/dst_10x15_c060901.nc</soil_erod>
<soil_erod dyn="fv" res="4x5"     >atm/cam/dst/dst_4x5_c060901.nc</soil_erod>
<soil_erod dyn="fv" res="2x2.5"   >atm/cam/dst/dst_2x2.5_c060901.nc</soil_erod>
<soil_erod dyn="fv" res="1.9x2.5" >atm/cam/dst/dst_1.9x2.5_c060901.nc</soil_erod>
<soil_erod dyn="fv" res="1x1.25"  >atm/cam/dst/dst_1x1.25_c060901.nc</soil_erod>

<!-- iop dataset for SCAM mode -->
<iopfile dyn="eul">atm/cam/scam/iop/ARM95_4scam.nc</iopfile>

<!-- physics loadbalance -->
<phys_loadbalance dyn="se">-1</phys_loadbalance>

<!-- ================================================================== -->
<!-- Defaults for SE                                                    -->
<!-- ================================================================== -->

<nthreads> 1 </nthreads>
<partmethod> 4 </partmethod>
<topology> "cube" </topology>
<statefreq> 60 </statefreq>
<accumfreq> -1 </accumfreq>
<accumstart> 200 </accumstart>
<accumstop> 1200 </accumstop>
<integration> "explicit" </integration>
<smooth> 0.05 </smooth>
<nu> 7.0e5 </nu>
<se_nsplit> 6 </se_nsplit>
<filter_type> "taylor" </filter_type>
<transfer_type> "bv"   </transfer_type>
<filter_freq> 0        </filter_freq>
<filter_mu> 0.20D0     </filter_mu>
<p_bv> 12.0D0          </p_bv>
<s_bv> .666666666666666666D0 </s_bv>
<wght_fm> 0.10D0             </wght_fm>
<kcut_fm> 2                  </kcut_fm>

<!-- ================================================================== -->
<!-- Defaults for ccsm_inparm                                           -->
<!-- ================================================================== -->

<!-- Case name -->
<case_name>camrun</case_name>

<!-- Run-type of simulation -->
<start_type>startup</start_type>

<!-- ================================================================== -->
<!-- Defaults for timemgr_inparm                                        -->
<!-- ================================================================== -->

<!-- Length of run -->
<stop_option>ndays</stop_option>
<stop_n>1</stop_n>

<!-- Length of time for restarts -->
<restart_option>'monthly'</restart_option>

<!-- Starting date.  These match the ic_ymd attributes of the ncdata files -->
<!-- in DefaultCAM_INPARM_Namelist.xml.  Note that only dates that are     -->
<!-- different from 901 are specified; 901 is the "default default".       -->
<start_ymd res="256x512"   nlev="26"              >101</start_ymd>
<start_ymd res="64x128"    nlev="26"   ocn="som"  >101</start_ymd>

<start_ymd res="0.5x0.625" nlev="26"   chem=""    >1001</start_ymd>
<start_ymd res="4x5"       nlev="26"   chem=""    >10101</start_ymd>
<start_ymd res="10x15"     nlev="26"   chem=""    >101</start_ymd>

<start_ymd res="0.9x1.25"  nlev="66"              >20000201</start_ymd>
<start_ymd res="0.9x1.25"  nlev="103"             >20000201</start_ymd>
<start_ymd res="1.9x2.5"   nlev="66"              >20000701</start_ymd>
<start_ymd res="1.9x2.5"   nlev="103"             >20000501</start_ymd>
<start_ymd res="2x2.5"     nlev="66"              >20000101</start_ymd>
<start_ymd res="4x5"       nlev="66"              >19600101</start_ymd>
<start_ymd res="10x15"     nlev="66"              >20000101</start_ymd>

<start_ymd res="ne5np8"    nlev="26"              >101</start_ymd>

<start_ymd>901</start_ymd>

<!-- Orbit -->
<orb_iyear_ad >1990</orb_iyear_ad>

<ocean_tight_coupling >.true.</ocean_tight_coupling>

<!-- ================================================================== -->
<!-- Defaults for camexp which provides backwards compatibility for the -->
<!-- CAM specific surface models DOM, SOM, and CSIM4                    -->
<!-- ================================================================== -->

<!-- SST datasets used with SOM/CSIM4 -->
<bndtvs res="64x128" ocn="som" >atm/cam/sst/sst_HadOIBl_bc_64x128_clim_SOM_c021214.nc</bndtvs>
<bndtvs res="32x64"  ocn="som" >atm/cam/sst/sst_HadOIBl_bc_32x64_clim_c030228.nc</bndtvs>
<bndtvs res="8x16"   ocn="som" >atm/cam/sst/sst_HadOIBl_bc_8x16_clim_c030107.nc</bndtvs>

<bndtvs res="4x5"    ocn="som" >atm/cam/sst/sst_HadOIBl_bc_4x5_clim_c030228.nc</bndtvs>
<bndtvs res="10x15"  ocn="som" >atm/cam/sst/sst_HadOIBl_bc_10x15_clim_c030303.nc</bndtvs>

<!-- SST datasets used with DOM/CSIM4 -->
<bndtvs res="256x512"  >atm/cam/sst/sst_HadOIBl_bc_256x512_clim_c031031.nc</bndtvs>
<bndtvs res="128x256"  >atm/cam/sst/sst_HadOIBl_bc_128x256_clim_c050526.nc</bndtvs>
<bndtvs res="64x128"   >atm/cam/sst/sst_HadOIBl_bc_64x128_clim_c050526.nc</bndtvs>
<bndtvs res="48x96"    >atm/cam/sst/sst_HadOIBl_bc_48x96_clim_c050526.nc</bndtvs>
<bndtvs res="32x64"    >atm/cam/sst/sst_HadOIBl_bc_32x64_clim_c030228.nc</bndtvs>
<bndtvs res="8x16"     >atm/cam/sst/sst_HadOIBl_bc_8x16_clim_c050526.nc</bndtvs>

<bndtvs res="0.23x0.31">atm/cam/sst/sst_HadOIBl_bc_0.23x0.31_clim_c061106.nc</bndtvs>
<bndtvs res="0.47x0.63">atm/cam/sst/sst_HadOIBl_bc_0.47x0.63_clim_c061106.nc</bndtvs>
<bndtvs res="0.5x0.625">atm/cam/sst/sst_HadOIBl_bc_0.5x0.625_1949_2001_c040402.nc</bndtvs>
<bndtvs res="0.9x1.25" >atm/cam/sst/sst_HadOIBl_bc_0.9x1.25_clim_c040926.nc</bndtvs>
<bndtvs res="1x1.25"   >atm/cam/sst/sst_HadOIBl_bc_1x1.25_clim_c021210.nc</bndtvs>
<bndtvs res="1.9x2.5"  >atm/cam/sst/sst_HadOIBl_bc_1.9x2.5_clim_c061031.nc</bndtvs>
<bndtvs res="2x2.5"    >atm/cam/sst/sst_HadOIBl_bc_2x2.5_clim_c020531.nc</bndtvs>
<bndtvs res="4x5"      >atm/cam/sst/sst_HadOIBl_bc_4x5_clim_c061031.nc</bndtvs>
<bndtvs res="10x15"    >atm/cam/sst/sst_HadOIBl_bc_10x15_clim_c050526.nc</bndtvs>

<!-- Ocean domain files for DOM/SOM/CSIM4 -->
<focndomain res="128x256" >atm/cam/ocnfrac/domain.camocn.128x256_USGS_070807.nc</focndomain>
<focndomain res="64x128"  >atm/cam/ocnfrac/domain.camocn.64x128_USGS_070807.nc</focndomain>
<focndomain res="48x96"   >atm/cam/ocnfrac/domain.camocn.48x96_USGS_070807.nc</focndomain>
<focndomain res="32x64"   >atm/cam/ocnfrac/domain.camocn.32x64_USGS_070807.nc</focndomain>
<focndomain res="8x16"    >atm/cam/ocnfrac/domain.camocn.8x16_USGS_070807.nc</focndomain>

<focndomain res="0.23x0.31" >atm/cam/ocnfrac/domain.camocn.0.23x0.31_USGS_071008.nc</focndomain>
<focndomain res="0.47x0.63" >atm/cam/ocnfrac/domain.camocn.0.47x0.63_USGS_071008.nc</focndomain>
<focndomain res="0.9x1.25"  >atm/cam/ocnfrac/domain.camocn.0.9x1.25_gx1v5_071008.nc</focndomain>
<focndomain res="1x1.25"    >atm/cam/ocnfrac/domain.camocn.1x1.25_USGS_070807.nc</focndomain>
<focndomain res="1.9x2.5"   >atm/cam/ocnfrac/domain.camocn.1.9x2.5_gx1v5_070816.nc</focndomain>
<focndomain res="2x2.5"     >atm/cam/ocnfrac/domain.camocn.2x2.5_USGS_070807.nc</focndomain>
<focndomain res="4x5"       >atm/cam/ocnfrac/domain.camocn.4x5_USGS_070807.nc</focndomain>
<focndomain res="10x15"     >atm/cam/ocnfrac/domain.camocn.10x15_USGS_070807.nc</focndomain>


</namelist_defaults>
