<?xml version="1.0"?>

<?xml-stylesheet type="text/xsl" href="namelist_defaults.xsl"?>

<namelist_defaults>

<!--
Values to use by default for creation of CLM model driver namelists.
The element names are the same as the corresponding namelist
variables.  Values that depend on the model configuration use
attributes to express the dependency.  The recognized attributes
are: RESOLUTION, defaults, mask, ic_ymd, ic_tod, sim_year and all configuration
attributes from the config_cache.xml file (with keys converted to upper-case).
-->

<!-- Defaults for drydep_inparm namelist  -->

<drydep_list>'O3','NO2','HNO3','NO','HO2NO2','CH3OOH','CH2O','CO','H2O2','CH3COOOH','PAN','MPAN','C2H5OOH','ONIT','POOH','C3H7OOH','ROOH','CH3COCHO','CH3COCH3','Pb','ONITR','MACROOH','XOOH','ISOPOOH','CH3OH','C2H5OH','CH3CHO','GLYALD','HYAC','HYDRALD','ALKOOH','MEKOOH','TOLOOH','TERPOOH','CH3COOH','CB1','CB2','OC1','OC2','SOA','SO2','SO4','NH3','NH4NO3'
</drydep_list>
<drydep_method>xactive_lnd</drydep_method>

<!-- Defaults for megan_emis_nl -->

<megan_specifier>'ISOP = isoprene', 'C10H16 = pinene_a + carene_3 + thujene_a', 'CH3OH = methanol', 'C2H5OH = ethanol', 'CH2O = formaldehyde', 'CH3CHO = acetaldehyde', 'CH3COOH = acetic_acid', 'CH3COCH3 = acetone'</megan_specifier>

<megan_factors_file>atm/cam/chem/trop_mozart/emis/megan21_emis_factors_c20120313.nc</megan_factors_file>

</namelist_defaults>
