<?xml version="1.0"?>

<?xml-stylesheet type="text/xsl" href="namelist_defaults.xsl"?>

<namelist_defaults>

<!--
Values to use by default for creation of RTM model namelists.
The element names are the same as the corresponding namelist
variables.  Values that depend on the model configuration use
attributes to express the dependency.  

The default filenames are given relative to the root directory
for the CLM data in the CESM distribution 
-->

<!-- Default rtm namelist -->

<ice_runoff lnd_grid="48x96" >.false.</ice_runoff>
<ice_runoff                  >.true.</ice_runoff>

<rtmhist_mfilt>30</rtmhist_mfilt> 
<rtmhist_nhtfrq>0</rtmhist_nhtfrq> 
<rtmhist_ndens>2</rtmhist_ndens>

<!-- RTM initial conditions -->
<finidat_rtm simyr="1850" rof_grid="r05">rof/rtm/initdata/rtmi.I1850CRUCLM45BGC.0241-01-01.R05_simyr1850_c130515.nc</finidat_rtm>
<finidat_rtm simyr="2000" rof_grid="r05">rof/rtm/initdata/rtmi.ICRUCLM45BGC.2000-01-01.R05_simyr2000_c130518.nc</finidat_rtm>

<!-- River Transport Model river routing file (relative to {csmdata}) -->

<frivinp_rtm rof_grid="r05" >lnd/clm2/rtmdata/rdirc_0.5x0.5_simyr2000_slpmxvl_c120717.nc</frivinp_rtm>
<frivinp_rtm rof_grid="r01" >lnd/clm2/rtmdata/rdirc_0.1x0.1_qian_c130115.nc</frivinp_rtm>

</namelist_defaults>
